,Target,Public.Name,UniProt,EntrezGeneID,EntrezGeneSymbol,Target2,TargetCol
134,C4b,C4b,P0C0L4  P0C0L5,720 721,C4A C4B,C4b,10
232,Coagulation Factor XI,Coagulation Factor XI,P03951,2160,F11,Coagulation.Factor.XI,11
251,CTACK,CTACK,Q9Y4X3,10850,CCL27,CTACK,12
306,Endostatin,Endostatin,P39060,80781,COL18A1,Endostatin,13
931,TIMP-1,TIMP-1,P01033,7076,TIMP1,TIMP.1,14
945,tPA,tPA,P00750,5327,PLAT,tPA,15
297,EG-VEGF,EG-VEGF,P58294,84432,PROK1,EG.VEGF,16
405,GDNF,GDNF,P39905,2668,GDNF,GDNF,17
932,TIMP-2,TIMP-2,P16035,7077,TIMP2,TIMP.2,18
848,SDF-1a,SDF-1_,P48061,6387,CXCL12,SDF.1a,19
920,TGF-b1,TGF-_1,P01137,7040,TGFB1,TGF.b1,20
988,VEGF sR3,VEGF sR3,P35916,2324,FLT4,VEGF.sR3,21
135,C5,C5,P01031,727,C5,C5,22
59,Apo E,Apo E,P02649,348,APOE,Apo.E,23
94,BDNF,BDNF,P23560,627,BDNF,BDNF,24
98,bFGF-R,bFGF-R,P11362,2260,FGFR1,bFGF.R,25
112,b-NGF,_-NGF,P01138,4803,NGF,b.NGF,26
140,C8,C8,"P07357,P07358,P07360",731 732 733,C8A C8B C8G,C8,27
177,Cathepsin G,Cathepsin G,P08311,1511,CTSG,Cathepsin.G,28
255,"CXCL16, soluble","CXCL16, soluble",Q9H2A7,58191,CXCL16,CXCL16..soluble,29
356,FGF-10,FGF-10,O15520,2255,FGF10,FGF.10,30
369,FGF-8B,FGF-8B,P55075,2253,FGF8,FGF.8B,31
412,GIIE,Group IIE phospholipase A2,Q9NZK7,30814,PLA2G2E,GIIE,32
441,GV,Group V phospholipase A2,P39877,5322,PLA2G5,GV,33
515,IL-12,IL-12,"P29459,  P29460",3592 3593,IL12A IL12B,IL.12,34
657,MIP-3a,MIP-3_,P78556,6364,CCL20,MIP.3a,35
840,SAP,SAP,P02743,325,APCS,SAP,36
845,SCF sR,SCF sR,P10721,3815,KIT,SCF.sR,37
933,TIMP-3,TIMP-3,P35625,7078,TIMP3,TIMP.3,38
970,TWEAK,TWEAK,O43508,8742,TNFSF12,TWEAK,39
142,Cadherin E,Cadherin-1,P12830,999,CDH1,Cadherin.E,40
410,GFRa-3,GFR _-3,O60609,2676,GFRA3,GFRa.3,41
320,Ephrin-B3,Ephrin-B3,Q15768,1949,EFNB3,Ephrin.B3,42
409,GFRa-2,GFR _-2,O00451,2675,GFRA2,GFRa.2,43
9,6Ckine,6Ckine,O00585,6366,CCL21,6Ckine,44
819,RANTES,RANTES,P13501,6352,CCL5,RANTES,45
464,HMG-1,HMG-1,P09429,3146,HMGB1,HMG.1,46
96,b-Endorphin,_-Endorphin,P01189,5443,POMC,b.Endorphin,47
341,Factor I,Factor I,P05156,3426,CFI,Factor.I,48
497,IGFBP-2,IGFBP-2,P18065,3485,IGFBP2,IGFBP.2,49
498,IGFBP-3,IGFBP-3,P17936,3486,IGFBP3,IGFBP.3,50
599,Leptin,Leptin,P41159,3952,LEP,Leptin,51
636,MCP-1,MCP-1,P13500,6347,CCL2,MCP.1,52
676,MMP-9,MMP-9,P14780,4318,MMP9,MMP.9,53
687,Myeloperoxidase,Myeloperoxidase,P05164,4353,MPO,Myeloperoxidase,54
789,PRL,PRL,P01236,5617,PRL,PRL,55
797,PSA,PSA,P07288,354,KLK3,PSA,56
832,ROR1,ROR1,Q01973,4919,ROR1,ROR1,57
986,VEGF,VEGF,P15692,7422,VEGFA,VEGF,58
6,4-1BB,4-1BB,Q07011,3604,TNFRSF9,4.1BB,59
7,4-1BB ligand,4-1BB ligand,P41273,8744,TNFSF9,4.1BB.ligand,60
48,Angiopoietin-2,Angiopoietin-2,O15123,285,ANGPT2,Angiopoietin.2,61
85,B7,B7,P33681,941,CD80,B7,62
188,CD30,CD30,P28908,943,TNFRSF8,CD30,63
219,CLF-1/CLC Complex,CLF-1/CLC Complex,O75462 Q9UBD9,9244 23529,CRLF1 CLCF1,CLF.1.CLC.Complex,64
257,Cystatin C,Cystatin C,P01034,1471,CST3,Cystatin.C,65
289,Dtk,Dtk,Q06418,7301,TYRO3,Dtk,66
298,eIF-5,eIF-5,P55010,1983,EIF5,eIF.5,67
318,Ephrin-A4,Ephrin-A4,P52798,1945,EFNA4,Ephrin.A4,68
319,Ephrin-A5,Ephrin-A5,P52803,1946,EFNA5,Ephrin.A5,69
328,ERBB2,ERBB2,P04626,2064,ERBB2,ERBB2,70
329,ERBB3,ERBB3,P21860,2065,ERBB3,ERBB3,71
330,ERBB4,ERBB4,Q15303,2066,ERBB4,ERBB4,72
390,GA733-1 protein,GA733-1 protein,P09758,4070,TACSTD2,GA733.1.protein,73
421,"gp130, soluble","gp130, soluble",P40189,3572,IL6ST,gp130..soluble,74
468,HO-2,Heme oxygenase 2,P30519,3163,HMOX2,HO.2,75
471,HPV E7 Type 16,HPV E7 Type 16,P03129,1489079,Human-virus,HPV.E7.Type.16,76
472,HPV E7 Type18,HPV E7 Type 18,P06788,1489089,Human-virus,HPV.E7.Type18,77
477,HSP 90a,HSP 90_,P07900,3320,HSP90AA1,HSP.90a,78
478,HSP 90b,HSP 90_,P08238,3326,HSP90AB1,HSP.90b,79
508,IL-1 R AcP,IL-1 R AcP,Q9NPH3,3556,IL1RAP,IL.1.R.AcP,80
512,IL-10 Rb,IL-10 R_,Q08334,3588,IL10RB,IL.10.Rb,81
516,IL-12 Rb1,IL-12 R_1,P42701,3594,IL12RB1,IL.12.Rb1,82
519,IL-13 Ra1,IL-13 R_1,P78552,3597,IL13RA1,IL.13.Ra1,83
540,IL-2 sRg,IL-2 sR_,P31785,3561,IL2RG,IL.2.sRg,84
592,Layilin,Layilin,Q6UX15,143903,LAYN,Layilin,85
618,Lymphotoxin b R,Lymphotoxin _ R,P36941,4055,LTBR,Lymphotoxin.b.R,86
624,Macrophage mannose receptor,Macrophage mannose receptor,P22897,4360,MRC1,Macrophage.mannose.receptor,87
640,M-CSF R,M-CSF R,P07333,1436,CSF1R,M.CSF.R,88
686,MSP R,MSP R,Q04912,4486,MST1R,MSP.R,89
733,PAFAH beta subunit,PAFAH _ subunit,P68402,5049,PAFAH1B2,PAFAH.beta.subunit,90
742,P-Cadherin,P-Cadherin,P22223,1001,CDH3,P.Cadherin,91
772,PKC-A,PKC-_,P17252,5578,PRKCA,PKC.A,92
776,PKC-Z,PKC-_,Q05513,5590,PRKCZ,PKC.Z,93
815,Rab GDP dissociation inhibitor beta,Rab GDP dissociation inhibitor _,P50395,2665,GDI2,Rab.GDP.dissociation.inhibitor.beta,94
862,sICAM-3,"ICAM-3, soluble",P32942,3385,ICAM3,sICAM.3,95
901,suPAR,suPAR,Q03405,5329,PLAUR,suPAR,96
906,tau,tau,P10636,4137,MAPT,tau,97
937,TNF sR-I,TNF sR-I,P19438,7132,TNFRSF1A,TNF.sR.I,98
957,TrkC,TrkC,Q16288,4916,NTRK3,TrkC,99
93,BCMA,BCMA,Q02223,608,TNFRSF17,BCMA,100
115,Bone proteoglycan II,Bone proteoglycan II,P07585,1634,DCN,Bone.proteoglycan.II,101
149,Calpain I,Calpain I,P07384 P04632,823 826,CAPN1 CAPNS1,Calpain.I,102
215,CK-MM,CK-MM,P06732,1158,CKM,CK.MM,103
244,Cripto,Cripto,P13385,6997,TDGF1,Cripto,104
327,ERBB1,ERBB1,P00533,1956,EGFR,ERBB1,105
457,HGF,HGF,P14210,3082,HGF,HGF,106
475,HSP 60,HSP 60,P10809,3329,HSPD1,HSP.60,107
482,iC3b,iC3b,P01024,718,C3,iC3b,108
500,IGFBP-5,IGFBP-5,P24593,3488,IGFBP5,IGFBP.5,109
501,IGFBP-6,IGFBP-6,P24592,3489,IGFBP6,IGFBP.6,110
652,MIA,MIA,Q16674,8190,MIA,MIA,111
656,MIP-1b,MIP-1_,P13236,388372,CCL4,MIP.1b,112
703,NEUREGULIN-1,NEUREGULIN-1,Q02297,3084,NRG1,NEUREGULIN.1,113
714,NPS-PLA2,Group IIA phospholipase A2,P14555,5320,PLA2G2A,NPS.PLA2,114
725,OSM,Oncostatin M,P13725,5008,OSM,OSM,115
752,PECAM-1,PECAM-1,P16284,5175,PECAM1,PECAM.1,116
757,Persephin,Persephin,O60542,5623,PSPN,Persephin,117
759,PF-4,PF-4,P02776,5196,PF4,PF.4,118
795,Protein S,Protein S,P07225,5627,PROS1,Protein.S,119
903,TACI,TACI,O14836,23495,TNFRSF13B,TACI,120
912,TECK,TECK,O15444,6370,CCL25,TECK,121
929,Thyroxine-Binding Globulin,Thyroxine-Binding Globulin,P05543,6906,SERPINA7,Thyroxine.Binding.Globulin,122
942,TNFSF18,TNFSF18,Q9UNG2,8995,TNFSF18,TNFSF18,123
223,CNTFR alpha,CNTFR _,P26992,1271,CNTFR,CNTFR.alpha,124
301,EMAP-2,EMAP-2,Q12904,9255,AIMP1,EMAP.2,125
324,EPO-R,Epo-R,P19235,2057,EPOR,EPO.R,126
401,G-CSF-R,G-CSF-R,Q99062,1441,CSF3R,G.CSF.R,127
536,IL-1F7,IL-1 F7,Q9NZH6,27178,IL1F7,IL.1F7,128
557,IL-7 Ra,IL-7 R_,P16871,3575,IL7R,IL.7.Ra,129
591,Laminin,Laminin,"P25391, P07942, P11047",284217 3912 3915,LAMA1 LAMB1  LAMC1,Laminin,130
653,MICA,MICA,Q29983,4276,MICA,MICA,131
691,NADPH-P450 Oxidoreductase,NADPH-P450 Oxidoreductase,P16435,5447,POR,NADPH.P450.Oxidoreductase,132
693,NANOG,NANOG,Q9H9S0,79923,NANOG,NANOG,133
711,NKp44,NKp44,O95944,9436,NCR2,NKp44,134
712,Noggin,Noggin,Q13253,9241,NOG,Noggin,135
713,NovH,NovH,P48745,4856,NOV,NovH,136
825,RELT,RELT,Q969Z4,84957,RELT,RELT,137
864,Siglec-6,Siglec-6,O43699,946,SIGLEC6,Siglec.6,138
865,Siglec-7,Siglec-7,Q9Y286,27036,SIGLEC7,Siglec.7,139
879,Sonic Hedgehog,Sonic Hedgehog,Q15465,6469,SHH,Sonic.Hedgehog,140
506,IgG,IgG,P10857,3500,IGHG1,IgG,141
967,TSLP R,TSLP R,Q9HC73,64109,CRLF2,TSLP.R,142
981,ULBP-3,ULBP-3,Q9BZM4,79465,ULBP3,ULBP.3,143
21,Activin A,Activin A,P08476,3624,INHBA,Activin.A,144
56,Apo A-I,Apo A-I,P02647,335,APOA1,Apo.A.I,145
83,Azurocidin,Azurocidin,P20160,566,AZU1,Azurocidin,146
106,BMP-14,BMP-14,P43026,8200,GDF5,BMP.14,147
122,C1q,C1q,P02745  P02746  P02747,712 713 714 ,C1QA C1QB  C1QC ,C1q,148
127,C3,C3,P01024,718,C3,C3,149
130,C3adesArg,C3adesArg,P01024,718,C3,C3adesArg,150
287,DRR1,DRR1,O95990,11170,FAM107A,DRR1,151
360,FGF-18,FGF-18,O76093,8817,FGF18,FGF.18,152
361,FGF-19,FGF-19,O95750,9965,FGF19,FGF.19,153
362,FGF-20,FGF-20,Q9NP95,26281,FGF20,FGF.20,154
370,FGF9,FGF-9,P31371,2254,FGF9,FGF9,155
402,GDF-11,GDF-11,O95390,10220,GDF11,GDF.11,156
455,Hemopexin,Hemopexin,P02790,3263,HPX,Hemopexin,157
463,HIV-2 Rev,HIV-2 Rev,P18093,1724716,rev,HIV.2.Rev,158
481,I-309,CCL1,P22362,6346,CCL1,I.309,159
496,IGFBP-1,IGFBP-1,P08833,3484,IGFBP1,IGFBP.1,160
511,IL-10,IL-10,P22301,3586,IL10,IL.10,161
521,IL-16,IL-16,Q14005,3603,IL16,IL.16,162
529,IL-17F,IL-17F,Q96PD4,112744,IL17F,IL.17F,163
542,IL-22,IL-22,Q9GZX6,50616,IL22,IL.22,164
588,Lactoferrin,Lactoferrin,P02788,4057,LTF,Lactoferrin,165
589,LAG-1,LAG-1,Q8NHW4,388372,CCL4L1,LAG.1,166
596,LD78-beta,LD78-_,P16619,414062,CCL3L1,LD78.beta,167
637,MCP-2,MCP-2,P80075,6355,CCL8,MCP.2,168
673,MMP-3,MMP-3,P08254,4314,MMP3,MMP.3,169
674,MMP-7,MMP-7,P09237,4316,MMP7,MMP.7,170
694,NAP-2,NAP-2,P02775,5473,PPBP,NAP.2,171
876,SOD,SOD1,P00441,6647,SOD1,SOD,172
40,"Alkaline phosphatase, bone","Alkaline phosphatase, bone",P05186,249,ALPL,Alkaline.phosphatase..bone,173
374,Fibrinogen,Fibrinogen,P02671 P02675 P02679,2243 2244 2266,FGA FGB FGG,Fibrinogen,174
57,Apo B,Apo B,P04114,338,APOB,Apo.B,175
18,ACE2,ACE-2,Q9BYF1,59272,ACE2,ACE2,176
23,Activin RIB,Activin RIB,P36896,91,ACVR1B,Activin.RIB,177
26,ADAMTS-4,ADAMTS-4,O75173,9507,ADAMTS4,ADAMTS.4,178
47,Angiopoietin-1,Angiopoietin-1,Q15389,284,ANGPT1,Angiopoietin.1,179
62,APRIL,APRIL,O75888,8741,TNFSF13,APRIL,180
69,ART,AgRP,O00253,181,AGRP,ART,181
90,BCAM,BCAM,P50895,4059,BCAM,BCAM,182
145,Cadherin-5,Cadherin-5,P33151,1003,CDH5,Cadherin.5,183
196,CD97,CD97,P48960,976,CD97,CD97,184
236,COMMD7,COMMD7,Q86VX2,149951,COMMD7,COMMD7,185
294,EDA,EDA,Q92838,1896,EDA,EDA,186
383,Fractalkine/CX3CL-1,Fractalkine/CX3CL-1,P78423,6376,CX3CL1,Fractalkine.CX3CL.1,187
444,HAI-1,HAI-1,O43278,6692,SPINT1,HAI.1,188
546,IL-27,IL-27,Q8NEV9,246778,IL27,IL.27,189
570,Kallikrein 11,Kallikrein 11,Q9UBX7,11012,KLK11,Kallikrein.11,190
573,Kallikrein 4,Kallikrein 4,Q9Y5K2,9622,KLK4,Kallikrein.4,191
577,kallikrein 8,Kallikrein 8,O60259,11202,KLK8,kallikrein.8,192
586,Ku70,Ku70,P12956,2547,XRCC6,Ku70,193
604,Lipocalin 2,Lipocalin 2,P80188,3934,LCN2,Lipocalin.2,194
648,Met,HGF R,P08581,4233,MET,Met,195
727,OX40 Ligand,OX40 Ligand,P23510,7292,TNFSF4,OX40.Ligand,196
855,sFRP-3,"FRP-3, soluble",Q92765,2487,FRZB,sFRP.3,197
861,sICAM-2,"ICAM-2, soluble",P13598,3384,ICAM2,sICAM.2,198
886,SPINT2,HAI-2,O43291,10653,SPINT2,SPINT2,199
896,sTie-1,sTie-1,P35590,7075,TIE1,sTie.1,200
976,Ubiquitin+1,Ubiquitin+1,P62988,6233,RPS27A,Ubiquitin.1,201
993,WIF-1,WIF-1,Q9Y5W5,11197,WIF1,WIF.1,202
33,AIF1,AIF-1,P55008,199,AIF1,AIF1,203
64,ARGI1,Arginase-1,P05089,383,ARG1,ARGI1,204
136,C5a,C5a,P01031,727,C5,C5a,205
205,CHK1,Chk1,O14757,1111,CHEK1,CHK1,206
331,ERK-1,MAPK3,P27361,5595,MAPK3,ERK.1,207
414,Glucocorticoid receptor,Glucocorticoid receptor,P04150,2908,NR3C1,Glucocorticoid.receptor,208
446,Hat1,Hat1,O14929,8520,HAT1,Hat1,209
452,HDAC8,HDAC8,Q9BY41,55869,HDAC8,HDAC8,210
579,Karyopherin-a2,Karyopherin-_2,P52292,3838,KPNA2,Karyopherin.a2,211
645,MEK1,MEK1,Q02750,5604,MAP2K1,MEK1,212
679,MOZ,MOZ,Q92794,7994,MYST3,MOZ,213
770,PKB,PKB,P31749,207,AKT1,PKB,214
773,PKC-B-II,PKC-_-II,P05771,5579,PRKCB,PKC.B.II,215
774,PKC-D,PKC-_,Q05655,5580,PRKCD,PKC.D,216
816,RAC1,RAC1,P63000,5879,RAC1,RAC1,217
817,RAD51,RAD51,Q06609,5888,RAD51,RAD51,218
908,TBP,TBP,P20226,6908,TBP,TBP,219
944,Topoisomerase I,Topoisomerase I,P11387,7150,TOP1,Topoisomerase.I,220
973,UBC9,UBC9,P63279,7329,UBE2I,UBC9,221
999,YES,YES,P07947,7525,YES1,YES,222
11,a1-Antichymotrypsin,_1-Antichymotrypsin,P01011,12,SERPINA3,a1.Antichymotrypsin,223
139,C7,C7,P10643,730,C7,C7,224
167,Cardiotrophin-1,Cardiotrophin-1,Q16619,1489,CTF1,Cardiotrophin.1,225
184,CCL28,CCL28,Q9NRJ3,56477,CCL28,CCL28,226
186,CD22,CD22,P20273,933,CD22,CD22,227
448,HCC-1,HCC-1,Q16627,6358,CCL14,HCC.1,228
550,IL-4,IL-4,P05112,3565,IL4,IL.4,229
654,Midkine,Midkine,P21741,4192,MDK,Midkine,230
682,MPIF-1,MPIF-1,P55773,6368,CCL23,MPIF.1,231
6941,NAP-2,NAP-2,P02775,5473,PPBP,NAP.2.1,232
744,PCNA,PCNA,P12004,5111,PCNA,PCNA,233
890,sRANKL,sRANKL,O14788,8600,TNFSF11,sRANKL,234
734,PAI-1,PAI-1,P05121,5054,SERPINE1,PAI.1,235
60,Apo E3,Apo E3,P02649,348,APOE,Apo.E3,236
61,Apo E4,Apo E4,P02649,348,APOE,Apo.E4,237
70,Artemin,Artemin,Q5T4W7,9048,ARTN,Artemin,238
263,Cytochrome c,Cytochrome c,P99999,54205,CYCS,Cytochrome.c,239
264,Cytochrome P450 3A4,Cytochrome P450 3A4,P08684,1576,CYP3A4,Cytochrome.P450.3A4,240
266,DAN,DAN,P41271,4681,NBL1,DAN,241
325,ER,ER,P03372,2099,ESR1,ER,242
339,Factor D,Factor D,P00746,1675,CFD,Factor.D,243
437,Growth hormone receptor,Growth hormone receptor,P10912,2690,GHR,Growth.hormone.receptor,244
442,GX,Group X phospholipase A2,O15496,8399,PLA2G10,GX,245
499,IGFBP-4,IGFBP-4,P22692,3487,IGFBP4,IGFBP.4,246
503,IGF-I,IGF-I,P05019,3479,IGF1,IGF.I,247
612,Luteinizing hormone,Luteinizing hormone,"P01215, P01229",1081 3972,CGA LHB,Luteinizing.hormone,248
675,MMP-8,MMP-8,P22894,4317,MMP8,MMP.8,249
706,NG36,HMTase G9a,Q96KQ7,10919,EHMT2,NG36,250
790,Properdin,Properdin,P27918,5199,CFP,Properdin,251
793,Protein C,Protein C,P04070,5624,PROC,Protein.C,252
808,PTHrP,PTHrP,P12272,5744,PTHLH,PTHrP,253
847,SCGF-beta,SCGF-_,Q9Y240,6320,CLEC11A,SCGF.beta,254
985,VCAM-1,VCAM-1,P19320,7412,VCAM1,VCAM.1,255
941,TNFSF15,TNFSF15,O95150,9966,TNFSF15,TNFSF15,256
39,ALK-1,ALK-1,P37023,94,ACVRL1,ALK.1,257
63,AREG,amphiregulin,P15514,374,AREG,AREG,258
108,BMP-7,BMP-7,P18075,655,BMP7,BMP.7,259
190,CD36 ANTIGEN,CD36 ANTIGEN,P16671,948,CD36,CD36.ANTIGEN,260
239,contactin-1,Contactin-1,Q12860,1272,CNTN1,contactin.1,261
253,CTGF,CTGF,P29279,1490,CTGF,CTGF,262
272,Desmoglein-1,Desmoglein-1,Q02413,1828,DSG1,Desmoglein.1,263
295,EDAR,EDAR,Q9UNE0,10913,EDAR,EDAR,264
303,ENA-78,ENA-78,P42830,6374,CXCL5,ENA.78,265
333,ESAM,ESAM,Q96AP7,90952,ESAM,ESAM,266
393,Galectin-4,Galectin-4,P56470,3960,LGALS4,Galectin.4,267
434,Gro-a,Gro-_,P09341,2919,CXCL1,Gro.a,268
436,Gro-g,Gro-_,P19876,2921,CXCL3,Gro.g,269
461,Histone H1.2,Histone H1.2,P16403,3006,HIST1H1C,Histone.H1.2,270
483,ICOS,ICOS,Q9Y6W8,29851,ICOS,ICOS,271
490,IFN-g,IFN-_,P01579,3458,IFNG,IFN.g,272
510,IL-1 sRI,IL-1 sRI,P14778,3554,IL1R1,IL.1.sRI,273
525,IL-17 sR,IL-17 sR,Q96F46,23765,IL17RA,IL.17.sR,274
532,IL-18 Rb,IL-18 R_,O95256,8807,IL18RAP,IL.18.Rb,275
537,IL-1Rrp2,IL-1 Rrp2,Q9HB29,8808,IL1RL2,IL.1Rrp2,276
568,JAM-B,JAM-B,P57087,58494,JAM2,JAM.B,277
569,JAM-C,JAM-C,Q9BX67,83700,JAM3,JAM.C,278
611,LSAMP,LSAMP,Q13449,4045,LSAMP,LSAMP,279
635,MBL,MBL,P11226,4153,MBL2,MBL,280
710,NKp30,NKp30,O14931,259197,NCR3,NKp30,281
750,PD-L2,PD-L2,Q9BQ51,80380,PDCD1LG2,PD.L2,282
811,PTP-1B,PTP-1B,P18031,5770,PTPN1,PTP.1B,283
866,Siglec-9,Siglec-9,Q9Y336,27180,SIGLEC9,Siglec.9,284
919,TGF-b R III,TGF-_ R III,Q03167,7049,TGFBR3,TGF.b.R.III,285
966,TSLP,TSLP,Q969D9,85480,TSLP,TSLP,286
254,CTLA-4,CTLA-4,P16410,1493,CTLA4,CTLA.4,287
13,a2-Antiplasmin,_2-Antiplasmin,P08697,5345,SERPINF2,a2.Antiplasmin,288
97,bFGF,bFGF,P09038,2247,FGF2,bFGF,289
150,Calpastatin,Calpastatin,P20810,831,CAST,Calpastatin,290
212,Ck-b-8-1,Ck-_-8-1,P55773,6368,CCL23,Ck.b.8.1,291
268,DC-SIGN,DC-SIGN,Q9NNX6,30835,CD209,DC.SIGN,292
269,DC-SIGNR,DC-SIGNR,Q9H2X3,10332,CLEC4M,DC.SIGNR,293
354,Ferritin,Ferritin,P02794 P02792,2495 2512,FTH1 FTL ,Ferritin,294
384,FSH,FSH,"P01215,  P01225",1081 2488,CGA FSHB,FSH,295
391,Galectin-2,Galectin-2,P05162,3957,LGALS2,Galectin.2,296
407,GFAP,GFAP,P14136,2670,GFAP,GFAP,297
533,IL-19,IL-19,Q9UHD0,29949,IL19,IL.19,298
535,IL-1b,IL-1_,P01584,3553,IL1B,IL.1b,299
565,I-TAC,I-TAC,O14625,6373,CXCL11,I.TAC,300
655,MIP-1a,MIP-1_,P10147,6348,CCL3,MIP.1a,301
683,MRC2,MRC2,Q9UBG0,9902,MRC2,MRC2,302
688,Myoglobin,Myoglobin,P02144,4151,MB,Myoglobin,303
724,ON,Osteonectin,P09486,6678,SPARC,ON,304
740,PARC,MIP-4,P55774,6362,CCL18,PARC,305
810,PTN,Pleiotrophin,P21246,5764,PTN,PTN,306
827,resistin,resistin,Q9HD89,56729,RETN,resistin,307
961,Trypsin,Trypsin,P07477,5644,PRSS1,Trypsin,308
991,vWF,vWF,P04275,7450,VWF,vWF,309
344,"Fas ligand, soluble","Fas ligand, soluble",P48023,356,FASLG,Fas.ligand..soluble,310
380,Flt3 ligand,Flt-3 ligand,P49771,2323,FLT3LG,Flt3.ligand,311
445,"Haptoglobin, Mixed Type","Haptoglobin, Mixed Type",P00738,3240,HP,Haptoglobin..Mixed.Type,312
551,IL-4 sR,IL-4 sR,P24394,3566,IL4R,IL.4.sR,313
709,NKG2D,NKG2D,P26718,22914,KLRK1,NKG2D,314
994,WISP-1,WISP-1,O95388,8840,WISP1,WISP.1,315
86,BAFF,BAFF,Q9Y275,10673,TNFSF13B,BAFF,316
141,C9,C9,P02748,735,C9,C9,317
175,Cathepsin B,Cathepsin B,P07858,1508,CTSB,Cathepsin.B,318
365,FGF-5,FGF-5,P12034,2250,FGF5,FGF.5,319
392,Galectin-3,Galectin-3,P17931,3958,LGALS3,Galectin.3,320
404,GDF-9,GDF-9,O60383,2661,GDF9,GDF.9,321
507,IgM,IgM,P01871,3507 3512 50802 3535,IGHM ,IgM,322
538,IL-2,IL-2,P60568,3558,IL2,IL.2,323
518,IL-13,IL-13,P35225,3596,IL13,IL.13,324
530,IL-18 BPa,IL-18 BPa,O95998,10068,IL18BP,IL.18.BPa,325
593,LBP,LBP,P18428,3929,LBP,LBP,326
231,Coagulation Factor Xa,Coagulation Factor Xa,P00742,2159,F10,Coagulation.Factor.Xa,327
780,PlGF,PLGF,P49763,5228,PGF,PlGF,328
930,TIG2,Chemerin,Q99969,5919,RARRES2,TIG2,329
979,ULBP-1,ULBP-1,Q9BZM6,80329,ULBP1,ULBP.1,330
980,ULBP-2,ULBP-2,Q9BZM5,80328,ULBP2,ULBP.2,331
996,XEDAR,XEDAR,Q9HAV5,60401,EDA2R,XEDAR,332
82,Aurora kinase A,Aurora kinase A,O14965,6790,AURKA,Aurora.kinase.A,333
271,DEAD-box protein 19B,DEAD-box protein 19B,Q9UMR2,11269,DDX19B,DEAD.box.protein.19B,334
661,MK01,MAPK1,P28482,5594,MAPK1,MK01,335
874,SMAC,SMAC/Diablo,Q9NR28,56616,DIABLO,SMAC,336
949,TRAIL R4,TRAIL R4,Q9UBN6,8793,TNFRSF10D,TRAIL.R4,337
990,VEGF-C,VEGF-C,P49767,7424,VEGFC,VEGF.C,338
844,sCD4,sCD4,P01730,920,CD4,sCD4,339
435,Gro-b,Gro-_,P19875,2920,CXCL2,Gro.b,340
539,IL-2 sRa,IL-2 sR_,P01589,3559,IL2RA,IL.2.sRa,341
938,TNF sR-II,TNF sR-II,P20333,7133,TNFRSF1B,TNF.sR.II,342
863,Siglec-3,Siglec-3,P20138,945,CD33,Siglec.3,343
27,ADAMTS-5,ADAMTS-5,Q9UNA0,11096,ADAMTS5,ADAMTS.5,344
486,IDUA,IDUA,P35475,3425,IDUA,IDUA,345
44,AMPM2,MetAP2,P50579,10988,METAP2,AMPM2,346
45,amyloid precursor protein,amyloid precursor protein,P05067,351,APP,amyloid.precursor.protein,347
68,ARSB,ARSB,P15848,411,ARSB,ARSB,348
74,ASAHL,ASAHL,Q02083,27163,NAAA,ASAHL,349
78,ATS1,ADAMTS-1,Q9UHI8,9510,ADAMTS1,ATS1,350
79,ATS13,ADAMTS-13,Q76LX8,11093,ADAMTS13,ATS13,351
163,Carbonic Anhydrase IV,Carbonic anhydrase IV,P22748,762,CA4,Carbonic.Anhydrase.IV,352
172,CATC,Cathepsin C,P53634,1075,CTSC,CATC,353
174,Cathepsin A,Cathepsin A,P10619,5476,CTSA,Cathepsin.A,354
176,Cathepsin D,Cathepsin D,P07339,1509,CTSD,Cathepsin.D,355
179,Cathepsin S,Cathepsin S,P25774,1520,CTSS,Cathepsin.S,356
191,CD39,CD39,P49961,953,ENTPD1,CD39,357
229,Coagulation Factor VII,Coagulation Factor VII,P08709,2155,F7,Coagulation.Factor.VII,358
126,C2,C2,P06681,717,C2,C2,359
245,CRIS3,CRISP-3,P54108,10321,CRISP3,CRIS3,360
309,Enterokinase,Enterokinase,P98073,5651,PRSS7,Enterokinase,361
396,GAS1,Gas1,P54826,2619,GAS1,GAS1,362
397,GASP-2,GASP-2,Q96D09,114928,GPRASP2,GASP.2,363
415,Glutamate carboxypeptidase,Glutamate carboxypeptidase,Q96KP4,55748,CNDP2,Glutamate.carboxypeptidase,364
426,GPVI,Glycoprotein VI,Q9HCN6,51206,GP6,GPVI,365
427,Granulysin,Granulysin,P22749,10578,GNLY,Granulysin,366
470,HPLN1,HAPLN1,P10915,1404,HAPLN1,HPLN1,367
484,IDE,Insulysin,P14735,3416,IDE,IDE,368
485,IDS,Iduronate 2-sulfatase,P22304,3423,IDS,IDS,369
571,kallikrein 12,Kallikrein 12,Q9UKR0,43849,KLK12,kallikrein.12,370
574,kallikrein 5,Kallikrein 5,Q9Y337,25818,KLK5,kallikrein.5,371
585,KREM2,Kremen2,Q8NCW0,79412,KREMEN2,KREM2,372
606,LKHA4,LTA-4 hydrolase,P09960,4048,LTA4H,LKHA4,373
622,LYVE1,LYVE-1,Q9Y5Y7,10894,LYVE1,LYVE1,374
633,MATN3,Matrilin-3,O15232,4148,MATN3,MATN3,375
646,MEPE,MEPE,Q9NQ76,56955,MEPE,MEPE,376
649,METAP1,MetAP 1,P53582,23173,METAP1,METAP1,377
73,ASAH2,ASAH2,Q9NR71,56624,ASAH2,ASAH2,378
708,Nidogen,Nidogen,P14543,4811,NID1,Nidogen,379
715,NRP1,NRP1,O14786,8829,NRP1,NRP1,380
767,PIGR,pIgR,P01833,5284,PIGR,PIGR,381
792,Protease nexin I,Protease nexin I,P07093,5270,SERPINE2,Protease.nexin.I,382
804,PSMA,PSMA,Q04609,2346,FOLH1,PSMA,383
828,RET,RET,P07949,5979,RET,RET,384
841,SARP-2,"FRP-1, soluble",Q8N474,6422,SFRP1,SARP.2,385
852,Semaphorin 3A,Semaphorin 3A,Q14563,10371,SEMA3A,Semaphorin.3A,386
953,TrATPase,TrATPase,P13686,54,ACP5,TrATPase,387
983,URB,URB,Q76M96,151887,CCDC80,URB,388
439,GSK-3 beta,GSK-3 _,P49841,2932,GSK3B,GSK.3.beta,389
31,Aggrecan,Aggrecan,P16112,176,ACAN,Aggrecan,390
51,ANGL3,Angptl3,Q9Y5C1,27329,ANGPTL3,ANGL3,391
100,BGH3,_IGH3,Q15582,7045,TGFBI,BGH3,392
101,BGN,Biglycan,P21810,633,BGN,BGN,393
124,C1r,C1r,P00736,715,C1R,C1r,394
165,Carbonic Anhydrase X,Carbonic anhydrase-related protein X,Q9NS85,56934,CA10,Carbonic.Anhydrase.X,395
185,CD109,CD109,Q6YHK3,135228,CD109,CD109,396
187,CD23,CD23,P06734,2208,FCER2,CD23,397
193,CD48,CD48,P09326,962,CD48,CD48,398
194,CD5L,CD5L,O43866,922,CD5L,CD5L,399
203,CFC1,Cryptic,Q9GZR3,55997,CFC1,CFC1,400
224,CNTN2,Contactin-2,Q02246,6900,CNTN2,CNTN2,401
240,Contactin-4,Contactin-4,Q8IWV2,152330,CNTN4,Contactin.4,402
241,Contactin-5,Contactin-5,O94779,53942,CNTN5,Contactin.5,403
260,CYTF,Cystatin F,O76096,8530,CST7,CYTF,404
258,Cystatin M,Cystatin M,Q15828,1474,CST6,Cystatin.M,405
262,CYTN,Cystatin SN,P01037,1469,CST1,CYTN,406
280,DLL4,DLL4,Q9NR61,54567,DLL4,DLL4,407
346,FCG2A,FC_2A,P12318,2212,FCGR2A,FCG2A,408
347,FCG2B,FC_2B,P31994,2213,FCGR2B,FCG2B,409
348,FCG3B,FC_3B,O75015,2215,FCGR3B,FCG3B,410
349,FCGR1,FC_R1,P12314,2209,FCGR1A,FCGR1,411
351,FCN2,Ficolin-2,Q15485,2220,FCN2,FCN2,412
408,GFRa-1,GFR _-1,P56159,2674,GFRA1,GFRa.1,413
423,GPC2,Glypican 2,Q8N158,221914,GPC2,GPC2,414
456,Heparin cofactor II,Heparin cofactor II,P05546,3053,SERPIND1,Heparin.cofactor.II,415
480,HTRA2,HTRA2,O43464,27429,HTRA2,HTRA2,416
502,IGFBP-7,IGFBP-7,Q16270,3490,IGFBP7,IGFBP.7,417
545,IL24,IL-24,Q13007,11009,IL24,IL24,418
607,LRIG3,LRIG3,Q6UXM1,121227,LRIG3,LRIG3,419
608,LRP8,ApoE R2,Q14114,7804,LRP8,LRP8,420
614,LY9,LY9,Q9HBG7,4063,LY9,LY9,421
632,MATN2,Matrilin-2,O00339,4147,MATN2,MATN2,422
701,Nectin-like protein 2,Nectin-like protein 2,Q9BY67,23705,CADM1 ,Nectin.like.protein.2,423
702,NET4,Netrin-4,Q9HB63,59277,NTN4,NET4,424
762,PGRP-S,PGRP-S,O75594,8993,PGLYRP1,PGRP.S,425
830,RGMB,RGM-B,Q6NW40,285704,RGMB,RGMB,426
831,RGM-C,RGM-C,Q6ZVN8,148738,HFE2,RGM.C,427
915,Testican-2,Testican-2,Q92563,9806,SPOCK2,Testican.2,428
918,TFPI,TFPI,P10646,7035,TFPI,TFPI,429
968,TSP2,Thrombospondin-2,P35442,7058,THBS2,TSP2,430
969,TSP4,Thrombospondin-4,P35443,7060,THBS4,TSP4,431
16,ABL1,ABL1,P00519,25,ABL1,ABL1,432
17,ABL2,ABL2,P42684,27,ABL2,ABL2,433
42,Aminoacylase-1,Aminoacylase-1,Q03154,95,ACY1,Aminoacylase.1,434
55,Antithrombin III,Antithrombin III,P01008,462,SERPINC1,Antithrombin.III,435
81,AURKB,Aurora B,Q96GD4,9212,AURKB,AURKB,436
88,BARK1,BARK1,P25098,156,ADRBK1,BARK1,437
104,BMP-1,BMP-1,P13497,649,BMP1,BMP.1,438
153,CAMK2A,CAMK2A,Q9UQM7,815,CAMK2A,CAMK2A,439
154,CAMK2B,CAMK2B,Q13554,816,CAMK2B,CAMK2B,440
158,Carbonic anhydrase 6,Carbonic anhydrase VI,P23280,765,CA6,Carbonic.anhydrase.6,441
164,Carbonic anhydrase VII,Carbonic anhydrase VII,P43166,766,CA7,Carbonic.anhydrase.VII,442
199,CDK2/cyclin A,CDK2/cyclin A,P24941 P20248,1017 890,CDK2 CCNA2,CDK2.cyclin.A,443
200,CDK5/p35,CDK5/p35,Q00535 Q15078,1020 1775,CDK5 CDK5R1,CDK5.p35,444
201,CDK8/cyclin C,CDK8/cyclin C,P49336 P24863,1024 892,CDK8 CCNC,CDK8.cyclin.C,445
206,Chk2,Chk2,O96017,11200,CHEK2,Chk2,446
217,CLC4K,Langerin,Q9UJ71,50489,CD207,CLC4K,447
243,CRDL1,Chordin-Like 1,Q9BU40,91851,CHRDL1,CRDL1,448
249,CSK,CSK,P41240,1445,CSK,CSK,449
180,Cathepsin V,Cathepsin V,O60911,1515,CTSL2,Cathepsin.V,450
278,Dkk-4,Dkk-4,Q9UBT3,27121,DKK4,Dkk.4,451
293,ECM1,ECM1,Q16610,1893,ECM1,ECM1,452
355,FETUB,Fetuin B,Q9UGM5,26998,FETUB,FETUB,453
430,Granzyme H,Granzyme H,P20718,2999,GZMH,Granzyme.H,454
451,HCK,HCK,P08631,3055,HCK,HCK,455
524,IL-17 RD,IL-17 RD,Q8NFM7,54756,IL17RD,IL.17.RD,456
576,Kallikrein 7,Kallikrein 7,P49862,5650,KLK7,Kallikrein.7,457
583,KPCI,PRKCI,P41743,5584,PRKCI,KPCI,458
620,LYNB,LYN B,P07948,4067,LYN,LYNB,459
735,PAK3,PAK3,O75914,5063,PAK3,PAK3,460
737,PAK7,PAK7,Q9P286,57144,PAK7,PAK7,461
743,PCI,Protein C Inhibitor,P05154,5104,SERPINA5,PCI,462
768,PIK3CA/PIK3R1,PIK3C_/PIK3R1,P42336 P27986,5290 5295,PIK3CA PIK3R1,PIK3CA.PIK3R1,463
769,PK3CG,PK3CG,P48736,5294,PIK3CG,PK3CG,464
771,PKB gamma,PKB _,Q9Y243,10000,AKT3,PKB.gamma,465
781,PLK-1,PLK-1,P53350,5347,PLK1,PLK.1,466
826,Renin,Renin,P00797,5972,REN,Renin,467
858,SHP-2,SHP-2,Q06124,5781,PTPN11,SHP.2,468
894,STAB2,Stabilin-2,Q8WWQ8,55576,STAB2,STAB2,469
907,TBK1,TBK1,Q9UHD2,29110,TBK1,TBK1,470
909,TCPTP,TCPTP,P17706,5771,PTPN2,TCPTP,471
946,TPSB2,Tryptase _-2,P20231,64499,TPSB2,TPSB2,472
947,TPSG1,Tryptase _,Q9NRR2,25823,TPSG1,TPSG1,473
977,UFC1,UFC1,Q9Y3C8,51506,UFC1,UFC1,474
37,ALCAM,ALCAM,Q13740,214,ALCAM,ALCAM,475
91,Bcl-2,Bcl-2,P10415,596,BCL2,Bcl.2,476
99,BFL1,BCL2A1,Q16548,597,BCL2A1,BFL1,477
111,BMX,BMX,P51813,660,BMX,BMX,478
117,BSP,BSP,P21815,3381,IBSP,BSP,479
120,BTK,BTK,Q06187,695,BTK,BTK,480
152,CAMK1D,CAMK1D,Q8IU85,57118,CAMK1D,CAMK1D,481
155,CAMK2D,CAMK2D,Q13557,817,CAMK2D,CAMK2D,482
166,Carbonic anhydrase XIII,Carbonic anhydrase XIII,Q8N1Q1,377677,CA13,Carbonic.anhydrase.XIII,483
189,CD30 Ligand,CD30 Ligand,P32971,944,TNFSF8,CD30.Ligand,484
198,CDK1/cyclin B,CDK1/cyclin B,P06493 P14635,983 891,CDC2 CCNB1,CDK1.cyclin.B,485
210,Chymase,Chymase,P23946,1215,CMA1,Chymase,486
314,EphA1,EphA1,P21709,2041,EPHA1,EphA1,487
315,EPHA3,EphA3,P29320,2042,EPHA3,EPHA3,488
381,FN1.3,Fibronectin FN1.3,P02751,2335,FN1,FN1.3,489
382,FN1.4,Fibronectin FN1.4,P02751,2335,FN1,FN1.4,490
379,Flt-3,Flt-3,P36888,2322,FLT3,Flt.3,491
386,FSTL3,FSTL3,O95633,10272,FSTL3,FSTL3,492
428,granzyme A,Granzyme A,P12544,3001,GZMA,granzyme.A,493
438,GSK-3 alpha,GSK-3 _,P49840,2931,GSK3A,GSK.3.alpha,494
460,HIPK3,HIPK3,Q9H422,10114,HIPK3,HIPK3,495
520,IL-15 Ra,IL-15 R_,Q13261,3601,IL15RA,IL.15.Ra,496
531,IL-18 Ra,IL-18 R_,Q13478,8809,IL18R1,IL.18.Ra,497
558,IL-8,IL-8,P10145,3576,IL8,IL.8,498
564,IR,IR,P06213,3643,INSR,IR,499
578,Kallistatin,Kallistatin,P29622,5267,SERPINA4,Kallistatin,500
575,Kallikrein 6,Kallikrein 6,Q92876,5653,KLK6,Kallikrein.6,501
594,LCK,LCK,P06239,3932,LCK,LCK,502
619,LYN,LYN A,P07948,4067,LYN,LYN,503
726,Osteoblast-specif transcr fact 2,RUNX-2 (periostrin),Q13950,860,RUNX2,Osteoblast.specif.transcr.fact.2,504
746,PDGF Rb,PDGF R_,P09619,5159,PDGFRB,PDGF.Rb,505
761,PGCB,Brevican,Q96GW7,63827,BCAN,PGCB,506
788,PRKACA,PRKA C-_,P17612,5566,PRKACA,PRKACA,507
833,RPS6KA3,RPS6K_3,P51812,6197,RPS6KA3,RPS6KA3,508
854,sE-Selectin,sE-Selectin,P16581,6401,SELE,sE.Selectin,509
898,STK16,STK16,O75716,8576,STK16,STK16,510
902,Survivin,Survivin,O15392,332,BIRC5,Survivin,511
925,Thrombopoietin Receptor,Thrombopoietin Receptor,P40238,4352,MPL,Thrombopoietin.Receptor,512
926,Thrombospondin-1,Thrombospondin-1,P07996,7057,THBS1,Thrombospondin.1,513
955,TrkA,TrkA,P04629,4914,NTRK1,TrkA,514
960,TRY3,Trypsin 3,P35030,5646,PRSS3,TRY3,515
290,DUS3,VHR,P51452,1845,DUSP3,DUS3,516
997,XPNPEP1,X-Pro aminopeptidase 1,Q9NQW7,7511,XPNPEP1,XPNPEP1,517
50,Angiotensinogen,Angiotensinogen,P01019,183,AGT,Angiotensinogen,518
84,b2-Microglobulin,_2-Microglobulin,P61769,567,B2M,b2.Microglobulin,519
95,b-ECGF,aFGF,P05230,2246,FGF1,b.ECGF,520
102,BLC,BCA-1,O43927,10563,CXCL13,BLC,521
171,Catalase,Catalase,P04040,847,CAT,Catalase,522
222,CNTF,CNTF,P26441,1270,CNTF,CNTF,523
323,Epo,Erythropoietin,P01588,2056,EPO,Epo,524
359,FGF-17,FGF-17,O60258,8822,FGF17,FGF.17,525
399,GCP-2,GCP-2,P80162,6372,CXCL6,GCP.2,526
489,IFN-aA,IFN-_A,P01563,3440,IFNA2,IFN.aA,527
522,IL-17,IL-17,Q16552,3605,IL17A,IL.17,528
526,IL-17B,IL-17B,Q9UHF5,27190,IL17B,IL.17B,529
561,Integrin a1b1,Integrin _1_1,"P56199, P05556",3672 3688,ITGA1 ITGB1 ,Integrin.a1b1,530
598,LEAP-1,Hepcidin-25,P81172,57817,HAMP,LEAP.1,531
616,Lymphotoxin a1/b2,Lymphotoxin _1/_2,"P01374, Q06643",4049 4050,LTA LTB,Lymphotoxin.a1.b2,532
617,Lymphotoxin a2/b1,Lymphotoxin _2/_1,"P01374, Q06643",4049 4050,LTA LTB,Lymphotoxin.a2.b1,533
641,MDC,MDC,O00626,6367,CCL22,MDC,534
659,MIP-5,MIP-5,Q16663,6359,CCL15,MIP.5,535
796,Proteinase-3,Proteinase-3,P24158,5657,PRTN3,Proteinase.3,536
849,SDF-1b,SDF-1_,P48061,6387,CXCL12,SDF.1b,537
904,TAFI,TAFI,Q96IY4,1361,CPB2,TAFI,538
905,TARC,TARC,Q92583,6361,CCL17,TARC,539
922,TGF-b3,TGF-_3,P10600,7043,TGFB3,TGF.b3,540
965,TSH,TSH,P01215 P01222,1081 12372,CGA TSHB,TSH,541
984,Vasoactive Intestinal Peptide,Vasoactive Intestinal Peptide,P01282,7432,VIP,Vasoactive.Intestinal.Peptide,542
192,"CD40 ligand, soluble","CD40 ligand, soluble",P29965,959,CD40LG,CD40.ligand..soluble,543
276,DKK1,Dkk-1,O94907,22943,DKK1,DKK1,544
284,dopa decarboxylase,dopa decarboxylase,P20711,1644,DDC,dopa.decarboxylase,545
28,Adiponectin,Adiponectin,Q15848,9370,ADIPOQ,Adiponectin,546
12,a1-Antitrypsin,_1-Antitrypsin,P01009,5265,SERPINA1,a1.Antitrypsin,547
14,a2-HS-Glycoprotein,_2-HS-Glycoprotein,P02765,197,AHSG,a2.HS.Glycoprotein,548
72,Arylsulfatase A,Arylsulfatase A,P15289,410,ARSA,Arylsulfatase.A,549
89,BASI,EMMPRIN,P35613,682,BSG,BASI,550
105,BMP10,BMP10,O95393,27302,BMP10,BMP10,551
125,C1s,C1s,P09871,716,C1S,C1s,552
146,Cadherin-6,Cadherin-6,P55285,1004,CDH6,Cadherin.6,553
151,CAMK1,CAMK1,Q14012,8536,CAMK1,CAMK1,554
170,Caspase-3,Caspase-3,P42574,836,CASP3,Caspase.3,555
173,CATE,Cathepsin E,P14091,1510,CTSE,CATE,556
204,Chitotriosidase-1,Chitotriosidase-1,Q13231,1118,CHIT1,Chitotriosidase.1,557
207,CHL1,CHL1,O00533,10752,CHL1,CHL1,558
218,CLC7A,Dectin-1,Q9BXN2,64581,CLEC7A,CLC7A,559
221,CNDP1,Carnosine dipeptidase 1,Q96KN2,84735,CNDP1,CNDP1,560
630,MASP3,Complement MASP3 Catalytic Domain,P48740,5648,MASP1,MASP3,561
275,Discoidin domain receptor 2,Discoidin domain receptor 2,Q16832,4921,DDR2,Discoidin.domain.receptor.2,562
277,DKK3,Dkk-3,Q9UBP4,27122,DKK3,DKK3,563
285,DPP2,DPP2,Q9UHL4,29952,DPP7,DPP2,564
307,Endothelin-converting enzyme 1,Endothelin-converting enzyme 1,P42892,1889,ECE1,Endothelin.converting.enzyme.1,565
317,EphB4,EphB4,P54760,2050,EPHB4,EphB4,566
350,FCN1,Ficolin-1,O00602,2219,FCN1,FCN1,567
418,GNS,GNS,P15586,2799,GNS,GNS,568
458,HGFA,HGF activator,Q04756,3083,HGFAC,HGFA,569
543,IL22RA1,IL-22 R_1,Q8N6P7,58985,IL22RA1,IL22RA1,570
601,LGMN,Legumain,Q99538,5641,LGMN,LGMN,571
613,LY86,MD-1,O95711,9450,LY86,LY86,572
629,Marapsin,Marapsin,Q9BQR3,83886,PRSS27,Marapsin,573
666,MMEL2,Neprilysin-2,Q495T6,79258,MMEL1,MMEL2,574
680,MP2K2,MAP2K2,P36507,5605,MAP2K2,MP2K2,575
684,MRCKB,MRCK_,Q9Y5S2,9578,CDC42BPB,MRCKB,576
700,Nectin-like protein 1,Nectin-like protein 1,Q8N126,57863,CADM3,Nectin.like.protein.1,577
707,NID2,Nidogen-2,Q14112,22795,NID2,NID2,578
720,OBCAM,OBCAM,Q14982,4978,OPCML,OBCAM,579
721,OCAD1,OCIAD1,Q9NX40,54940,OCIAD1,OCAD1,580
723,OLR1,LOX-1,P78380,4973,OLR1,OLR1,581
775,PKC-G,PKC-_,P05129,5582,PRKCG,PKC.G,582
820,RAP,LRPAP,P30533,4043,LRPAP1,RAP,583
824,RBP,RBP,P02753,5950,RBP4,RBP,584
869,SLAF5,SLAMF5,Q9UIB8,8832,CD84,SLAF5,585
870,SLIK1,SLITRK1,Q96PX8,114798,SLITRK1,SLIK1,586
877,Soggy-1,Soggy-1,Q9UK85,27120,DKKL1,Soggy.1,587
911,TEC,TEC,P42680,7006,TEC,TEC,588
935,TLR4,TLR4,O00206,7099,TLR4,TLR4,589
992,WFKN2,GASP-1,Q8TEU8,124857,WFIKKN2,WFKN2,590
987,VEGF sR2,VEGF sR2,P35968,3791,KDR,VEGF.sR2,591
109,BMPER,BMPER,Q8N8U9,168667,BMPER,BMPER,592
143,Cadherin-12,Cadherin-12,P55289,1010,CDH12,Cadherin.12,593
148,Calcineurin B a,Calcineurin B _,P63098,5534,PPP3R1,Calcineurin.B.a,594
234,COLEC12,COLEC12,Q5KU26,81035,COLEC12,COLEC12,595
237,complement factor H-related 5,complement factor H-related 5,Q9BXR6,81494,CFHR5,complement.factor.H.related.5,596
523,IL-17 RC,IL-17 RC,Q8NAC3,84818,IL17RC,IL.17.RC,597
505,IGF-II receptor,IGF-II receptor,P11717,3482,IGF2R,IGF.II.receptor,598
572,kallikrein 14,Kallikrein 14,Q9P0G3,43847,KLK14,kallikrein.14,599
625,Macrophage scavenger receptor,Macrophage scavenger receptor,P21757,4481,MSR1,Macrophage.scavenger.receptor,600
651,MFRP,MFRP,Q9BY79,114902,MFRP,MFRP,601
914,Testican-1,Testican-1,Q08629,6695,SPOCK1,Testican.1,602
5061,IgG,IgG,P10857,3500,IGHG1,IgG.1,603
36,Albumin,Albumin,P02768,213,ALB,Albumin,604
15,a2-Macroglobulin,_2-Macroglobulin,P01023,2,A2M,a2.Macroglobulin,605
41,ALT,ALT,P24298,2875,GPT,ALT,606
49,Angiostatin,Angiostatin,P00747,5340,PLG,Angiostatin,607
87,BAFF Receptor,BAFF Receptor,Q96RJ3,115650,TNFRSF13C,BAFF.Receptor,608
214,CK-MB,CK-MB,P12277 P06732,1152 1158,CKB CKM ,CK.MB,609
491,IFN-g R1,IFN-_ R1,P15260,3459,IFNGR1,IFN.g.R1,610
728,p27Kip1,p27Kip1,P46527,1027,CDKN1B,p27Kip1,611
939,TNF-a,TNF-_,P01375,7124,TNF,TNF.a,612
113,BNP-32,BNP-32,P16860,4879,NPPB,BNP.32,613
398,Gastrin-releasing peptide,Gastrin-releasing peptide,P07492,2922,GRP,Gastrin.releasing.peptide,614
807,PTH,PTH,P01270,5741,PTH,PTH,615
814,PYY,Peptide YY,P10082,5697,PYY,PYY,616
851,Secretin,Secretin,P09683,6343,SCT,Secretin,617
878,Somatostatin-28,Somatostatin-28,P61278,6750,SST,Somatostatin.28,618
943,TNR4,TNR4,P43489,7293,TNFRSF4,TNR4,619
107,BMP-6,BMP-6,P22004,654,BMP6,BMP.6,620
178,Cathepsin H,Cathepsin H,P09668,1512,CTSH,Cathepsin.H,621
248,CSF-1,M-CSF,P09603,1435,CSF1,CSF.1,622
425,gpIIbIIIa,GPIIbIIIa,P08514 P05106,3674  3690,ITGA2B ITGB3,gpIIbIIIa,623
552,IL-5,IL-5,P05113,3567,IL5,IL.5,624
668,MMP-10,MMP-10,P09238,4319,MMP10,MMP.10,625
195,CD70,CD70,P32970,970,CD70,CD70,626
20,Activated Protein C,Activated Protein C,P04070,5624,PROC,Activated.Protein.C,627
2010,Activated Protein C,Activated Protein C,P04070,5624,PROC,Activated.Protein.C.1,628
242,COX-2,COX-2,P35354,5743,PTGS2,COX.2,629
900,STX1a,Syntaxin 1A,Q16623,6804,STX1A,STX1a,630
897,sTie-2,sTie-2,Q02763,7010,TEK,sTie.2,631
24,ADAM 9,ADAM 9,Q13443,8754,ADAM9,ADAM.9,632
52,ANGL4,Angplt4,Q9BY76,51129,ANGPTL4,ANGL4,633
144,Cadherin-2,Cadherin-2,P19022,1000,CDH2,Cadherin.2,634
159,Carbonic anhydrase 9,Carbonic anhydrase IX,Q16790,768,CA9,Carbonic.anhydrase.9,635
162,Carbonic anhydrase III,Carbonic anhydrase III,P07451,761,CA3,Carbonic.anhydrase.III,636
213,CK-BB,CK-BB,P12277,1152,CKB,CK.BB,637
250,CSK21,CSK21,P68400,1457,CSNK2A1,CSK21,638
259,CYTD,Cystatin D,P28325,1473,CST5,CYTD,639
282,DMP1,DMP1,Q13316,1758,DMP1,DMP1,640
304,Endocan,Endocan,Q9NQ30,11082,ESM1,Endocan,641
316,EphA5,EphA5,P54756,2044,EPHA5,EphA5,642
363,FGF23,FGF-23,Q9GZV9,8074,FGF23,FGF23,643
371,FGFR-2,FGFR-2,P21802,2263,FGFR2,FGFR.2,644
372,FGFR-3,FGFR-3,P22607,2261,FGFR3,FGFR.3,645
373,FGR,FGR,P09769,2268,FGR,FGR,646
377,Ficolin-3,Ficolin-3,O75636,8547,FCN3,Ficolin.3,647
389,FYN,FYN,P06241,2534,FYN,FYN,648
514,IL-11 RA,IL-11 R_,Q14626,3590,IL11RA,IL.11.RA,649
517,IL-12 RB2,IL-12 R_2,Q99665,3595,IL12RB2,IL.12.RB2,650
584,KPCT,PRKCQ,Q04759,5588,PRKCQ,KPCT,651
627,MAPK2,MAPKAPK2,P49137,9261,MAPKAPK2,MAPK2,652
628,MAPKAPK3,MAPKAPK3,Q16644,7867,MAPKAPK3,MAPKAPK3,653
631,MATK,MATK,P42679,4145,MATK,MATK,654
662,MK08,MAPK8,P45983,5599,MAPK8,MK08,655
736,PAK6,PAK6,Q9NQU5,56924,PAK6,PAK6,656
749,PDGF-CC,PDGF-CC,Q9NRA1,56034,PDGFC,PDGF.CC,657
806,pTEN,pTEN,P60484,5728,PTEN,pTEN,658
809,PTK6,PTK6,Q13882,5753,PTK6,PTK6,659
829,RGMA,RGM-A,Q96B86,56963,RGMA,RGMA,660
891,SRCN1,SRCN1,P12931,6714,SRC,SRCN1,661
934,TLR2,TLR2,O60603,7097,TLR2,TLR2,662
978,UFM1,UFM1,P61960,51569,UFM1,UFM1,663
1001,ZAP70,ZAP70,P43403,7535,ZAP70,ZAP70,664
34,AIP,AIP,O00170,9049,AIP,AIP,665
38,aldolase A,aldolase A,P04075,226,ALDOA,aldolase.A,666
256,Cyclophilin A,Cyclophilin A,P62937,5478,PPIA,Cyclophilin.A,667
281,DLRB1,DLRB1,Q9NP97,83658,DYNLRB1,DLRB1,668
335,ETHE1,ETHE1,O95571,23474,ETHE1,ETHE1,669
395,"GAPDH, liver",GAPDH,P04406,2597,GAPDH,GAPDH..liver,670
474,HSP 40,HSP 40,P25685,3337,DNAJB1,HSP.40,671
642,MDHC,MDHC,P40925,4190,MDH1,MDHC,672
690,NACA,NAC_,Q13765,4666,NACA,NACA,673
754,Peroxiredoxin-1,Peroxiredoxin-1,Q06830,5052,PRDX1,Peroxiredoxin.1,674
784,PPAC,PPAC,P24666,52,ACP1,PPAC,675
798,PSA1,Proteasome subunit _1,P25786,5682,PSMA1,PSA1,676
800,PSA6,Proteasome subunit _6,P60900,5687,PSMA6,PSA6,677
835,RS3A,RS3A,P61247,6189,RPS3A,RS3A,678
836,RS7,RS7,P62081,6201,RPS7,RS7,679
837,RSK-like protein kinase,RSK-like protein kinase,O75582,9252,RPS6KA5,RSK.like.protein.kinase,680
842,SBDS,SBDS,Q9Y3A5,51119,SBDS,SBDS,681
850,SE6L2,SEZ6L2,Q6UXD5,26470,SEZ6L2,SE6L2,682
856,SGTA,SGT_,O43765,6449,SGTA,SGTA,683
899,Stress-induced-phosphoprotein 1,Stress-induced-phosphoprotein 1,P31948,10963,STIP1,Stress.induced.phosphoprotein.1,684
910,TCTP,Fortilin,P13693,7178,TPT1,TCTP,685
936,TMA,Thyroid peroxidase,P07202,7173,TPO,TMA,686
972,UB2L3,UB2L3,P68036,7332,UBE2L3,UB2L3,687
65,ARI3A,ARID3A,Q99856,1820,ARID3A,ARI3A,688
75,ASGR1,ASGPR1,P07306,432,ASGR1,ASGR1,689
156,CaMKK alpha,CaMKK _,Q8N5S9,84254,CAMKK1,CaMKK.alpha,690
197,CDC37,CDC37,Q16543,11140,CDC37,CDC37,691
279,DLC8,DLC8,P63167,8655,DYNLL1,DLC8,692
296,EF-1-beta,EF-1-_,P24534,1933,EEF1B2,EF.1.beta,693
299,eIF-5A-1,eIF-5A-1,P63241,1984,EIF5A,eIF.5A.1,694
459,HINT1,HINT1,P49773,3094,HINT1,HINT1,695
559,IMB1,Importin _1,Q14974,3837,KPNB1,IMB1,696
560,ING1,ING1,Q9UK53,3621,ING1,ING1,697
590,Lamin-B1,Lamin-B1,P20700,4001,LMNB1,Lamin.B1,698
597,LDH-H 1,LDH-H 1,P07195,3945,LDHB,LDH.H.1,699
634,MBD4,MBD4,O95243,8930,MBD4,MBD4,700
644,MED-1,Mediator complex subunit 1,Q15648,5469,MED1 ,MED.1,701
647,Mesothelin,Mesothelin,Q13421,10232,MSLN,Mesothelin,702
6471,Mesothelin,Mesothelin,Q13421,10232,MSLN,Mesothelin.1,703
692,NAGK,NAGK,Q9UJ70,55577,NAGK,NAGK,704
766,Phosphoglycerate mutase 1,Phosphoglycerate mutase 1,P18669,5223,PGAM1,Phosphoglycerate.mutase.1,705
782,PLPP,PLPP,Q96GD0,57026,PDXP,PLPP,706
802,PSD7,Proteasome subunit p40,P51665,5713,PSMD7,PSD7,707
868,SKP1,SKP1,P63208,6500,SKP1,SKP1,708
881,Sorting nexin 4,Sorting nexin 4,O95219,8723,SNX4,Sorting.nexin.4,709
974,UBE2N,UBE2N,P61088,7334,UBE2N,UBE2N,710
1000,YKL-40,YKL-40,P36222,1116,CHI3L1,YKL.40,711
274,discoidin domain receptor 1,Discoidin domain receptor 1,Q08345,780,DDR1,discoidin.domain.receptor.1,712
364,FGF-4,FGF-4,P08620,2249,FGF4,FGF.4,713
476,HSP 70,HSP 70,P08107,3303,HSPA1A,HSP.70,714
889,sRAGE,sRAGE,Q15109,177,AGER,sRAGE,715
116,BPI,BPI,P17213,671,BPI,BPI,716
138,C6,C6,P13671,729,C6,C6,717
312,Eotaxin-2,Eotaxin-2,O00175,6369,CCL24,Eotaxin.2,718
338,Factor B,Factor B,P00751,629,CFB,Factor.B,719
366,FGF-6,FGF-6,P10767,2251,FGF6,FGF.6,720
376,Fibronectin,Fibronectin,P02751,2335,FN1,Fibronectin,721
385,FST,Follistatin,P19883,10468,FST,FST,722
429,Granzyme B,Granzyme B,P10144,3002,GZMB,Granzyme.B,723
447,HB-EGF,HB-EGF,Q99075,1839,HBEGF,HB.EGF,724
495,IgE,IgE,P01854,3497  50802 3535,IGHE,IgE,725
527,IL-17D,IL-17D,Q8TAD2,53342,IL17D,IL.17D,726
528,IL-17E,IL-17E,Q9H293,64806,IL25,IL.17E,727
541,IL-20,IL-20,Q9NYY1,50604,IL20,IL.20,728
555,IL-6 sRa,IL-6 sR_,P08887,3570,IL6R,IL.6.sRa,729
556,IL-7,IL-7,P13232,3574,IL7,IL.7,730
563,IP-10,IP-10,P02778,3627,CXCL10,IP.10,731
580,"Kininogen, HMW, Single Chain","Kininogen, HMW, Single Chain",P01042,3827,KNG1,Kininogen..HMW..Single.Chain,732
615,Lymphotactin,Lymphotactin,P47992,6375,XCL1,Lymphotactin,733
639,MCP-4,MCP-4,Q99616,6357,CCL13,MCP.4,734
704,Neurotrophin-3,Neurotrophin-3,P20783,4908,NTF3,Neurotrophin.3,735
705,Neurotrophin-5,Neurotrophin-5,P34130,4909,NTF4,Neurotrophin.5,736
738,PAPP-A,PAPP-A,Q13219,5069,PAPPA,PAPP.A,737
748,PDGF-BB,PDGF-BB,P01127,5155,PDGFB,PDGF.BB,738
777,Plasmin,Plasmin,P00747,5340,PLG,Plasmin,739
778,Plasminogen,Plasminogen,P00747,5340,PLG,Plasminogen,740
787,Prekallikrein,Prekallikrein,P03952,3818,KLKB1,Prekallikrein,741
801,PSA-ACT,PSA-ACT,"P07288, P01011",354 12,KLK3 SERPINA3,PSA.ACT,742
803,P-Selectin,P-Selectin,P16109,6403,SELP,P.Selectin,743
913,Tenascin,Tenascin,P24821,3371,TNC,Tenascin,744
921,TGF-b2,TGF-_2,P61812,7042,TGFB2,TGF.b2,745
924,Thrombin,Thrombin,P00734,2147,F2,Thrombin,746
982,uPA,uPA,P00749,5328,PLAU,uPA,747
340,Factor H,Factor H,P08603,3075,CFH,Factor.H,748
672,MMP-2,MMP-2,P08253,4313,MMP2,MMP.2,749
951,Transferrin,Transferrin,P02787,7018,TF,Transferrin,750
462,Histone H2A.z,Histone H2A.z,P0C0S5,3015,H2AFZ,Histone.H2A.z,751
928,Thyroglobulin,Thyroglobulin,P01266,7038,TG,Thyroglobulin,752
3,14-3-3 protein gamma,14-3-3 protein _,P61981,7532,YWHAG,14.3.3.protein.gamma,753
8,4EBP2,eIF4E-binding protein 2,Q13542,1979,EIF4EBP2,4EBP2,754
10,6-Phosphogluconate dehydrogenase,6-Phosphogluconate dehydrogenase,P52209,5226,PGD,6.Phosphogluconate.dehydrogenase,755
30,Aflatoxin B1 aldehyde reductase,Aflatoxin B1 aldehyde reductase,O43488,8574,AKR7A2,Aflatoxin.B1.aldehyde.reductase,756
35,AK1A1,Alcohol dehydrogenase (NADP+),P14550,10327,AKR1A1,AK1A1,757
233,Cofilin-1,Cofilin-1,P23528,1072,CFL1,Cofilin.1,758
286,DRG-1,DRG-1,Q9NP79,51534,VTA1,DRG.1,759
291,Dynactin subunit 2,Dynactin subunit 2,Q13561,10540,DCTN2,Dynactin.subunit.2,760
313,EP15R,Eps15-related protein,Q9UBC2,58513,EPS15L1,EP15R,761
326,ERAB,HADH2 protein,Q99714,3028,HSD17B10,ERAB,762
353,FER,fer tyrosine kinase,P16591,2241,FER,FER,763
467,HNRPQ,hnRNP-Q,O60506,10492,SYNCRIP,HNRPQ,764
479,HSP70 protein 8,HSP 70 protein 8,P11142,3312,HSPA8,HSP70.protein.8,765
488,IF4G2,eIF-4G 2,P78344,1982,EIF4G2,IF4G2,766
504,IGF-I sR,IGF-I sR,P08069,3480,IGF1R,IGF.I.sR,767
509,IL-1 R4,IL-1 R4,Q01638,9173,IL1RL1,IL.1.R4,768
595,LCMT1,LCMT-1,Q9UIC8,51451,LCMT1,LCMT1,769
603,LIN7B,Lin-7B,Q9HAP6,64130,LIN7B,LIN7B,770
623,M2-PK,M2-pyruvate kinase,P14618,5315,PKM2,M2.PK,771
643,MDM2,MDM2,Q00987,4193,MDM2,MDM2,772
696,NCAM-L1,NCAM-L1,P32004,3897,L1CAM,NCAM.L1,773
699,NDP kinase B,NDP kinase B,P22392,4831,NME2,NDP.kinase.B,774
716,NSF1C,NSFL1 cofactor p47,Q9UNZ2,55968,NSFL1C,NSF1C,775
717,Nucleoside diphosphate kinase A,nm23-H1,P15531,4830,NME1,Nucleoside.diphosphate.kinase.A,776
718,NUDC3,NudCL,Q8IVD9,23386,NUDCD3,NUDC3,777
729,PA2G4,ErbB3 binding protein Ebp1,Q9UQ80,5036,PA2G4,PA2G4,778
739,paraoxonase 1,Paraoxonase 1,P27169,5444,PON1,paraoxonase.1,779
758,PESC,Pescadillo,O00541,23481,PES1,PESC,780
760,PFD5,Prefoldin subunit 5,Q99471,5204,PFDN5,PFD5,781
764,PHI,glucose phosphate isomerase,P06744,2821,GPI,PHI,782
791,prostatic binding protein,Phosphatidylethanolamine-binding protein 1,P30086,5037,PEBP1,prostatic.binding.protein,783
799,PSA2,Proteasome subunit _2,P25787,5683,PSMA2,PSA2,784
818,RAN,Ran,P62826,5901,RAN,RAN,785
823,RBM39,RNAbp 39,Q14498,9584,RBM39,RBM39,786
875,SNAA,SNAP _,P54920,8775,NAPA,SNAA,787
884,Sphingosine kinase 1,Sphingosine kinase 1,Q9NYA1,8877,SPHK1,Sphingosine.kinase.1,788
887,Spondin-1,Spondin-1,Q9HCB6,10418,SPON1,Spondin.1,789
927,Thymidine kinase,"thymidine kinase, cytosolic",P04183,7083,TK1,Thymidine.kinase,790
950,"transcription factor MLR1, isoform CRA_b",transcription factor MLR1,Q8N3X6,254251,LCORL,transcription.factor.MLR1..isoform.CRA_b,791
952,Transketolase,Transketolase,P29401,7086,TKT,Transketolase,792
954,Triosephosphate isomerase,Triosephosphate isomerase,P60174,7167,TPI1,Triosephosphate.isomerase,793
998,XTP3A,dCTP pyrophosphatase 1,Q9H773,79077,DCTPP1,XTP3A,794
812,PTP-1C,PTP-1C,P29350,5777,PTPN6,PTP.1C,795
43,AMNLS,Amnionless,Q9BXJ7,81693,AMN,AMNLS,796
265,CYTT,Cystatin SA,P09228,1470,CST2,CYTT,797
114,BOC,BOC,Q9BWV1,91653,BOC,BOC,798
7971,PSA,PSA,P07288,354,KLK3,PSA.1,799
216,CLC1B,CLEC-2,Q9P126,51266,CLEC1B,CLC1B,800
839,SAA,SAA,P02735,6288,SAA1,SAA,801
247,CRP,CRP,P02741,1401,CRP,CRP,802
860,sICAM-1,"ICAM-1, soluble",P05362,3383,ICAM1,sICAM.1,803
267,DAPK2,DAPK2,Q9UIK4,23604,DAPK2,DAPK2,804
292,DYRK3,DYRK3,O43781,8444,DYRK3,DYRK3,805
22,Activin AB,Activin AB,P08476 P09529,3624 3625 ,INHBA INHBB ,Activin.AB,806
273,DHH,Desert Hedgehog N-Terminus,O43323,50846,DHH,DHH,807
357,FGF-12,FGF-12,P61328,2257,FGF12,FGF.12,808
358,FGF-16,FGF-16,O43320,8823,FGF16,FGF.16,809
368,FGF-8A,FGF-8 isoform A,P55075,2253,FGF8,FGF.8A,810
492,IFN-lambda 1,IFN-_ 1,Q8IU54,282618,IL29,IFN.lambda.1,811
493,IFN-lambda 2,IFN-_ 2,Q8IZJ0,282616,IL28A,IFN.lambda.2,812
685,MSP,Macrophage stimulatory protein,P26927,4485,MST1,MSP,813
872,SLPI,SLPI,P03973,6590,SLPI,SLPI,814
883,SP-D,SP-D,P35247,6441,SFTPD,SP.D,815
25,ADAM12,ADAM 12,O43184,8038,ADAM12,ADAM12,816
92,BCL2-like 1 protein,BCL2-like 1 protein,Q07817,598,BCL2L1,BCL2.like.1.protein,817
208,CHST2,Carbohydrate sulfotransferase 2,Q9Y4C5,9435,CHST2,CHST2,818
209,CHST6,Carbohydrate sulfotransferase 6,Q9GZX3,4166,CHST6,CHST6,819
235,Collectin Kidney 1,Collectin kidney protein 1,Q9BWP8,78989,COLEC11,Collectin.Kidney.1,820
308,ENPP7,ENPP7/AlkSphingomyelinase,Q6UWV6,339221,ENPP7,ENPP7,821
310,ENTP3,CD39L3/ENTPD3,O75355,956,ENTPD3,ENTP3,822
311,ENTP5,CD39L4/ENTPD5,O75356,957,ENTPD5,ENTP5,823
352,FCRL3,Fc receptor-like protein 3,Q96P31,115352,FCRL3,FCRL3,824
431,GRB2-related adapter protein 2,GRB2-related adapter protein 2,O75791,9402,GRAP2,GRB2.related.adapter.protein.2,825
432,GREM1,Gremlin-1,O60565,26585,GREM1,GREM1,826
465,hnRNP A/B,hnRNP A/B,Q99729,3182,HNRNPAB,hnRNP.A.B,827
609,LRRT1,LRRTM1,Q86UE6,347730,LRRTM1,LRRT1,828
610,LRRT3,LRRTM3,Q86VH5,347731,LRRTM3,LRRT3,829
650,MFGM,Milk fat globule-EGF factor 8,Q08431,4240,MFGE8,MFGM,830
681,MP2K4,JNK-activating kinase 1,P45985,6416,MAP2K4,MP2K4,831
745,PCSK7,Proprotein Convertase 7,Q16549,9159,PCSK7,PCSK7,832
751,PDPK1,PDPK1,O15530,5170,PDPK1,PDPK1,833
821,RASA1,RAS p21 protein activator,P20936,5921,RASA1,RASA1,834
859,Sialoadhesin,Sialoadhesin,Q9BZZ2,6614,SIGLEC1,Sialoadhesin,835
882,SPARCL1,SPARCL1,Q14515,8404,SPARCL1,SPARCL1,836
885,SPHK2,Sphingosine kinase 2,Q9NRA0,56848,SPHK2,SPHK2,837
893,ST4S6,GalNAc4S6ST/BRAG,Q7LFX5,51363,CHST15,ST4S6,838
923,TGM3,Transglutaminase 3,Q08188,7053,TGM3,TGM3,839
959,Tropomyosin 2,Tropomyosin _ chain,P07951,7169,TPM2,Tropomyosin.2,840
975,Ubiquitin,Ubiquitin,P62988,6233,RPS27A,Ubiquitin,841
10012,ZAP70,ZAP70,P43403,7535,ZAP70,ZAP70.1,842
10011,ZAP70,ZAP70,P43403,7535,ZAP70,ZAP70.2,843
121,C1-Esterase Inhibitor,C1-Esterase Inhibitor,P05155,710,SERPING1,C1.Esterase.Inhibitor,844
131,C3b,C3b,P01024,718,C3,C3b,845
133,C4,C4__,"P0C0L4, P0C0L5",720 721,C4A C4B,C4,846
137,"C5b, 6 Complex","C5b,6 Complex","P01031,P13671",727 729,C5 C6,C5b..6.Complex,847
2731,DHH,Desert Hedgehog N-Terminus,O43323,50846,DHH,DHH.1,848
367,FGF7,FGF-7,P21781,2252,FGF7,FGF7,849
548,IL-3 Ra,IL-3 R_,P26951,3563,IL3RA,IL.3.Ra,850
553,IL-5 Ra,IL-5 R_,Q01344,3568,IL5RA,IL.5.Ra,851
554,IL-6,IL-6,P05231,3569,IL6,IL.6,852
513,IL-11,IL-11,P20809,3589,IL11,IL.11,853
544,IL-23,IL-23,"P29460, Q9NPF7",3593 51561,IL12B IL23A,IL.23,854
5801,"Kininogen, HMW, Single Chain","Kininogen, HMW, Single Chain",P01042,3827,KNG1,Kininogen..HMW..Single.Chain.1,855
669,MMP-12,MMP-12,P39900,4321,MMP12,MMP.12,856
695,NCAM-120,NCAM-120,P13591,4684,NCAM1,NCAM.120,857
747,PDGF-AA,PDGF-AA,P04085,5154,PDGFA,PDGF.AA,858
846,SCGF-alpha,SCGF-_,Q9Y240,6320,CLEC11A,SCGF.alpha,859
80,ATS15,ADAMTS-15,Q8TE58,170689,ADAMTS15,ATS15,860
118,BSSP4,Brain-specific serine protease 4,Q9GZN4,64063,PRSS22,BSSP4,861
119,BST1,ADP-ribosyl cyclase 2,Q10588,683,BST1,BST1,862
183,CBX5,Chromobox protein homolog 5,P45973,23468,CBX5,CBX5,863
202,CDON,CAM-related/down-regulated by oncogenes,Q4KMG0,50937,CDON,CDON,864
220,Clusterin,Clusterin,P10909,1191,CLU,Clusterin,865
238,CONA1,Collagen alpha-1(XXIII) chain,Q86Y22,91522,COL23A1,CONA1,866
252,CTAP-III,Connective-tissue activating peptide III,P02775,5473,PPBP,CTAP.III,867
283,DnaJ homolog,DnaJ homolog subfamily C member 19,Q96DA6,131118,DNAJC19,DnaJ.homolog,868
302,EMR2,EMR2,Q9UHX3,30817,EMR2,EMR2,869
378,FLRT1,FLRT1,Q9NZU1,23769,FLRT1,FLRT1,870
387,Fucosyltransferase 3,Fucosyltransferase 3,P21217,2525,FUT3,Fucosyltransferase.3,871
388,FUT5,Fucosyltransferase 5,Q11128,2527,FUT5,FUT5,872
3891,FYN,FYN,P06241,2534,FYN,FYN.1,873
420,GP114,G-protein coupled receptor 114,Q8IZF4,221188,GPR114,GP114,874
443,H6ST1,Heparan-sulfate 6-O-sulfotransferase 1,O60243,9394,HS6ST1,H6ST1,875
453,HDGR2,HDGF-related protein 2,Q7Z4V5,84717,HDGFRP2,HDGR2,876
549,IL-34,IL-34,Q6ZMJ4,146433,IL34,IL.34,877
582,KIRR3,Kirrel3,Q8IZU9,84623,KIRREL3,KIRR3,878
587,KYNU,Kynureninase,Q16719,8942,KYNU,KYNU,879
5941,LCK,LCK,P06239,3932,LCK,LCK.1,880
605,Livin B,Livin _/MLIAP,Q96CA5,79444,BIRC7,Livin.B,881
719,NXPH1,Neurexophilin-1,P58417,30010,NXPH1,NXPH1,882
779,PLCG1,Phospholipase C-II,P19174,5335,PLCG1,PLCG1,883
783,PLXC1,Plexin C1,O60486,10154,PLXNC1,PLXC1,884
838,RSPO2,R-spondin 2,Q6UXX9,340419,RSPO2,RSPO2,885
857,SH21A,SLAM/CDw150,O60880,4068,SH2D1A,SH21A,886
871,SLIK5,SLITRK5,O94991,26050,SLITRK5,SLIK5,887
880,SORC2,SorCS2,Q96PQ0,57537,SORCS2,SORC2,888
763,PH,Pancreatic hormone,P01298,5539,PPY,PH,889
730,PACAP-27,PACAP-27,P18509,116,ADCYAP1,PACAP.27,890
731,PACAP-38,PACAP-38,P18509,116,ADCYAP1,PACAP.38,891
5,3HIDH,"3-hydroxyisobutyrate dehydrogenase, mitochondrial",P31937,11112,HIBADH,3HIDH,892
168,CASA,Alpha-S1-casein,P47710,1446,CSN1S1,CASA,893
336,FABP,heart-type fatty acid binding protein,P05413,2170,FABP3,FABP,894
417,GM-CSF,GM-CSF,P04141,1437,CSF2,GM.CSF,895
940,TNF-b,TNF-_,P01374,4049,LTA,TNF.b,896
1,41,erythrocyte membrane protein 4.1,P11171,2035,EPB41,41,897
2,14-3-3 eta,14-3-3 protein eta,Q04917,7533,YWHAH,14.3.3.eta,898
4,17-beta-HSD 1,17beta-HSD1,P14061,3292,HSD17B1,17.beta.HSD.1,899
58,Apo D,Apo D,P05090,347,APOD,Apo.D,900
547,IL-3,IL-3,P08700,3562,IL3,IL.3,901
786,PPIB,Cyclophilin B,P23284,5479,PPIB,PPIB,902
794,Protein disulfide isomerase A3,Protein disulfide isomerase A3,P30101,2923,PDIA3,Protein.disulfide.isomerase.A3,903
917,TFF3,Trefoil factor 3,Q07654,7033,TFF3,TFF3,904
29,Afamin,Afamin,P43652,173,AFM,Afamin,905
722,Olfactomedin-4,Olfactomedin-4,Q6UX06,10562,OLFM4,Olfactomedin.4,906
76,ASM3A,"sphingomyelin phosphodiesterase, acid-like 3A",Q92484,10924,SMPDL3A,ASM3A,907
343,FAM107B,Protein FAM107B,Q9H098,83641,FAM107B,FAM107B,908
406,Gelsolin,Gelsolin,P06396,2934,GSN,Gelsolin,909
182,CBG,Corticosteroid binding globulin,P08185,866,SERPINA6,CBG,910
261,Cytidylate kinase,UMP-CMP kinase,P30085,51727,CMPK1,Cytidylate.kinase,911
128,C34 gp41 HIV Fragment,C34 gp41 HIV Fragment,Q70626,,,C34.gp41.HIV.Fragment,912
753,PERL,Lactoperoxidase,P22079,4025,LPO,PERL,913
225,CO8A1,Collagen alpha-1(VIII) chain,P27658,1295,COL8A1,CO8A1,914
566,ITI heavy chain H4,Inter-_-trypsin inhibitor heavy chain H4,Q14624,3700,ITIH4,ITI.heavy.chain.H4,915
971,TXD12,ERp18,O95881,51060,TXNDC12,TXD12,916
873,sL-Selectin,sL-Selectin,P14151,6402,SELL,sL.Selectin,917
948,TRAIL R1,TRAIL R1,O00220,8797,TNFRSF10A,TRAIL.R1,918
322,Epithelial cell kinase,Epithelial cell kinase,P29317,1969,EPHA2,Epithelial.cell.kinase,919
400,G-CSF,G-CSF,P09919,1440,CSF3,G.CSF,920
416,Glypican 3,Glypican 3,P51654,2719,GPC3,Glypican.3,921
534,IL-1a,IL-1_,P01583,3552,IL1A,IL.1a,922
110,BMPR1A,BMPR1A,P36894,657,BMPR1A,BMPR1A,923
103,BMP RII,BMP RII,Q13873,659,BMPR2,BMP.RII,924
956,TrkB,TrkB,Q16620,4915,NTRK2,TrkB,925
989,VEGF121,VEGF 121,P15692,7422,VEGFA,VEGF121,926
46,Angiogenin,Angiogenin,P03950,283,ANG,Angiogenin,927
132,C3d,C3d,P01024,718,C3,C3d,928
227,Coagulation Factor IX,Coagulation Factor IX,P00740,2158,F9,Coagulation.Factor.IX,929
2271,Coagulation Factor IX,Coagulation Factor IX,P00740,2158,F9,Coagulation.Factor.IX.1,930
230,Coagulation Factor X,Coagulation Factor X,P00742,2159,F10,Coagulation.Factor.X,931
2301,Coagulation Factor X,Coagulation Factor X,P00742,2159,F10,Coagulation.Factor.X.1,932
403,GDF2,BMP-9,Q9UK05,2658,GDF2,GDF2,933
638,MCP-3,MCP-3,P80098,6354,CCL7,MCP.3,934
995,WNT7A,Wnt-7a,O00755,7476,WNT7A,WNT7A,935
19,ACTH,ACTH,P01189,5443,POMC,ACTH,936
413,Glucagon,Glucagon,P01275,2641,GCG,Glucagon,937
129,C3a,C3a,P01024,718,C3,C3a,938
1321,C3d,C3d,P01024,718,C3,C3d.1,939
147,Calcineurin,Calcineurin,Q08209  P63098,5530 5534,PPP3CA PPP3R1,Calcineurin,940
169,Caspase-2,Caspase-2,P42575,835,CASP2,Caspase.2,941
226,Coactosin-like protein,Coactosin-like protein,Q14019,23406,COTL1,Coactosin.like.protein,942
228,Coagulation Factor V,Coagulation Factor V,P12259,2153,F5,Coagulation.Factor.V,943
2281,Coagulation Factor V,Coagulation Factor V,P12259,2153,F5,Coagulation.Factor.V.1,944
270,D-dimer,D-dimer,P02671 P02675 P02679,2243 2244 2266,FGA FGB FGG,D.dimer,945
305,Endoglin,Endoglin,P17813,2022,ENG,Endoglin,946
394,Galectin-8,Galectin-8,O00214,3964,LGALS8,Galectin.8,947
411,GIB,Group IB phospholipase A2,P04054,5319,PLA2G1B,GIB,948
419,GOT1,aspartate aminotransferase,P17174,2805,GOT1,GOT1,949
449,HCC-4,HCC-4,O15467,6360,CCL16,HCC.4,950
450,HCG,hCG,"P01215,P01233",1081 1082,CGA CGB,HCG,951
454,Hemoglobin,Hemoglobin,"P69905, P68871",3039  3043,HBA1 HBB,Hemoglobin,952
494,IgD,IgD,P01880,3495 50802 3535,IGHD  ,IgD,953
562,Integrin aVb5,Integrin _V_5,"P06756, P18084",3685 3693,ITGAV ITGB5,Integrin.aVb5,954
581,"Kininogen, HMW, Two Chain","Kininogen, HMW, Two Chain",P01042,3827,KNG1,Kininogen..HMW..Two.Chain,955
602,LIF sR,Leukemia inhibitory factor receptor extracellular domain,P42702,3977,LIFR,LIF.sR,956
621,Lysozyme,Lysozyme,P61626,4069,LYZ,Lysozyme,957
658,MIP-3b,MIP-3_,Q99731,6363,CCL19,MIP.3b,958
660,MIS,MIS,P03971,268,AMH,MIS,959
667,MMP-1,MMP-1,P03956,4312,MMP1,MMP.1,960
670,MMP-13,MMP-13,P45452,4322,MMP13,MMP.13,961
895,Stanniocalcin-1,Stanniocalcin-1,P52823,6781,STC1,Stanniocalcin.1,962
916,TF,Tissue Factor,P13726,2152,F3,TF,963
321,EPI,epiregulin,O14944,2069,EREG,EPI,964
32,AGR2,Anterior gradient protein 2 homolog,O95994,10551,AGR2,AGR2,965
53,annexin I,Annexin A1,P04083,301,ANXA1,annexin.I,966
54,annexin II,annexin II,P07355,302,ANXA2,annexin.II,967
66,ARMEL,CDNF,Q49AH0,441549,CDNF,ARMEL,968
67,ARP19,ARPP-19,P56211,10776,ARPP19,ARP19,969
71,ARTS1,Endoplasmic reticulum aminopeptidase 1,Q9NZ08,51752,ERAP1,ARTS1,970
77,ATP synthase beta chain,ATP synthase _-subunit,P06576,506,ATP5B,ATP.synthase.beta.chain,971
123,C1QBP,GC1qR,Q07021,708,C1QBP,C1QBP,972
157,CAPG,CapG,P40121,822,CAPG,CAPG,973
160,Carbonic anhydrase I,Carbonic anhydrase I,P00915,759,CA1,Carbonic.anhydrase.I,974
161,carbonic anhydrase II,Carbonic anhydrase II,P00918,760,CA2,carbonic.anhydrase.II,975
181,CATZ,Cathepsin Z,Q9UBR2,1522,CTSZ,CATZ,976
211,cIAP-2,cIAP2,Q13489,330,BIRC3,cIAP.2,977
246,CRK,adaptor protein Crk,P46108,1398,CRK,CRK,978
288,DSC3,Desmocollin-3,Q14574,1825,DSC3,DSC3,979
300,Elafin,elafin/trappin-2,P19957,5266,PI3,Elafin,980
332,ERP29,ERp29,P30040,10961,ERP29,ERP29,981
334,Esterase D,Esterase D,P10768,2098,ESD,Esterase.D,982
337,FABPE,epidermal-type fatty acid binding protein,Q01469,2171,FABP5,FABPE,983
342,FAK1,Focal adhesion kinase 1,Q05397,5747,PTK2,FAK1,984
345,FCAR,Fc alpha receptor I,P24071,2204,FCAR,FCAR,985
375,Fibrinogen g-chain dimer,fibrinogen gamma chain dimer,P02679,2266,FGG,Fibrinogen.g.chain.dimer,986
422,GP1BA,Glycoprotein Ib alpha,P07359,2811,GP1BA,GP1BA,987
424,GPC5,Glypican-5,P78333,2262,GPC5,GPC5,988
433,GRN,Progranulin,P28799,2896,GRN,GRN,989
440,GSTA3,Glutathione S-transferase A3,Q16772,2940,GSTA3,GSTA3,990
466,hnRNP K,hnRNP K,P61978,3190,HNRNPK,hnRNP.K,991
469,HPG-,15-hydroxyprostaglandin dehydrogenase,P15428,3248,HPGD,HPG.,992
473,HRG,HPRG,P04196,3273,HRG,HRG,993
487,IF4A3,eIF 4A-III,P38919,9775,EIF4A3,IF4A3,994
567,JAK2,Janus kinase 2,O60674,3717,JAK2,JAK2,995
600,LG3BP,Galectin-3 binding protein,Q08380,3959,LGALS3BP,LG3BP,996
671,MMP-14,MMP-14,P50281,4323,MMP14,MMP.14,997
663,MK11,MAP kinase p38 _,Q15759,5600,MAPK11,MK11,998
664,MK12,MAPK12,P53778,6300,MAPK12,MK12,999
665,MK13,MAPK13,O15264,5603,MAPK13,MK13,1000
626,MAPK14,MAPK14,Q16539,1432,MAPK14,MAPK14,1001
677,Mn SOD,MnSOD,P04179,6648,SOD2,Mn.SOD,1002
678,Moesin,Moesin,P26038,4478,MSN,Moesin,1003
741,PBEF,visfatin,P43490,10135,NAMPT,PBEF,1004
689,"Myokinase, human",Adenylate Kinase 1,P00568,203,AK1,Myokinase..human,1005
697,NCC27,chloride intracellular channel 1,O00299,1192,CLIC1,NCC27,1006
698,NCK1,Nck-1,P16333,4690,NCK1,NCK1,1007
732,PAFAH,LpPLA2/ PAFAH,Q13093,7941,PLA2G7,PAFAH,1008
755,Peroxiredoxin-5,Peroxiredoxin-5,P30044,25824,PRDX5,Peroxiredoxin.5,1009
756,Peroxiredoxin-6,Peroxiredoxin-6,P30041,9588,PRDX6,Peroxiredoxin.6,1010
765,phosphoglycerate kinase 1,phosphoglycerate kinase 1,P00558,5230,PGK1,phosphoglycerate.kinase.1,1011
785,PPase,Inorganic pyrophosphatase,Q15181,5464,PPA1,PPase,1012
805,PSME1,Proteasome activator subunit 1,Q06323,5720,PSME1,PSME1,1013
813,PUR8,adenylosuccinate lyase,P30566,158,ADSL,PUR8,1014
822,Rb,retinoblastoma,P06400,5925,RB1,Rb,1015
834,RS3,ribosomal protein S3,P23396,6188,RPS3,RS3,1016
843,sCD163,Soluble CD163,Q86VB7,9332,CD163,sCD163,1017
853,SEPR,fibroblast activation protein alpha,Q12884,2191,FAP,SEPR,1018
867,SIRT2,Sirtuin 2,Q8IXJ6,22933,SIRT2,SIRT2,1019
888,SPTA2,_II-Spectrin,Q13813,6709,SPTAN1,SPTA2,1020
892,SSRP1,SSRP1,Q08945,6749,SSRP1,SSRP1,1021
958,Tropomyosin 1 alpha chain,Tropomyosin 1,P09493,7168,TPM1,Tropomyosin.1.alpha.chain,1022
962,Trypsin 2,Trypsin-2,P07478,5645,PRSS2,Trypsin.2,1023
963,TS,thymidylate synthase,P04818,7298,TYMS,TS,1024
964,TSG-6,TSG-6,P98066,7130,TNFAIP6,TSG.6,1025
