SeqId,SomaId,TargetFullName,Target,UniProt,EntrezGeneID,EntrezGeneSymbol,2LogFC,FDR
13105-7_3,SL007311,Synaptosomal-associated protein 25,SNP25,P60880,6616,SNAP25,2.01,5.90E-04
2182-54_1,SL000318,Complement C4b,C4b,P0C0L4  P0C0L5,720 721,C4A C4B,1.67,1.04E-02
14150-7_3,SL005177,Interleukin-36 alpha,IL-1F6,Q9UHA7,27179,IL36A,1.53,1.44E-03
2755-8_2,SL003220,C3a anaphylatoxin des Arginine,C3adesArg,P01024,718,C3,1.43,6.68E-03
5019-16_2,SL002803,Ubiquitin carboxyl-terminal hydrolase isozyme L1,PGP9.5,P09936,7345,UCHL1,1.14,2.69E-02
11105-171_3,SL003650,Alpha-enolase,Alpha enolase,P06733,2023,ENO1,1,1.10E-02
2683-1_2,SL000456,"Complement C3b, inactivated",iC3b,P01024,718,C3,0.98,4.56E-04
11081-1_3,SL007151,"Glycerol-3-phosphate dehydrogenase [NAD(+)], cytoplasmic",GPDA,P21695,2819,GPD1,0.91,2.69E-02
5803-24_3,SL003362,Complement C3d fragment,C3d,P01024,718,C3,0.69,5.60E-02
8459-10_3,SL003993,Bone morphogenetic protein 6,BMP-6,P22004,654,BMP6,0.66,2.94E-02
2754-50_2,SL000312,Complement C3,C3,P01024,718,C3,0.55,3.98E-02
4912-17_1,SL000280,"Aspartate aminotransferase, cytoplasmic",GOT1,P17174,2805,GOT1,0.34,2.69E-02
2864-2_3,SL003793,Dual specificity mitogen-activated protein kinase kinase 1,MEK1,Q02750,5604,MAP2K1,0.3,3.98E-02
3030-3_2,SL005158,C-type lectin domain family 4 member M,DC-SIGNR,Q9H2X3,10332,CLEC4M,0.23,4.60E-02
9213-24_3,SL018900,Formimidoyltransferase-cyclodeaminase,FTCD,O95954,10841,FTCD,-1.24,2.94E-02
5509-7_3,SL000084,Epidermal growth factor,EGF,P01133,1950,EGF,-1.07,2.94E-02
