Annotation,Annotation-1,p-value
SL001938,Inhibin beta A chain,0.0003998
SL004837,Inhibin beta A chain:inhibin beta b chain heterodimer,0.0003998
SL006528,prolyl endopeptidase FAP,0.0007997
SL004661,Aggrecan core protein,0.0007997
SL0000678,Granulysin,0.0007997
SL001997,Interleukin-1 receptor type 1,0.002399
SL000591,Metalloproteinase inhibitor 1,0.0003998
SL004811,Transgelin-2 ,0.002399
SL000006,Plasminogen activator inhibitor 1,0.001599
SL008071,14-2-2 protein theta,0.001999
SL002705,Thrombospondin-1,0.0012
SL008835,Asialoglycoprotein receptor-1,0.0007997
SL000377,Creatine kinase B-type,0.03998
SL000560,P-selectin,0.006397
SL001737,14-3-3 protein sigma,0.005998
SL006131,"Fatty acid-binding protein, liver",0.002399
SL003190,C-C motif chemokine 15,0.009596
SL004180,Tumor necrosis factor receptor superfamily member 8,0.008397
SL010388,Trypsin-2,0.001599
SL009324,Follistatin-related protein 3,0.0012
SL001774,"Fatty acid-binding protein, heart",0.009596
SL004708,Connective tissue-activating peptide III,0.01479
SL003191,Neutrophil-activating peptide 2,0.01479
SL000314,Complement C3b,0.007597
SL003300,C-C motif chemokine 16,0.009196
SL000316,Complement C4,0.03159
SL003177,Intercellular adhesion molecule 2,0.02679
SL000271,Angiotensinogen ,0.03439
SL017189,Kininogen-1,0.03159
SL000590,Thyroxine-binding globulin,0.02599
SL003326,C-X-C motif chemokine 11,0.04078
SL008309,Reticulon-4,0.02279
SL010498,Ephrin type-A receptor 3,0.02879
SL000053,Tissue-type plasminogen activator,0.02199
SL002561,Parathyroid hormone-related protein,0.02599
SL000551,Protein kinase C alpha type,0.03159
SL003138,C-X-C motif chemokine 10,0.01959
SL000299,Fibroblast growth factor 1,0.03439
SL017528,Ribonuclease H1,0.02199
SL010502,Mitogen-activated protein kinase 8,0.01799
SL000601,Serotransferrin,0.012
SL000064,Kallikrein-7,0.007997
SL000485,Interleukin-9,0.009996
SL000004,Fibroblast growth factor 2,0.02439
SL004356,C-C motif chemokine 4-like,0.005198
SL004298,Granzyme A,0.005998
SL004067,Group 10 secretory phospholipase A2,0.001599
SL008909,Legumain,0.001999
SL004673,Cathepsin S,0.002399
SL004333,Fibroblast growth factor 10,0.001999
