Annotation,Annotation-1,p-value
SL011405,"cGMP-specific 3', 5'-cyclic phosphodiesterase",0.004662
SL014469,SHC-transforming protein 1,0.006993
SL001795,Interleukin-1 beta,0.01748
SL016555,"Dual 3', 5'-cyclic-AMP and -GMP phosphodiesterase 11A",0.02098
SL008808,S-phase kinase-associated protein 1,0.02797
SL004920,Cofilin-1,0.01399
SL000039,Interleukin-8,0.04779
SL004009,Ras-related C3 botulinum toxic substrate 1,0.04079
SL004357,Growth/differentiation factor 8,0.05245
SL004815,14-3-3 protein beta/alpha,0.05828
SL009213,Lysosomal protective protein,0.05711
SL007869,Peptidyl-prolyl cis-trans isomera,0.06527
SL003650,Alpha-enolase,0.06294
SL004296,Adenylate kinase isoenzyme 1,0.08159
SL011202,Alpha-soluble NSF attachment protein,0.08508
SL006378,S-formylglutathione hydrolase ,0.08508
SL008909,Legumain,0.08042
SL011069,Serine protease 27,0.07343
SL005685,Elongation factor 1-beta ,0.08858
SL004924,Eukaryotic translation initiation factor 4H,0.08741
SL005687,Eukaryotic translation initiation factor 5A-1,0.176
SL003919,Kallikrein-14,0.08392
SL004984,14-3-3 protein epsilon,0.07459
SL011049,Mannan-binding lectin serine protease 1 ,0.09441
SL000521,Interstitial collagenase ,0.06876
SL012769,Protein FAM3D,0.0338
SL004739,inter-alpha-trypsin inhibitor heavy chain H4,0.03613
SL000145,Interleukin-1 receptor type 2,0.03147
SL001945,E-selectin,0.0303
SL000249,Alpha-1-antitrypsin,0.02681
SL004747,Apoliproprotein M,0.03147
SL000545,Plasma kallikrein,0.03263
SL000589,Thyroid Stimulating Hormone,0.0303
SL004791,Tumor necrosis factor receptor superfamily member 25,0.02448
SL004782,Tumor necrosis factor- inducible gene 6 protein ,0.03147
SL005102,Sex hormone-binding globulin ,0.02564
SL000051,C-reactive protein ,0.02564
SL004838,Leukocyte surgace antigen CD47,0.01632
SL000358,Coagulation factor VII,0.01165
SL005403,Vesicular integral-membrane protein VIP36,0.01515
SL006777,Fetuin-B,0.004662
SL000321,Complement C5b- C6 complex,0.01981
SL007429,Transmembrane glycoprotein NMB,0.01515
SL000319,Complement C5,0.01399
SL000322,Complement component C6,0.01165
SL003309,Lipopolysaccharide-binding protein,0.01399
SL010466,Membrane frizzled-related protein,0.002331
SL004467,Protein Z-dependent protease inhibitor ,0.006993
SL000251,Alpha-2-HS-glycoprotein ,0.008159
SL002755,Pappalysin-1 ,0.002331
