Protein,Hazard ratio,Beta estimate,Standard error,P-value,,,,,,,,,,
C5a anaphylatoxin,1.72,0.54,0.0929,5.38E-09,,,,,,,,,,
Gelsolin,0.55,-0.5977,0.1102,5.76E-08,,,,,,,,,,
C-X-C motif chemokine 13,1.45,0.369,0.0681,5.94E-08,,,,,,,,,,
Thrombospondin-2,1.55,0.4391,0.0817,7.61E-08,,,,,,,,,,
Vitamin K-dependent protein C,0.55,-0.5904,0.1148,2.72E-07,,,,,,,,,,
C-reactive protein,1.86,0.622,0.1211,2.79E-07,,,,,,,,,,
N-terminal pro-BNP,1.84,0.6112,0.1200,3.55E-07,,,,,,,,,,
Carbonic anhydrase 13,0.67,-0.3974,0.0815,1.07E-06,,,,,,,,,,
Contactin-1,0.55,-0.5889,0.1233,1.78E-06,,,,,,,,,,
Complement component C9,1.75,0.5591,0.1261,9.30E-06,,,,,,,,,,
Dual specificity protein phosphatase 3,0.69,-0.3667,0.0838,1.21E-05,,,,,,,,,,
Tissue-type plasminogen activator,1.64,0.4925,0.1127,1.24E-05,,,,,,,,,,
Interleukin-1 receptor antagonist protein,1.42,0.3476,0.0798,1.31E-05,,,,,,,,,,
Interleukin-18 receptor 1,1.57,0.4533,0.1064,2.04E-05,,,,,,,,,,
cAMP-dependent protein kinase catalytic subunit alpha,0.73,-0.3128,0.0735,2.07E-05,,,,,,,,,,
Netrin receptor UNC5D,0.66,-0.4083,0.0977,2.91E-05,,,,,,,,,,
Natural cytotoxicity triggering receptor 2,1.24,0.216,0.0542,6.82E-05,,,,,,,,,,
C-C motif chemokine 21,1.45,0.373,0.0951,8.76E-05,,,,,,,,,,
Plexin-B2,1.46,0.3765,0.0963,9.18E-05,,,,,,,,,,
Ras-related C3 botulinum toxin substrate 3,0.74,-0.2973,0.0772,1.18E-04,,,,,,,,,,
Small glutamine-rich tetratricopeptide repeat-containing protein alpha,0.68,-0.3831,0.1006,1.40E-04,,,,,,,,,,
RGM domain family member B,0.63,-0.462,0.1219,1.51E-04,,,,,,,,,,
Sex hormone-binding globulin,0.68,-0.3839,0.1014,1.53E-04,,,,,,,,,,
Galectin-3-binding protein,1.47,0.3825,0.1011,1.56E-04,,,,,,,,,,
"Phospholipase A2, membrane associated",1.47,0.3847,0.1021,1.64E-04,,,,,,,,,,
Protein-tyrosine kinase 6,1.38,0.3192,0.0851,1.76E-04,,,,,,,,,,
"Fatty acid-binding protein, heart",1.57,0.4509,0.1204,1.81E-04,,,,,,,,,,
Angiopoietin-2,1.36,0.304,0.0813,1.84E-04,,,,,,,,,,
"6-phosphogluconate dehydrogenase, decarboxylating",0.7,-0.3603,0.0969,1.99E-04,,,,,,,,,,
Retinoic acid receptor responder protein 2,1.41,0.343,0.0927,2.14E-04,,,,,,,,,,
SLIT and NTRK-like protein 5,0.72,-0.3293,0.0898,2.44E-04,,,,,,,,,,
Fibrinogen gamma chain,1.44,0.3655,0.1007,2.84E-04,,,,,,,,,,
Leptin,1.7,0.533,0.1495,3.62E-04,,,,,,,,,,
Netrin-4,1.27,0.2427,0.0684,3.91E-04,,,,,,,,,,
Erythropoietin,1.42,0.3504,0.0993,4.16E-04,,,,,,,,,,
Tenascin,1.39,0.3327,0.0945,4.30E-04,,,,,,,,,,
Proto-oncogene vav,0.71,-0.3402,0.0966,4.30E-04,,,,,,,,,,
RAC-alpha/beta/gamma serine/threonine-protein kinase,0.73,-0.3183,0.0910,4.71E-04,,,,,,,,,,
Galectin-9,1.26,0.2298,0.0661,5.11E-04,,,,,,,,,,
Ubiquitin-fold modifier 1,0.76,-0.275,0.0793,5.22E-04,,,,,,,,,,
Follistatin-related protein 3,1.54,0.4344,0.1253,5.24E-04,,,,,,,,,,
Polymeric immunoglobulin receptor,1.4,0.3368,0.0975,5.48E-04,,,,,,,,,,
Importin subunit beta-1,0.79,-0.2298,0.0669,5.97E-04,,,,,,,,,,
Antithrombin-III,0.65,-0.4279,0.1247,6.01E-04,,,,,,,,,,
Sphingosine kinase 1,0.75,-0.2894,0.0848,6.48E-04,,,,,,,,,,
COMM domain-containing protein 7,0.74,-0.3054,0.0896,6.50E-04,,,,,,,,,,
Sialic acid-binding Ig-like lectin 7,1.33,0.2851,0.0838,6.71E-04,,,,,,,,,,
Stanniocalcin-1,1.37,0.3125,0.0920,6.80E-04,,,,,,,,,,
Collagen alpha-1(VIII) chain,1.44,0.3637,0.1072,6.96E-04,,,,,,,,,,
Serum albumin,0.65,-0.4307,0.1270,6.99E-04,,,,,,,,,,
26S proteasome non-ATPase regulatory subunit 7,0.57,-0.5665,0.1675,7.20E-04,,,,,,,,,,
Vascular endothelial growth factor A,1.48,0.3942,0.1172,7.73E-04,,,,,,,,,,
Complement C3d fragment,1.4,0.3374,0.1003,7.74E-04,,,,,,,,,,
Insulin-like growth factor-binding protein 7,1.4,0.3385,0.1008,7.82E-04,,,,,,,,,,
Leukocyte immunoglobulin-like receptor subfamily B member 2,1.38,0.3208,0.0958,8.09E-04,,,,,,,,,,
Growth/differentiation factor 11/8,0.66,-0.4087,0.1230,8.89E-04,,,,,,,,,,
Ephrin type-A receptor 5,0.63,-0.4567,0.1378,9.22E-04,,,,,,,,,,
NSFL1 cofactor p47,0.76,-0.2743,0.0829,9.37E-04,,,,,,,,,,
L-lactate dehydrogenase B chain,0.74,-0.2984,0.0906,9.93E-04,,,,,,,,,,
"Peptidyl-prolyl cis-trans isomerase F, mitochondrial",0.76,-0.2708,0.0827,1.06E-03,,,,,,,,,,
Cytochrome c,0.68,-0.3851,0.1178,1.07E-03,,,,,,,,,,
C-C motif chemokine 16,1.53,0.4283,0.1311,1.09E-03,,,,,,,,,,
Tyrosine-protein kinase Tec,0.73,-0.3117,0.0957,1.13E-03,,,,,,,,,,
Tumor necrosis factor receptor superfamily member EDAR,0.72,-0.3351,0.1032,1.17E-03,,,,,,,,,,
Caspase-3,0.8,-0.229,0.0706,1.18E-03,,,,,,,,,,
14-3-3 protein beta/alpha,0.68,-0.3854,0.1191,1.21E-03,,,,,,,,,,
Calcineurin,0.74,-0.2974,0.0921,1.24E-03,,,,,,,,,,
Dickkopf-related protein 1,0.75,-0.2927,0.0907,1.25E-03,,,,,,,,,,
Adapter molecule crk,0.81,-0.2102,0.0652,1.27E-03,,,,,,,,,,
Neural cell adhesion molecule L1,0.72,-0.3268,0.1021,1.37E-03,,,,,,,,,,
Cysteine-rich with EGF-like domain protein 1,1.41,0.3401,0.1065,1.40E-03,,,,,,,,,,
Dickkopf-related protein 4,0.71,-0.3458,0.1084,1.42E-03,,,,,,,,,,
C-X-C motif chemokine 10,1.38,0.3191,0.1002,1.45E-03,,,,,,,,,,
Neuronal growth regulator 1,0.73,-0.3215,0.1016,1.55E-03,,,,,,,,,,
Apolipoprotein M,0.73,-0.3155,0.1001,1.63E-03,,,,,,,,,,
C-type lectin domain family 1 member B,0.75,-0.2939,0.0936,1.69E-03,,,,,,,,,,
Oncostatin-M,1.24,0.2168,0.0691,1.70E-03,,,,,,,,,,
SUMO-conjugating enzyme UBC9,0.74,-0.3008,0.0962,1.76E-03,,,,,,,,,,
Macrophage mannose receptor 1,1.35,0.3024,0.0967,1.77E-03,,,,,,,,,,
Complement factor I,1.76,0.5652,0.1810,1.79E-03,,,,,,,,,,
C-C motif chemokine 14,1.43,0.3575,0.1146,1.81E-03,,,,,,,,,,
ATP-dependent RNA helicase DDX19B,0.75,-0.2867,0.0920,1.82E-03,,,,,,,,,,
Interleukin-1 receptor-like 1,1.41,0.3406,0.1093,1.83E-03,,,,,,,,,,
Kallistatin,0.72,-0.3264,0.1049,1.86E-03,,,,,,,,,,
Stabilin-2,1.25,0.2198,0.0707,1.87E-03,,,,,,,,,,
Serum amyloid P-component,1.58,0.458,0.1475,1.90E-03,,,,,,,,,,
Elafin,1.43,0.3579,0.1153,1.91E-03,,,,,,,,,,
Angiogenin,1.38,0.3188,0.1028,1.92E-03,,,,,,,,,,
Carbonic anhydrase 6,0.73,-0.3088,0.0995,1.92E-03,,,,,,,,,,
Peroxiredoxin-6,0.74,-0.3047,0.0983,1.94E-03,,,,,,,,,,
RAC-beta serine/threonine-protein kinase,0.77,-0.26,0.0840,1.98E-03,,,,,,,,,,
Chloride intracellular channel protein 1,0.75,-0.2935,0.0952,2.05E-03,,,,,,,,,,
Interleukin-18-binding protein,1.36,0.3071,0.0997,2.08E-03,,,,,,,,,,
Carbohydrate sulfotransferase 15,1.4,0.3393,0.1104,2.11E-03,,,,,,,,,,
Coagulation factor Xa,0.71,-0.3363,0.1096,2.15E-03,,,,,,,,,,
Xaa-Pro aminopeptidase 1,0.81,-0.208,0.0678,2.15E-03,,,,,,,,,,
"cGMP-specific 3',5'-cyclic phosphodiesterase",0.77,-0.2632,0.0863,2.30E-03,,,,,,,,,,
beta-adrenergic receptor kinase 1,0.77,-0.2668,0.0876,2.31E-03,,,,,,,,,,
Cathepsin S,1.31,0.27,0.0889,2.40E-03,,,,,,,,,,
"Troponin T, cardiac muscle",1.33,0.2847,0.0940,2.46E-03,,,,,,,,,,
Growth/differentiation factor 15,1.32,0.2797,0.0928,2.58E-03,,,,,,,,,,
Brevican core protein,0.68,-0.3861,0.1283,2.63E-03,,,,,,,,,,
Coagulation Factor X,0.73,-0.3101,0.1034,2.70E-03,,,,,,,,,,
"Keratin, type I cytoskeletal 18",0.65,-0.4316,0.1439,2.71E-03,,,,,,,,,,
Ubiquitin carboxyl-terminal hydrolase isozyme L1,0.75,-0.2865,0.0963,2.93E-03,,,,,,,,,,
AMP Kinase (alpha2beta2gamma1),0.74,-0.2963,0.1002,3.10E-03,,,,,,,,,,
SLAM family member 5,0.77,-0.258,0.0873,3.14E-03,,,,,,,,,,
Netrin-1,1.37,0.3172,0.1079,3.30E-03,,,,,,,,,,
Coactosin-like protein,0.73,-0.3205,0.1092,3.35E-03,,,,,,,,,,
Calcium/calmodulin-dependent protein kinase type II subunit beta,0.75,-0.2917,0.0997,3.43E-03,,,,,,,,,,
Ribosomal protein S6 kinase alpha-3,0.72,-0.3222,0.1105,3.54E-03,,,,,,,,,,
Cofilin-1,0.77,-0.2557,0.0880,3.66E-03,,,,,,,,,,
Hepatocyte growth factor,1.34,0.2909,0.1003,3.74E-03,,,,,,,,,,
Heat shock 70 kDa protein 1A,1.33,0.287,0.0990,3.76E-03,,,,,,,,,,
Nucleoside diphosphate kinase A,0.66,-0.4096,0.1416,3.82E-03,,,,,,,,,,
Urokinase plasminogen activator surface receptor,1.38,0.3192,0.1104,3.82E-03,,,,,,,,,,
"60 kDa heat shock protein, mitochondrial",0.76,-0.273,0.0949,4.03E-03,,,,,,,,,,
Macrophage metalloelastase,1.36,0.311,0.1085,4.17E-03,,,,,,,,,,
Brain-derived neurotrophic factor,0.74,-0.3065,0.1077,4.44E-03,,,,,,,,,,
Interleukin-2,1.32,0.2806,0.0988,4.51E-03,,,,,,,,,,
Testican-2,1.34,0.2907,0.1027,4.65E-03,,,,,,,,,,
Interleukin-5 receptor subunit alpha,1.28,0.2461,0.0875,4.90E-03,,,,,,,,,,
S-formylglutathione hydrolase,0.79,-0.2402,0.0854,4.92E-03,,,,,,,,,,
Ubiquitin-conjugating enzyme E2 G2,1.34,0.2891,0.1028,4.93E-03,,,,,,,,,,
Ligand-dependent nuclear receptor corepressor-like protein,1.3,0.2609,0.0930,5.04E-03,,,,,,,,,,
NKG2D ligand 3,0.73,-0.3086,0.1101,5.06E-03,,,,,,,,,,
CD27 antigen,0.77,-0.26,0.0929,5.14E-03,,,,,,,,,,
Platelet-activating factor acetylhydrolase IB subunit beta,0.79,-0.2355,0.0849,5.52E-03,,,,,,,,,,
Non-receptor tyrosine-protein kinase TYK2,1.4,0.3359,0.1211,5.56E-03,,,,,,,,,,
"Alpha-(1,3)-fucosyltransferase 5",1.34,0.295,0.1066,5.65E-03,,,,,,,,,,
Inorganic pyrophosphatase,0.78,-0.2513,0.0909,5.73E-03,,,,,,,,,,
"Complement C3b, inactivated",1.42,0.3506,0.1272,5.86E-03,,,,,,,,,,
Growth factor receptor-bound protein 2,0.84,-0.1754,0.0638,5.98E-03,,,,,,,,,,
Spondin-1,1.31,0.271,0.0986,5.98E-03,,,,,,,,,,
C-X-C motif chemokine 9,1.28,0.2459,0.0896,6.07E-03,,,,,,,,,,
Ephrin-A4,1.35,0.2992,0.1098,6.43E-03,,,,,,,,,,
Mitogen-activated protein kinase 8,0.77,-0.2623,0.0964,6.53E-03,,,,,,,,,,
Leptin receptor,0.8,-0.2287,0.0842,6.60E-03,,,,,,,,,,
Triosephosphate isomerase,0.77,-0.2586,0.0956,6.80E-03,,,,,,,,,,
PIK3CA/PIK3R1,0.74,-0.2982,0.1105,6.96E-03,,,,,,,,,,
Tumor necrosis factor receptor superfamily member 19L,1.48,0.3924,0.1457,7.07E-03,,,,,,,,,,
Proliferation-associated protein 2G4,0.77,-0.2603,0.0967,7.08E-03,,,,,,,,,,
Dynein light chain roadblock-type 1,0.78,-0.2493,0.0928,7.24E-03,,,,,,,,,,
Apoptosis regulator Bcl-2,0.77,-0.2614,0.0974,7.30E-03,,,,,,,,,,
Fibroblast growth factor receptor 1,0.71,-0.3368,0.1257,7.37E-03,,,,,,,,,,
Proto-oncogene tyrosine-protein kinase Src,0.76,-0.2708,0.1011,7.40E-03,,,,,,,,,,
CD59 glycoprotein,1.37,0.3129,0.1169,7.42E-03,,,,,,,,,,
Mitogen-activated protein kinase 12,0.67,-0.3952,0.1477,7.47E-03,,,,,,,,,,
Tumor necrosis factor receptor superfamily member 11A,1.26,0.2287,0.0857,7.57E-03,,,,,,,,,,
HemK methyltransferase family member 2,0.77,-0.2665,0.0998,7.60E-03,,,,,,,,,,
Translationally-controlled tumor protein,0.79,-0.2402,0.0901,7.68E-03,,,,,,,,,,
Granzyme A,1.25,0.2223,0.0834,7.70E-03,,,,,,,,,,
Ubiquitin-conjugating enzyme E2 N,0.78,-0.2461,0.0927,7.91E-03,,,,,,,,,,
Apolipoprotein E (isoform E2),0.75,-0.2901,0.1095,8.09E-03,,,,,,,,,,
Adenylate kinase isoenzyme 1,0.78,-0.2456,0.0929,8.19E-03,,,,,,,,,,
Tyrosine-protein kinase BTK,0.79,-0.2365,0.0897,8.38E-03,,,,,,,,,,
Glucose-6-phosphate isomerase,0.81,-0.2136,0.0811,8.46E-03,,,,,,,,,,
Complement component C8,1.34,0.2906,0.1104,8.47E-03,,,,,,,,,,
Glypican-5,0.75,-0.2903,0.1103,8.49E-03,,,,,,,,,,
Ubiquitin-fold modifier-conjugating enzyme 1,0.81,-0.2061,0.0784,8.53E-03,,,,,,,,,,
"Malate dehydrogenase, cytoplasmic",0.77,-0.2581,0.0983,8.67E-03,,,,,,,,,,
Connective tissue-activating peptide III,0.78,-0.2422,0.0926,8.91E-03,,,,,,,,,,
Lumican,0.76,-0.2716,0.1041,9.04E-03,,,,,,,,,,
Alpha-soluble NSF attachment protein,0.79,-0.2389,0.0916,9.09E-03,,,,,,,,,,
Natural cytotoxicity triggering receptor 3,1.24,0.2161,0.0829,9.13E-03,,,,,,,,,,
Cystatin-SN,0.79,-0.2304,0.0885,9.18E-03,,,,,,,,,,
Pyruvate kinase PKM,0.78,-0.2426,0.0933,9.31E-03,,,,,,,,,,
C-C motif chemokine 15,1.31,0.2695,0.1037,9.33E-03,,,,,,,,,,
Gamma-enolase,0.84,-0.1793,0.0691,9.44E-03,,,,,,,,,,
Eukaryotic translation initiation factor 4 gamma 2,0.81,-0.2057,0.0793,9.55E-03,,,,,,,,,,
Legumain,1.27,0.2414,0.0931,9.56E-03,,,,,,,,,,
E3 SUMO-protein ligase PIAS4,1.33,0.2838,0.1095,9.58E-03,,,,,,,,,,
Cation-independent mannose-6-phosphate receptor,1.33,0.2886,0.1121,1.01E-02,,,,,,,,,,
C-C motif chemokine 27,0.72,-0.332,0.1293,1.02E-02,,,,,,,,,,
Transketolase,0.79,-0.2403,0.0936,1.02E-02,,,,,,,,,,
Small ubiquitin-related modifier 3,0.79,-0.2379,0.0928,1.03E-02,,,,,,,,,,
Cathepsin B,1.25,0.2235,0.0874,1.05E-02,,,,,,,,,,
Cyclin-dependent kinase 5:Cyclin-dependent kinase 5 activator 1 complex,1.3,0.2653,0.1037,1.05E-02,,,,,,,,,,
Interleukin-1 receptor-like 2,0.62,-0.4795,0.1881,1.08E-02,,,,,,,,,,
Ephrin-B1,0.69,-0.3668,0.1443,1.11E-02,,,,,,,,,,
14-3-3 protein epsilon,0.8,-0.2283,0.0900,1.12E-02,,,,,,,,,,
Platelet glycoprotein VI,0.78,-0.2432,0.0959,1.12E-02,,,,,,,,,,
Laminin,1.27,0.2355,0.0928,1.12E-02,,,,,,,,,,
Complement factor B,1.32,0.2778,0.1097,1.13E-02,,,,,,,,,,
Rab GDP dissociation inhibitor beta,0.79,-0.2382,0.0945,1.17E-02,,,,,,,,,,
Complement C5b-C6 complex,1.29,0.2554,0.1014,1.18E-02,,,,,,,,,,
Tumor necrosis factor ligand superfamily member 14,0.77,-0.259,0.1028,1.18E-02,,,,,,,,,,
Ras-related C3 botulinum toxin substrate 1,0.81,-0.2151,0.0855,1.19E-02,,,,,,,,,,
Histone acetyltransferase type B catalytic subunit,0.74,-0.2998,0.1194,1.21E-02,,,,,,,,,,
Complement factor H,1.38,0.3218,0.1284,1.22E-02,,,,,,,,,,
Mitogen-activated protein kinase 14,0.78,-0.2455,0.0982,1.24E-02,,,,,,,,,,
Mitogen-activated protein kinase 3,0.8,-0.2254,0.0905,1.27E-02,,,,,,,,,,
"Low-density lipoprotein receptor-related protein 1, soluble",0.63,-0.4591,0.1845,1.28E-02,,,,,,,,,,
Cell adhesion molecule-related/down-regulated by oncogenes,0.79,-0.2363,0.0951,1.29E-02,,,,,,,,,,
Annexin A2,0.79,-0.2337,0.0941,1.30E-02,,,,,,,,,,
Histidine-rich glycoprotein,0.77,-0.2576,0.1038,1.31E-02,,,,,,,,,,
Abelson tyrosine-protein kinase 2,1.22,0.195,0.0788,1.33E-02,,,,,,,,,,
Epidermal growth factor,0.78,-0.2484,0.1003,1.33E-02,,,,,,,,,,
Vacuolar protein sorting-associated protein VTA1 homolog,0.8,-0.2239,0.0906,1.34E-02,,,,,,,,,,
Kallikrein-14,1.46,0.3785,0.1530,1.34E-02,,,,,,,,,,
VPS10 domain-containing receptor SorCS2,0.78,-0.2465,0.0997,1.34E-02,,,,,,,,,,
Neutrophil-activating peptide 2,0.79,-0.2318,0.0938,1.35E-02,,,,,,,,,,
"WAP, Kazal, immunoglobulin, Kunitz and NTR domain-containing protein 2",0.79,-0.241,0.0976,1.35E-02,,,,,,,,,,
Cystatin-F,1.25,0.2207,0.0899,1.41E-02,,,,,,,,,,
Thrombospondin-1,0.81,-0.2169,0.0884,1.41E-02,,,,,,,,,,
Phospholipase A2,0.71,-0.3426,0.1399,1.43E-02,,,,,,,,,,
Thrombospondin-4,1.29,0.256,0.1046,1.44E-02,,,,,,,,,,
Tyrosine-protein kinase Lyn,0.8,-0.2216,0.0907,1.45E-02,,,,,,,,,,
CD97 antigen,1.31,0.2672,0.1095,1.46E-02,,,,,,,,,,
Fibroblast growth factor 17,1.17,0.1609,0.0660,1.48E-02,,,,,,,,,,
Gro-beta/gamma,0.8,-0.2244,0.0921,1.48E-02,,,,,,,,,,
Interleukin-3,0.8,-0.2172,0.0891,1.48E-02,,,,,,,,,,
Homeobox protein NANOG,1.17,0.1592,0.0655,1.50E-02,,,,,,,,,,
Fructose-bisphosphate aldolase A,0.8,-0.2221,0.0914,1.51E-02,,,,,,,,,,
Ficolin-2,1.2,0.1797,0.0740,1.52E-02,,,,,,,,,,
Junctional adhesion molecule B,0.78,-0.2546,0.1049,1.53E-02,,,,,,,,,,
Peptidyl-prolyl cis-trans isomerase E,0.8,-0.2261,0.0934,1.55E-02,,,,,,,,,,
Calcium/calmodulin-dependent protein kinase type II subunit alpha,0.79,-0.2398,0.0992,1.56E-02,,,,,,,,,,
Bcl-2-like protein 1,0.81,-0.2106,0.0875,1.61E-02,,,,,,,,,,
Protein kinase C alpha type,0.83,-0.1867,0.0777,1.63E-02,,,,,,,,,,
Transforming growth factor beta receptor type 3,0.77,-0.2592,0.1079,1.63E-02,,,,,,,,,,
Tumor necrosis factor receptor superfamily member 1B,1.32,0.2783,0.1158,1.63E-02,,,,,,,,,,
Lysozyme C,1.29,0.2559,0.1066,1.64E-02,,,,,,,,,,
Desert hedgehog protein N-product,0.77,-0.26,0.1087,1.68E-02,,,,,,,,,,
"Tyrosine-protein kinase Lyn, isoform B",0.82,-0.1967,0.0823,1.69E-02,,,,,,,,,,
"Neural cell adhesion molecule 1, 120 kDa isoform",0.81,-0.2137,0.0896,1.71E-02,,,,,,,,,,
BH3-interacting domain death agonist,0.78,-0.252,0.1059,1.73E-02,,,,,,,,,,
Glycogen synthase kinase-3 alpha/beta,0.81,-0.2151,0.0903,1.73E-02,,,,,,,,,,
Carbohydrate sulfotransferase 2,1.19,0.1718,0.0723,1.75E-02,,,,,,,,,,
Programmed cell death 1 ligand 2,0.81,-0.2103,0.0886,1.76E-02,,,,,,,,,,
Alpha-synuclein,0.82,-0.1937,0.0817,1.77E-02,,,,,,,,,,
Aflatoxin B1 aldehyde reductase member 2,0.81,-0.2148,0.0907,1.78E-02,,,,,,,,,,
SLAM family member 7,1.25,0.2264,0.0957,1.81E-02,,,,,,,,,,
Delta-like protein 4,0.69,-0.377,0.1596,1.82E-02,,,,,,,,,,
MAP kinase-activated protein kinase 3,0.79,-0.2354,0.0997,1.82E-02,,,,,,,,,,
Cytochrome P450 3A4,0.81,-0.2169,0.0919,1.83E-02,,,,,,,,,,
Lymphotoxin-alpha,1.18,0.1616,0.0688,1.88E-02,,,,,,,,,,
"Fatty acid-binding protein, epidermal",1.19,0.1715,0.0731,1.89E-02,,,,,,,,,,
Matrilysin,1.34,0.295,0.1261,1.93E-02,,,,,,,,,,
SPARC,0.81,-0.215,0.0919,1.93E-02,,,,,,,,,,
Tyrosine-protein kinase CSK,0.8,-0.2172,0.0929,1.94E-02,,,,,,,,,,
Protein S100-A12,1.19,0.1772,0.0765,2.05E-02,,,,,,,,,,
Cathepsin D,1.24,0.2141,0.0926,2.08E-02,,,,,,,,,,
Galectin-7,0.76,-0.2691,0.1165,2.09E-02,,,,,,,,,,
Protein E7_HPV18,1.18,0.1632,0.0709,2.14E-02,,,,,,,,,,
Kunitz-type protease inhibitor 2,0.81,-0.2158,0.0938,2.14E-02,,,,,,,,,,
von Willebrand factor,1.35,0.2974,0.1294,2.16E-02,,,,,,,,,,
PolyUbiquitin K63-linked,1.24,0.213,0.0928,2.17E-02,,,,,,,,,,
Baculoviral IAP repeat-containing protein 7 Isoform beta,1.22,0.2018,0.0880,2.18E-02,,,,,,,,,,
Vascular cell adhesion protein 1,1.26,0.2298,0.1002,2.18E-02,,,,,,,,,,
Platelet factor 4,0.81,-0.2069,0.0903,2.19E-02,,,,,,,,,,
Alpha-2-antiplasmin,0.79,-0.2308,0.1008,2.21E-02,,,,,,,,,,
Methionine aminopeptidase 1,0.81,-0.21,0.0930,2.39E-02,,,,,,,,,,
Phosphoglycerate kinase 1,0.79,-0.2327,0.1031,2.39E-02,,,,,,,,,,
S-phase kinase-associated protein 1,0.78,-0.2527,0.1118,2.39E-02,,,,,,,,,,
C3a anaphylatoxin,1.25,0.2249,0.0999,2.43E-02,,,,,,,,,,
Granulins,1.31,0.2702,0.1201,2.45E-02,,,,,,,,,,
Tropomyosin alpha-4 chain,0.81,-0.2064,0.0918,2.46E-02,,,,,,,,,,
"1-phosphatidylinositol 4,5-bisphosphate phosphodiesterase gamma-1",1.21,0.1922,0.0856,2.47E-02,,,,,,,,,,
Cadherin-2,1.22,0.1981,0.0884,2.50E-02,,,,,,,,,,
Sphingosine kinase 2,1.16,0.1491,0.0665,2.51E-02,,,,,,,,,,
Tyrosine-protein kinase ABL1,1.23,0.2094,0.0936,2.54E-02,,,,,,,,,,
3-phosphoinositide-dependent protein kinase 1,0.8,-0.2231,0.0999,2.54E-02,,,,,,,,,,
Kallikrein-12,1.34,0.295,0.1322,2.56E-02,,,,,,,,,,
Heterogeneous nuclear ribonucleoprotein A/B,0.78,-0.2496,0.1120,2.58E-02,,,,,,,,,,
E-selectin,1.27,0.2391,0.1073,2.58E-02,,,,,,,,,,
Phosphatidylethanolamine-binding protein 1,0.82,-0.1948,0.0876,2.61E-02,,,,,,,,,,
Tyrosine-protein kinase Fer,0.8,-0.2248,0.1011,2.62E-02,,,,,,,,,,
Fibroblast growth factor 16,0.81,-0.2144,0.0965,2.62E-02,,,,,,,,,,
NT-3 growth factor receptor,0.81,-0.2079,0.0937,2.65E-02,,,,,,,,,,
Lymphocyte antigen 86,0.84,-0.1686,0.0760,2.66E-02,,,,,,,,,,
Calcium/calmodulin-dependent protein kinase kinase 1,0.78,-0.252,0.1138,2.67E-02,,,,,,,,,,
Extracellular matrix protein 1,0.77,-0.2556,0.1153,2.67E-02,,,,,,,,,,
Complement C5,1.21,0.1896,0.0856,2.68E-02,,,,,,,,,,
Nucleoside diphosphate kinase B,0.85,-0.1621,0.0734,2.72E-02,,,,,,,,,,
Transforming growth factor-beta-induced protein ig-h3,1.27,0.2369,0.1073,2.73E-02,,,,,,,,,,
Mitochondrial glutamate carrier 2,1.26,0.2316,0.1049,2.73E-02,,,,,,,,,,
Tumor necrosis factor receptor superfamily member 18,0.78,-0.2431,0.1102,2.73E-02,,,,,,,,,,
Mast/stem cell growth factor receptor Kit,0.84,-0.172,0.0784,2.82E-02,,,,,,,,,,
Testican-1,0.82,-0.2016,0.0918,2.82E-02,,,,,,,,,,
Ephrin type-B receptor 6,0.79,-0.2368,0.1080,2.83E-02,,,,,,,,,,
D-dimer,1.28,0.249,0.1136,2.84E-02,,,,,,,,,,
Nascent polypeptide-associated complex subunit alpha,0.82,-0.2031,0.0926,2.84E-02,,,,,,,,,,
Sorting nexin-4,0.82,-0.2004,0.0917,2.88E-02,,,,,,,,,,
Mothers against decapentaplegic homolog 2,0.81,-0.2119,0.0972,2.92E-02,,,,,,,,,,
Lactoperoxidase,1.24,0.2165,0.0994,2.94E-02,,,,,,,,,,
Transgelin-2,0.8,-0.2206,0.1013,2.94E-02,,,,,,,,,,
Leukotriene A-4 hydrolase,1.22,0.2015,0.0925,2.95E-02,,,,,,,,,,
Serum amyloid A-1 protein,1.22,0.1974,0.0910,3.00E-02,,,,,,,,,,
Protein kinase C beta type (splice variant beta-II),0.81,-0.2146,0.0989,3.01E-02,,,,,,,,,,
Platelet-derived growth factor subunit A,0.83,-0.1903,0.0881,3.09E-02,,,,,,,,,,
Annexin A6,0.83,-0.1851,0.0859,3.11E-02,,,,,,,,,,
"3-hydroxyanthranilate 3,4-dioxygenase",0.81,-0.2081,0.0966,3.13E-02,,,,,,,,,,
Eukaryotic translation initiation factor 4H,0.85,-0.1647,0.0768,3.18E-02,,,,,,,,,,
Platelet glycoprotein Ib alpha chain,0.79,-0.2325,0.1084,3.19E-02,,,,,,,,,,
Myeloblastin,1.22,0.2013,0.0939,3.21E-02,,,,,,,,,,
40S ribosomal protein SA,0.8,-0.2183,0.1020,3.24E-02,,,,,,,,,,
"Aspartate aminotransferase, cytoplasmic",1.25,0.2248,0.1052,3.26E-02,,,,,,,,,,
Angiopoietin-related protein 4,1.24,0.215,0.1007,3.28E-02,,,,,,,,,,
Tyrosine-protein kinase Fyn,0.82,-0.1981,0.0929,3.30E-02,,,,,,,,,,
Cytosolic non-specific dipeptidase,0.81,-0.2111,0.0992,3.33E-02,,,,,,,,,,
Trefoil factor 3,1.19,0.1724,0.0810,3.34E-02,,,,,,,,,,
Insulin-degrading enzyme,0.78,-0.2547,0.1201,3.40E-02,,,,,,,,,,
Cytokine receptor common subunit gamma,0.81,-0.2146,0.1012,3.40E-02,,,,,,,,,,
14-3-3 protein zeta/delta,0.82,-0.2016,0.0952,3.42E-02,,,,,,,,,,
Stress-induced-phosphoprotein 1,0.83,-0.1893,0.0895,3.43E-02,,,,,,,,,,
Alpha-L-iduronidase,1.22,0.1957,0.0925,3.44E-02,,,,,,,,,,
Hepatitis A virus cellular receptor 2,1.28,0.2445,0.1156,3.44E-02,,,,,,,,,,
Tumor necrosis factor ligand superfamily member 9,0.76,-0.2707,0.1282,3.47E-02,,,,,,,,,,
Sialic acid-binding Ig-like lectin 6,1.17,0.1553,0.0735,3.47E-02,,,,,,,,,,
GDNF family receptor alpha-1,1.12,0.1138,0.0541,3.56E-02,,,,,,,,,,
GTP-binding nuclear protein Ran,0.83,-0.1832,0.0874,3.60E-02,,,,,,,,,,
Endothelial cell-selective adhesion molecule,0.8,-0.2284,0.1098,3.75E-02,,,,,,,,,,
Tumor necrosis factor,1.13,0.1231,0.0592,3.75E-02,,,,,,,,,,
Proteasome subunit alpha type-6,0.8,-0.2248,0.1088,3.88E-02,,,,,,,,,,
Aminoacylase-1,1.23,0.2109,0.1023,3.92E-02,,,,,,,,,,
Insulin-like growth factor-binding protein 4,1.22,0.1969,0.0956,3.95E-02,,,,,,,,,,
C-C motif chemokine 18,1.25,0.225,0.1094,3.98E-02,,,,,,,,,,
Limbic system-associated membrane protein,0.76,-0.2722,0.1325,3.99E-02,,,,,,,,,,
Noggin,0.81,-0.2133,0.1040,4.02E-02,,,,,,,,,,
Dual specificity tyrosine-phosphorylation-regulated kinase 3,1.15,0.1396,0.0681,4.04E-02,,,,,,,,,,
Cystatin-SA,0.85,-0.163,0.0796,4.05E-02,,,,,,,,,,
Cell adhesion molecule 3,0.74,-0.3041,0.1485,4.06E-02,,,,,,,,,,
Cathepsin Z,1.21,0.1935,0.0945,4.07E-02,,,,,,,,,,
Serine/threonine-protein kinase PAK 3,1.16,0.1454,0.0710,4.07E-02,,,,,,,,,,
Heat shock protein beta-1,0.83,-0.1815,0.0888,4.11E-02,,,,,,,,,,
Neurexophilin-1,1.25,0.2242,0.1103,4.20E-02,,,,,,,,,,
Interleukin-37,1.2,0.1783,0.0878,4.23E-02,,,,,,,,,,
Interleukin-13 receptor subunit alpha-1,1.2,0.1819,0.0899,4.31E-02,,,,,,,,,,
Complement component C7,1.23,0.2107,0.1045,4.37E-02,,,,,,,,,,
Mitogen-activated protein kinase 1,0.83,-0.1868,0.0928,4.41E-02,,,,,,,,,,
Complement decay-accelerating factor,0.81,-0.2138,0.1063,4.42E-02,,,,,,,,,,
Secreted frizzled-related protein 1,1.23,0.2062,0.1025,4.42E-02,,,,,,,,,,
OX-2 membrane glycoprotein,0.78,-0.2481,0.1234,4.44E-02,,,,,,,,,,
Cerebral dopamine neurotrophic factor,0.82,-0.2027,0.1011,4.50E-02,,,,,,,,,,
Proteasome activator complex subunit 3,0.79,-0.2383,0.1189,4.50E-02,,,,,,,,,,
Cytoskeleton-associated protein 2,1.21,0.1907,0.0952,4.51E-02,,,,,,,,,,
Fibrinogen,1.18,0.1676,0.0837,4.52E-02,,,,,,,,,,
"Glycerol-3-phosphate dehydrogenase [NAD(+)], cytoplasmic",1.2,0.1854,0.0927,4.56E-02,,,,,,,,,,
Inhibitor of growth protein 1,0.82,-0.1947,0.0974,4.56E-02,,,,,,,,,,
MAP kinase-activated protein kinase 2,0.83,-0.187,0.0936,4.57E-02,,,,,,,,,,
Alpha-2-macroglobulin,1.23,0.2072,0.1046,4.76E-02,,,,,,,,,,
Amphiregulin,0.82,-0.1998,0.1009,4.77E-02,,,,,,,,,,
Secreted and transmembrane protein 1,1.19,0.1718,0.0868,4.77E-02,,,,,,,,,,
Bcl2-associated agonist of cell death,0.82,-0.1954,0.0988,4.80E-02,,,,,,,,,,
Basigin,1.28,0.2465,0.1249,4.84E-02,,,,,,,,,,
Tumor necrosis factor receptor superfamily member 9,0.83,-0.1824,0.0926,4.88E-02,,,,,,,,,,
Cadherin-1,1.24,0.2115,0.1074,4.89E-02,,,,,,,,,,
Teratocarcinoma-derived growth factor 1,1.23,0.2091,0.1062,4.89E-02,,,,,,,,,,
Angiopoietin-1,0.82,-0.1999,0.1015,4.90E-02,,,,,,,,,,
C-C motif chemokine 2,1.22,0.2029,0.1032,4.93E-02,,,,,,,,,,
Pyridoxal kinase,0.73,-0.3092,0.1575,4.96E-02,,,,,,,,,,
SH2 domain-containing protein 1A,1.24,0.2186,0.1113,4.96E-02,,,,,,,,,,
Interleukin-23 receptor,0.79,-0.2382,0.1214,4.97E-02,,,,,,,,,,
Contactin-5,0.7,-0.3549,0.1815,5.05E-02,,,,,,,,,,
A disintegrin and metalloproteinase with thrombospondin motifs 4,0.87,-0.1412,0.0723,5.08E-02,,,,,,,,,,
"cGMP-dependent 3',5'-cyclic phosphodiesterase",1.18,0.1697,0.0869,5.08E-02,,,,,,,,,,
Tissue factor pathway inhibitor,1.35,0.3008,0.1546,5.16E-02,,,,,,,,,,
Histone deacetylase 8,0.75,-0.2883,0.1483,5.18E-02,,,,,,,,,,
Dickkopf-like protein 1,1.22,0.1976,0.1017,5.20E-02,,,,,,,,,,
Ribosome maturation protein SBDS,0.83,-0.1828,0.0941,5.21E-02,,,,,,,,,,
Aurora kinase B,1.13,0.1243,0.0640,5.22E-02,,,,,,,,,,
Alpha-2-HS-glycoprotein,0.8,-0.2265,0.1168,5.26E-02,,,,,,,,,,
C-C motif chemokine 3,1.23,0.2047,0.1058,5.30E-02,,,,,,,,,,
C-C motif chemokine 22,1.27,0.236,0.1220,5.31E-02,,,,,,,,,,
Repulsive guidance molecule A,0.84,-0.1734,0.0897,5.32E-02,,,,,,,,,,
Thyroglobulin,1.14,0.1335,0.0691,5.34E-02,,,,,,,,,,
MAP kinase-activated protein kinase 5,0.79,-0.2387,0.1239,5.42E-02,,,,,,,,,,
Interferon lambda-2,1.2,0.1805,0.0940,5.49E-02,,,,,,,,,,
Insulin-like growth factor-binding protein 6,0.78,-0.2423,0.1263,5.49E-02,,,,,,,,,,
Leucine-rich repeat transmembrane protein FLRT1,0.82,-0.2036,0.1069,5.67E-02,,,,,,,,,,
Protein kinase C delta type,0.82,-0.2033,0.1067,5.67E-02,,,,,,,,,,
Epiregulin,0.77,-0.2585,0.1362,5.77E-02,,,,,,,,,,
Tartrate-resistant acid phosphatase type 5,1.26,0.2294,0.1211,5.82E-02,,,,,,,,,,
Tumor necrosis factor receptor superfamily member 6B,1.16,0.1518,0.0802,5.83E-02,,,,,,,,,,
Proteasome activator complex subunit 1,0.82,-0.1959,0.1035,5.83E-02,,,,,,,,,,
ADP-ribosyl cyclase/cyclic ADP-ribose hydrolase 2,0.85,-0.1633,0.0863,5.84E-02,,,,,,,,,,
Histidine triad nucleotide-binding protein 1,0.8,-0.2226,0.1177,5.86E-02,,,,,,,,,,
PolyUbiquitin K48-linked,1.18,0.1685,0.0892,5.88E-02,,,,,,,,,,
Inhibin beta A chain,1.24,0.2173,0.1154,5.96E-02,,,,,,,,,,
High mobility group protein B1,0.82,-0.1955,0.1039,5.98E-02,,,,,,,,,,
Tumor necrosis factor receptor superfamily member 27,1.16,0.1445,0.0768,5.98E-02,,,,,,,,,,
Platelet-activating factor acetylhydrolase,0.8,-0.2258,0.1200,5.99E-02,,,,,,,,,,
Antileukoproteinase,1.18,0.165,0.0878,6.01E-02,,,,,,,,,,
Chitinase-3-like protein 1,1.23,0.204,0.1085,6.01E-02,,,,,,,,,,
Casein kinase II 2-alpha':2-beta heterotetramer,0.82,-0.1992,0.1062,6.06E-02,,,,,,,,,,
Neurexin-1-beta,0.68,-0.3866,0.2061,6.06E-02,,,,,,,,,,
Cystatin-M,0.81,-0.2085,0.1112,6.09E-02,,,,,,,,,,
Elongation factor 1-beta,0.81,-0.2123,0.1134,6.12E-02,,,,,,,,,,
Roundabout homolog 3,1.21,0.1943,0.1038,6.13E-02,,,,,,,,,,
Tyrosine-protein kinase ZAP-70,1.31,0.2669,0.1426,6.13E-02,,,,,,,,,,
Opioid-binding protein/cell adhesion molecule,1.24,0.2141,0.1145,6.15E-02,,,,,,,,,,
Heat shock protein HSP 90-alpha/beta,0.83,-0.1847,0.0989,6.19E-02,,,,,,,,,,
Granzyme B,1.2,0.1832,0.0984,6.26E-02,,,,,,,,,,
Synaptosomal-associated protein 25,1.17,0.16,0.0861,6.30E-02,,,,,,,,,,
cAMP-regulated phosphoprotein 19,0.83,-0.1835,0.0988,6.34E-02,,,,,,,,,,
Apolipoprotein E (isoform E4),0.81,-0.2075,0.1123,6.46E-02,,,,,,,,,,
Transforming growth factor beta-3,1.12,0.113,0.0613,6.51E-02,,,,,,,,,,
Protein amnionless,1.17,0.1533,0.0832,6.53E-02,,,,,,,,,,
Galactoside 3(4)-L-fucosyltransferase,1.25,0.227,0.1231,6.53E-02,,,,,,,,,,
Glycylpeptide N-tetradecanoyltransferase 1,0.83,-0.1866,0.1012,6.53E-02,,,,,,,,,,
Alcohol dehydrogenase [NADP(+)],0.85,-0.1636,0.0889,6.56E-02,,,,,,,,,,
Tumor necrosis factor receptor superfamily member 13C,0.78,-0.249,0.1353,6.58E-02,,,,,,,,,,
Leucine-rich repeat transmembrane neuronal protein 1,1.19,0.1741,0.0946,6.58E-02,,,,,,,,,,
"3-hydroxyisobutyrate dehydrogenase, mitochondrial",1.19,0.1706,0.0930,6.66E-02,,,,,,,,,,
N-acetyl-D-glucosamine kinase,0.82,-0.1959,0.1070,6.71E-02,,,,,,,,,,
Cyclin-dependent kinase 8:Cyclin-C complex,0.79,-0.2348,0.1286,6.78E-02,,,,,,,,,,
Neuropilin-1,0.83,-0.1859,0.1019,6.81E-02,,,,,,,,,,
Calpain I,0.85,-0.159,0.0873,6.86E-02,,,,,,,,,,
Plasma protease C1 inhibitor,1.17,0.1595,0.0876,6.87E-02,,,,,,,,,,
Calcium/calmodulin-dependent protein kinase type II subunit delta,0.83,-0.184,0.1010,6.87E-02,,,,,,,,,,
Scavenger receptor cysteine-rich type 1 protein M130,1.2,0.1824,0.1006,6.99E-02,,,,,,,,,,
Tumor necrosis factor receptor superfamily member 21,0.82,-0.2043,0.1130,7.05E-02,,,,,,,,,,
SLIT and NTRK-like protein 1,0.73,-0.3203,0.1777,7.14E-02,,,,,,,,,,
Beta-2-microglobulin,1.25,0.2261,0.1255,7.15E-02,,,,,,,,,,
14-3-3 protein family,0.82,-0.2004,0.1115,7.23E-02,,,,,,,,,,
Lysosomal protective protein,1.18,0.1649,0.0921,7.32E-02,,,,,,,,,,
Hsp90 co-chaperone Cdc37,0.83,-0.1876,0.1047,7.32E-02,,,,,,,,,,
C-C motif chemokine 3-like 1,1.21,0.1881,0.1051,7.35E-02,,,,,,,,,,
Tumor necrosis factor receptor superfamily member 1A,1.21,0.1919,0.1074,7.41E-02,,,,,,,,,,
Interleukin-5,1.15,0.1385,0.0776,7.42E-02,,,,,,,,,,
Cryptic protein,0.83,-0.1919,0.1076,7.45E-02,,,,,,,,,,
Interferon lambda-1,0.78,-0.2492,0.1401,7.52E-02,,,,,,,,,,
Beta-endorphin,0.8,-0.221,0.1251,7.73E-02,,,,,,,,,,
Tyrosine-protein kinase Yes,0.84,-0.1702,0.0965,7.78E-02,,,,,,,,,,
Protein disulfide-isomerase A3,0.84,-0.1736,0.0985,7.80E-02,,,,,,,,,,
Alpha-enolase,0.84,-0.1748,0.0994,7.86E-02,,,,,,,,,,
Protein S100-A6,0.83,-0.1846,0.1049,7.86E-02,,,,,,,,,,
Calcineurin subunit B type 1,1.24,0.2138,0.1216,7.88E-02,,,,,,,,,,
Ephrin type-A receptor 1,0.87,-0.141,0.0804,7.95E-02,,,,,,,,,,
Ck-beta-8-1,1.2,0.1845,0.1053,7.98E-02,,,,,,,,,,
Neurexin-3-beta,0.78,-0.2505,0.1433,8.04E-02,,,,,,,,,,
Prothrombin,0.81,-0.2046,0.1170,8.04E-02,,,,,,,,,,
Inosine-5'-monophosphate dehydrogenase 2,0.83,-0.1913,0.1097,8.12E-02,,,,,,,,,,
Delta-like protein 1,1.15,0.1398,0.0804,8.19E-02,,,,,,,,,,
Cytokine receptor-like factor 2,0.76,-0.2783,0.1600,8.20E-02,,,,,,,,,,
Bone morphogenetic protein 10,1.19,0.1725,0.0992,8.22E-02,,,,,,,,,,
Macrophage-capping protein,1.18,0.1647,0.0948,8.23E-02,,,,,,,,,,
Histone-lysine N-methyltransferase EHMT2,0.81,-0.2161,0.1243,8.23E-02,,,,,,,,,,
Apolipoprotein D,1.34,0.2917,0.1680,8.25E-02,,,,,,,,,,
SPARC-related modular calcium-binding protein 1,1.19,0.1751,0.1009,8.25E-02,,,,,,,,,,
Pulmonary surfactant-associated protein D,0.83,-0.184,0.1061,8.27E-02,,,,,,,,,,
Cadherin-5,0.84,-0.1794,0.1035,8.31E-02,,,,,,,,,,
Lactadherin,1.22,0.1948,0.1124,8.31E-02,,,,,,,,,,
Epidermal growth factor receptor,0.83,-0.1836,0.1060,8.33E-02,,,,,,,,,,
Calcium/calmodulin-dependent protein kinase type 1D,1.15,0.1362,0.0789,8.43E-02,,,,,,,,,,
Adhesion G-protein coupled receptor G5,0.78,-0.2492,0.1445,8.47E-02,,,,,,,,,,
Superoxide dismutase [Cu-Zn],0.8,-0.2229,0.1295,8.52E-02,,,,,,,,,,
Persephin,1.13,0.1246,0.0725,8.59E-02,,,,,,,,,,
Tissue Factor,1.17,0.16,0.0932,8.59E-02,,,,,,,,,,
Kallikrein-6,1.24,0.2135,0.1246,8.65E-02,,,,,,,,,,
Interleukin-16,1.14,0.1273,0.0744,8.70E-02,,,,,,,,,,
HERV-H LTR-associating protein 2,0.79,-0.233,0.1362,8.71E-02,,,,,,,,,,
UMP-CMP kinase,1.2,0.1839,0.1077,8.77E-02,,,,,,,,,,
L-Selectin,0.84,-0.1685,0.0988,8.82E-02,,,,,,,,,,
Eukaryotic translation initiation factor 4E-binding protein 2,0.85,-0.1609,0.0945,8.86E-02,,,,,,,,,,
Mothers against decapentaplegic homolog 3,0.84,-0.1796,0.1056,8.91E-02,,,,,,,,,,
Carbonic anhydrase 3,1.17,0.1607,0.0945,8.92E-02,,,,,,,,,,
Scavenger receptor class F member 1,0.83,-0.1805,0.1063,8.94E-02,,,,,,,,,,
Low-density lipoprotein receptor-related protein 8,0.81,-0.2116,0.1247,8.97E-02,,,,,,,,,,
C-C motif chemokine 5,0.86,-0.1502,0.0885,8.97E-02,,,,,,,,,,
Growth/differentiation factor 9,0.84,-0.1704,0.1004,8.98E-02,,,,,,,,,,
Complement C4b,1.18,0.1627,0.0959,8.99E-02,,,,,,,,,,
Amyloid beta A4 protein,0.85,-0.1584,0.0936,9.07E-02,,,,,,,,,,
Kremen protein 2,0.82,-0.1933,0.1145,9.13E-02,,,,,,,,,,
Pyridoxal phosphate phosphatase,0.83,-0.1876,0.1115,9.25E-02,,,,,,,,,,
Proprotein convertase subtilisin/kexin type 9,1.17,0.1572,0.0935,9.27E-02,,,,,,,,,,
Interleukin-6 receptor subunit alpha,1.2,0.1797,0.1071,9.33E-02,,,,,,,,,,
Alpha-1-antichymotrypsin,1.18,0.1689,0.1007,9.35E-02,,,,,,,,,,
Dual specificity mitogen-activated protein kinase kinase 4,0.83,-0.1804,0.1080,9.48E-02,,,,,,,,,,
Methionine aminopeptidase 2,0.86,-0.1503,0.0903,9.59E-02,,,,,,,,,,
Cytoplasmic protein NCK1,0.83,-0.1912,0.1148,9.60E-02,,,,,,,,,,
Ephrin-B2,0.87,-0.1364,0.0822,9.68E-02,,,,,,,,,,
Dermatopontin,1.16,0.1448,0.0872,9.69E-02,,,,,,,,,,
NAD-dependent protein deacetylase sirtuin-2,1.16,0.1463,0.0881,9.69E-02,,,,,,,,,,
Casein kinase II subunit alpha,0.8,-0.2201,0.1326,9.71E-02,,,,,,,,,,
Cytotoxic T-lymphocyte protein 4,1.19,0.1709,0.1034,9.84E-02,,,,,,,,,,
Plasma serine protease inhibitor,0.85,-0.1656,0.1002,9.84E-02,,,,,,,,,,
C-X-C motif chemokine 6,0.83,-0.1841,0.1115,9.88E-02,,,,,,,,,,
CD209 antigen,0.85,-0.1645,0.0997,9.89E-02,,,,,,,,,,
Eukaryotic translation initiation factor 5A-1,0.86,-0.1521,0.0923,9.93E-02,,,,,,,,,,
"Ubiquitin+1, truncated mutation for UbB",0.85,-0.1669,0.1019,1.01E-01,,,,,,,,,,
Adhesion G protein-coupled receptor E2,0.84,-0.1802,0.1103,1.02E-01,,,,,,,,,,
Growth-regulated alpha protein,0.84,-0.1688,0.1031,1.02E-01,,,,,,,,,,
Galectin-10,0.83,-0.1828,0.1117,1.02E-01,,,,,,,,,,
Phosphoglucomutase-1,1.22,0.1995,0.1221,1.02E-01,,,,,,,,,,
Tropomyosin beta chain,1.2,0.1842,0.1127,1.02E-01,,,,,,,,,,
Fibronectin Fragment 4,1.22,0.1953,0.1201,1.04E-01,,,,,,,,,,
Leukocyte surface antigen CD47,0.77,-0.2555,0.1574,1.05E-01,,,,,,,,,,
DNA repair protein RAD51 homolog 1,1.12,0.1122,0.0692,1.05E-01,,,,,,,,,,
Trypsin-1,0.81,-0.2097,0.1293,1.05E-01,,,,,,,,,,
Interleukin-3 receptor subunit alpha,0.84,-0.1738,0.1076,1.06E-01,,,,,,,,,,
Osteomodulin,0.84,-0.1761,0.1088,1.06E-01,,,,,,,,,,
Heparan-sulfate 6-O-sulfotransferase 1,1.19,0.1704,0.1056,1.07E-01,,,,,,,,,,
C-C motif chemokine 23,1.17,0.1599,0.0991,1.07E-01,,,,,,,,,,
Ephrin type-B receptor 4,1.19,0.1716,0.1069,1.08E-01,,,,,,,,,,
Secretin,0.82,-0.1953,0.1214,1.08E-01,,,,,,,,,,
Interleukin-17D,1.14,0.1287,0.0804,1.09E-01,,,,,,,,,,
Neurogenic locus notch homolog protein 3,0.81,-0.2164,0.1349,1.09E-01,,,,,,,,,,
Mammaglobin-B,0.89,-0.1148,0.0720,1.11E-01,,,,,,,,,,
Protein Z-dependent protease inhibitor,1.19,0.1702,0.1069,1.11E-01,,,,,,,,,,
Transforming growth factor beta-1,0.84,-0.1715,0.1077,1.11E-01,,,,,,,,,,
Brother of CDO,0.85,-0.1626,0.1023,1.12E-01,,,,,,,,,,
Cathepsin E,1.17,0.158,0.0994,1.12E-01,,,,,,,,,,
Endothelial monocyte-activating polypeptide 2,1.15,0.1365,0.0860,1.13E-01,,,,,,,,,,
Sclerostin,1.18,0.1681,0.1059,1.13E-01,,,,,,,,,,
Amphoterin-induced protein 2,1.16,0.1463,0.0925,1.14E-01,,,,,,,,,,
Complement C3,1.16,0.1498,0.0947,1.14E-01,,,,,,,,,,
Galectin-3,1.18,0.1665,0.1055,1.14E-01,,,,,,,,,,
Granzyme H,1.19,0.1775,0.1122,1.14E-01,,,,,,,,,,
Epidermal growth factor receptor substrate 15-like 1,0.8,-0.217,0.1378,1.15E-01,,,,,,,,,,
Lithostathine-1-alpha,0.83,-0.1913,0.1214,1.15E-01,,,,,,,,,,
Fibroblast growth factor 20,1.23,0.2049,0.1304,1.16E-01,,,,,,,,,,
Myeloid cell surface antigen CD33,1.17,0.1571,0.1000,1.16E-01,,,,,,,,,,
Apolipoprotein E (isoform E3),0.86,-0.1457,0.0929,1.17E-01,,,,,,,,,,
14-3-3 protein theta,1.12,0.1114,0.0713,1.18E-01,,,,,,,,,,
3-hydroxyacyl-CoA dehydrogenase type-2,0.84,-0.1703,0.1089,1.18E-01,,,,,,,,,,
Fms-related tyrosine kinase 3 ligand,0.84,-0.1747,0.1117,1.18E-01,,,,,,,,,,
Insulin-like growth factor I,0.84,-0.1711,0.1095,1.18E-01,,,,,,,,,,
Junctional adhesion molecule C,0.84,-0.175,0.1118,1.18E-01,,,,,,,,,,
E3 ubiquitin-protein ligase RNF43,1.11,0.1054,0.0673,1.18E-01,,,,,,,,,,
Olfactomedin-4,1.23,0.2055,0.1319,1.19E-01,,,,,,,,,,
Toll-like receptor 4,1.19,0.1724,0.1105,1.19E-01,,,,,,,,,,
Natural killer cell receptor 2B4,0.83,-0.1915,0.1236,1.21E-01,,,,,,,,,,
Tumor-associated calcium signal transducer 2,0.8,-0.2171,0.1402,1.21E-01,,,,,,,,,,
15-hydroxyprostaglandin dehydrogenase [NAD(+)],0.85,-0.1634,0.1052,1.21E-01,,,,,,,,,,
Connective tissue growth factor,0.85,-0.1656,0.1076,1.24E-01,,,,,,,,,,
Kallikrein-4,1.13,0.1227,0.0805,1.27E-01,,,,,,,,,,
Kallikrein-5,1.17,0.1608,0.1053,1.27E-01,,,,,,,,,,
Protein kinase C theta type,0.85,-0.1625,0.1064,1.27E-01,,,,,,,,,,
Formimidoyltransferase-cyclodeaminase,0.87,-0.1418,0.0935,1.29E-01,,,,,,,,,,
Creatine kinase B-type,1.16,0.1464,0.0966,1.30E-01,,,,,,,,,,
Endostatin,1.22,0.1972,0.1303,1.30E-01,,,,,,,,,,
Prolactin,1.16,0.1454,0.0961,1.30E-01,,,,,,,,,,
Beta-Ala-His dipeptidase,0.86,-0.1542,0.1023,1.32E-01,,,,,,,,,,
Somatostatin-28,0.79,-0.2369,0.1574,1.32E-01,,,,,,,,,,
"Advanced glycosylation end product-specific receptor, soluble",0.87,-0.1423,0.0945,1.32E-01,,,,,,,,,,
Desmocollin-2,1.19,0.1739,0.1158,1.33E-01,,,,,,,,,,
Kunitz-type protease inhibitor 1,0.86,-0.1466,0.0975,1.33E-01,,,,,,,,,,
Histone acetyltransferase KAT6A,1.12,0.1128,0.0751,1.33E-01,,,,,,,,,,
Peptidyl-prolyl cis-trans isomerase D,0.87,-0.1396,0.0928,1.33E-01,,,,,,,,,,
Coagulation factor VII,0.85,-0.1616,0.1079,1.34E-01,,,,,,,,,,
Chromogranin-A,0.86,-0.1492,0.0998,1.35E-01,,,,,,,,,,
Tumor necrosis factor receptor superfamily member 4,0.89,-0.1129,0.0758,1.36E-01,,,,,,,,,,
Macrophage colony-stimulating factor 1 receptor,1.19,0.1758,0.1183,1.37E-01,,,,,,,,,,
C-C motif chemokine 28,0.85,-0.16,0.1080,1.38E-01,,,,,,,,,,
Hepatocyte growth factor receptor,0.87,-0.1385,0.0933,1.38E-01,,,,,,,,,,
Dual specificity mitogen-activated protein kinase kinase 2,0.85,-0.1649,0.1112,1.38E-01,,,,,,,,,,
Transcription factor IIIB 90 kDa subunit,1.18,0.1695,0.1145,1.39E-01,,,,,,,,,,
40S ribosomal protein S3,0.84,-0.1714,0.1157,1.39E-01,,,,,,,,,,
Microtubule-associated protein tau,0.84,-0.1715,0.1158,1.39E-01,,,,,,,,,,
Leucine-rich repeat serine/threonine-protein kinase 2,1.17,0.1588,0.1076,1.40E-01,,,,,,,,,,
Serine/threonine-protein kinase MRCK beta,1.18,0.1648,0.1118,1.40E-01,,,,,,,,,,
Platelet-derived growth factor C,1.15,0.1441,0.0977,1.40E-01,,,,,,,,,,
C-type lectin domain family 4 member M,1.16,0.1486,0.1011,1.41E-01,,,,,,,,,,
Low affinity immunoglobulin gamma Fc region receptor III-B,1.15,0.1393,0.0946,1.41E-01,,,,,,,,,,
Baculoviral IAP repeat-containing protein 5,1.09,0.0848,0.0576,1.41E-01,,,,,,,,,,
Apolipoprotein A-I,0.87,-0.1346,0.0917,1.42E-01,,,,,,,,,,
Complement C2,1.19,0.1776,0.1213,1.43E-01,,,,,,,,,,
Angiostatin,1.16,0.1468,0.1004,1.44E-01,,,,,,,,,,
Caspase-2,0.87,-0.1396,0.0956,1.44E-01,,,,,,,,,,
Protein SET,1.15,0.1413,0.0969,1.45E-01,,,,,,,,,,
Semaphorin-6B,1.18,0.1639,0.1130,1.47E-01,,,,,,,,,,
Wnt inhibitory factor 1,1.18,0.1673,0.1156,1.48E-01,,,,,,,,,,
Protein S100-A9,1.13,0.1229,0.0856,1.51E-01,,,,,,,,,,
Reticulon-4 receptor,1.17,0.1557,0.1087,1.52E-01,,,,,,,,,,
Neurogenic locus notch homolog protein 1,0.91,-0.0991,0.0692,1.52E-01,,,,,,,,,,
Vascular endothelial growth factor C,0.86,-0.1522,0.1061,1.52E-01,,,,,,,,,,
Interleukin-20,1.14,0.1284,0.0900,1.54E-01,,,,,,,,,,
E3 ubiquitin-protein ligase CHIP,0.86,-0.1553,0.1092,1.55E-01,,,,,,,,,,
Interleukin-18 receptor accessory protein,1.17,0.1561,0.1097,1.55E-01,,,,,,,,,,
Apolipoprotein E,0.86,-0.1517,0.1070,1.56E-01,,,,,,,,,,
P-selectin,0.87,-0.1431,0.1010,1.56E-01,,,,,,,,,,
Hemojuvelin,0.84,-0.1777,0.1252,1.56E-01,,,,,,,,,,
FACT complex subunit SSRP1,1.16,0.1504,0.1059,1.56E-01,,,,,,,,,,
Bone morphogenetic protein receptor type-1A,0.79,-0.2404,0.1698,1.57E-01,,,,,,,,,,
Interleukin-17 receptor C,1.14,0.1327,0.0937,1.57E-01,,,,,,,,,,
Interleukin-17 receptor A,0.88,-0.1255,0.0890,1.58E-01,,,,,,,,,,
Sialic acid-binding Ig-like lectin 14,1.24,0.2157,0.1526,1.58E-01,,,,,,,,,,
Endothelin-converting enzyme 1,1.2,0.1794,0.1275,1.59E-01,,,,,,,,,,
40S ribosomal protein S7,0.86,-0.1518,0.1079,1.59E-01,,,,,,,,,,
CD40 ligand,0.83,-0.1805,0.1286,1.60E-01,,,,,,,,,,
Fetuin-B,1.14,0.1286,0.0915,1.60E-01,,,,,,,,,,
Lipopolysaccharide-binding protein,1.19,0.1714,0.1219,1.60E-01,,,,,,,,,,
Lymphotoxin alpha1:beta2,0.85,-0.166,0.1182,1.60E-01,,,,,,,,,,
Agouti-related protein,1.19,0.1736,0.1239,1.61E-01,,,,,,,,,,
Casein kinase II 2-alpha:2-beta heterotetramer,0.87,-0.1401,0.1002,1.62E-01,,,,,,,,,,
Fibroblast growth factor 7,0.87,-0.1348,0.0963,1.62E-01,,,,,,,,,,
Interleukin-22 receptor subunit alpha-1,1.18,0.1639,0.1174,1.63E-01,,,,,,,,,,
Signal transducer and activator of transcription 6,0.84,-0.1765,0.1264,1.63E-01,,,,,,,,,,
Angiotensin-converting enzyme 2,0.85,-0.1631,0.1176,1.65E-01,,,,,,,,,,
Hexokinase-1,1.12,0.1136,0.0820,1.66E-01,,,,,,,,,,
Ectonucleotide pyrophosphatase/phosphodiesterase family member 7,1.15,0.1387,0.1003,1.67E-01,,,,,,,,,,
Death-associated protein kinase 2,0.86,-0.155,0.1123,1.68E-01,,,,,,,,,,
GTPase KRas,1.15,0.141,0.1023,1.68E-01,,,,,,,,,,
Peroxiredoxin-1,0.86,-0.1472,0.1071,1.69E-01,,,,,,,,,,
Serotransferrin,0.86,-0.1523,0.1108,1.69E-01,,,,,,,,,,
Fibroblast growth factor 5,0.87,-0.1378,0.1006,1.71E-01,,,,,,,,,,
DnaJ homolog subfamily B member 1,0.85,-0.1605,0.1171,1.71E-01,,,,,,,,,,
Serine/threonine-protein kinase PAK 7,0.87,-0.1374,0.1004,1.71E-01,,,,,,,,,,
NKG2-D type II integral membrane protein,0.9,-0.1084,0.0797,1.74E-01,,,,,,,,,,
Secreted frizzled-related protein 3,1.15,0.1429,0.1052,1.74E-01,,,,,,,,,,
Carboxypeptidase E,0.89,-0.1123,0.0828,1.75E-01,,,,,,,,,,
Matrilin-2,0.87,-0.1357,0.1002,1.76E-01,,,,,,,,,,
Transcription factor AP-1,0.9,-0.102,0.0756,1.77E-01,,,,,,,,,,
PILR alpha-associated neural protein,0.88,-0.1314,0.0975,1.78E-01,,,,,,,,,,
Bcl-2-related protein A1,0.81,-0.2143,0.1600,1.80E-01,,,,,,,,,,
Fibroblast growth factor 8 isoform A,0.8,-0.2192,0.1638,1.81E-01,,,,,,,,,,
Cystatin-C,1.21,0.1927,0.1447,1.83E-01,,,,,,,,,,
NudC domain-containing protein 3,0.78,-0.2516,0.1894,1.84E-01,,,,,,,,,,
Heterogeneous nuclear ribonucleoproteins A2/B1,0.86,-0.1461,0.1103,1.85E-01,,,,,,,,,,
Kallikrein-7,0.86,-0.1495,0.1128,1.85E-01,,,,,,,,,,
Cathepsin L2,0.88,-0.1241,0.0937,1.86E-01,,,,,,,,,,
Hexokinase-2,0.87,-0.1337,0.1011,1.86E-01,,,,,,,,,,
Insulin-like growth factor-binding protein 2,0.87,-0.1379,0.1042,1.86E-01,,,,,,,,,,
Interleukin-34,1.12,0.1093,0.0826,1.86E-01,,,,,,,,,,
Mannose-binding protein C,1.14,0.1326,0.1002,1.86E-01,,,,,,,,,,
Coagulation factor IX,1.25,0.2237,0.1695,1.87E-01,,,,,,,,,,
CD109 antigen,0.88,-0.132,0.1002,1.88E-01,,,,,,,,,,
Tumor necrosis factor receptor superfamily member 10B,1.13,0.1266,0.0962,1.88E-01,,,,,,,,,,
"Thymidine kinase, cytosolic",1.08,0.0753,0.0573,1.89E-01,,,,,,,,,,
"Serine protease HTRA2, mitochondrial",0.89,-0.1118,0.0854,1.91E-01,,,,,,,,,,
Killer cell immunoglobulin-like receptor 3DL2,0.89,-0.1122,0.0858,1.91E-01,,,,,,,,,,
Interferon alpha-2,1.16,0.15,0.1151,1.92E-01,,,,,,,,,,
Proprotein convertase subtilisin/kexin type 7,1.17,0.1549,0.1186,1.92E-01,,,,,,,,,,
Hemoglobin,1.15,0.1437,0.1104,1.93E-01,,,,,,,,,,
Tyrosine-protein phosphatase non-receptor type 11,0.88,-0.1243,0.0955,1.93E-01,,,,,,,,,,
Azurocidin,0.82,-0.1955,0.1504,1.94E-01,,,,,,,,,,
Neutrophil collagenase,0.85,-0.1631,0.1256,1.94E-01,,,,,,,,,,
Neuregulin-4,0.85,-0.158,0.1219,1.95E-01,,,,,,,,,,
Carbohydrate sulfotransferase 6,1.1,0.0972,0.0753,1.97E-01,,,,,,,,,,
Atrial natriuretic factor,1.17,0.1557,0.1210,1.98E-01,,,,,,,,,,
Asialoglycoprotein receptor 1,1.19,0.1775,0.1381,1.98E-01,,,,,,,,,,
Complement factor H-related protein 5,1.13,0.1209,0.0940,1.98E-01,,,,,,,,,,
Kallikrein-8,0.88,-0.1324,0.1028,1.98E-01,,,,,,,,,,
"Myosin-binding protein C, slow-type",1.14,0.1283,0.1003,2.01E-01,,,,,,,,,,
Glia-derived nexin,0.87,-0.1434,0.1122,2.01E-01,,,,,,,,,,
Interleukin-13,0.84,-0.1703,0.1337,2.03E-01,,,,,,,,,,
Serine protease 27,1.12,0.1154,0.0906,2.03E-01,,,,,,,,,,
alpha-Fetoprotein,0.84,-0.1699,0.1340,2.05E-01,,,,,,,,,,
Signal transducer and activator of transcription 3,0.88,-0.1305,0.1031,2.05E-01,,,,,,,,,,
Interleukin-36 alpha,1.14,0.1271,0.1005,2.06E-01,,,,,,,,,,
Serine/threonine-protein kinase PAK 6,0.89,-0.1152,0.0912,2.06E-01,,,,,,,,,,
Group IIE secretory phospholipase A2,1.16,0.1487,0.1179,2.07E-01,,,,,,,,,,
Interleukin-2 receptor subunit alpha,1.12,0.1135,0.0899,2.07E-01,,,,,,,,,,
Platelet-derived growth factor subunit B,0.89,-0.1111,0.0881,2.07E-01,,,,,,,,,,
Vasoactive Intestinal Peptide,0.79,-0.2298,0.1823,2.07E-01,,,,,,,,,,
Neural cell adhesion molecule L1-like protein,0.88,-0.1287,0.1025,2.09E-01,,,,,,,,,,
CD70 antigen,0.86,-0.1524,0.1216,2.10E-01,,,,,,,,,,
Cadherin-6,1.11,0.1069,0.0855,2.11E-01,,,,,,,,,,
CD5 antigen-like,1.12,0.1114,0.0891,2.11E-01,,,,,,,,,,
Prostaglandin G/H synthase 2,0.87,-0.1435,0.1147,2.11E-01,,,,,,,,,,
Follistatin-related protein 1,1.15,0.1365,0.1092,2.11E-01,,,,,,,,,,
Tyrosine-protein phosphatase non-receptor type 6,0.88,-0.1286,0.1027,2.11E-01,,,,,,,,,,
Thymic stromal lymphopoietin,0.86,-0.1476,0.1181,2.11E-01,,,,,,,,,,
Adrenomedullin,0.87,-0.1358,0.1087,2.12E-01,,,,,,,,,,
Lymphotactin,1.15,0.1363,0.1092,2.12E-01,,,,,,,,,,
Interferon gamma receptor 1,0.82,-0.2,0.1606,2.13E-01,,,,,,,,,,
Kin of IRRE-like protein 3,0.74,-0.3026,0.2430,2.13E-01,,,,,,,,,,
Insulin-like growth factor-binding protein 1,0.88,-0.1276,0.1028,2.14E-01,,,,,,,,,,
Leukemia inhibitory factor receptor,1.13,0.1198,0.0967,2.15E-01,,,,,,,,,,
Biglycan,0.89,-0.1155,0.0934,2.16E-01,,,,,,,,,,
Aggrecan core protein,0.84,-0.1689,0.1369,2.17E-01,,,,,,,,,,
"Vascular endothelial growth factor A, isoform 121",1.11,0.1054,0.0855,2.17E-01,,,,,,,,,,
Fibroblast growth factor 10,0.85,-0.1576,0.1283,2.19E-01,,,,,,,,,,
Transforming growth factor beta-2,1.1,0.0962,0.0782,2.19E-01,,,,,,,,,,
Fibroblast growth factor 1,1.12,0.1116,0.0913,2.22E-01,,,,,,,,,,
Dynactin subunit 2,1.14,0.1281,0.1049,2.22E-01,,,,,,,,,,
Interleukin-6,1.14,0.1279,0.1048,2.22E-01,,,,,,,,,,
Myeloperoxidase,1.12,0.1149,0.0940,2.22E-01,,,,,,,,,,
E3 ubiquitin-protein ligase Mdm2,1.13,0.1214,0.0995,2.23E-01,,,,,,,,,,
Membrane metallo-endopeptidase-like 1,0.85,-0.1617,0.1325,2.23E-01,,,,,,,,,,
Chymase,0.84,-0.1761,0.1450,2.25E-01,,,,,,,,,,
"Tumor necrosis factor ligand superfamily member 6, soluble form",1.17,0.1551,0.1278,2.25E-01,,,,,,,,,,
Thrombopoietin,0.9,-0.1014,0.0839,2.27E-01,,,,,,,,,,
Heparin cofactor 2,1.17,0.1554,0.1290,2.28E-01,,,,,,,,,,
"ATP synthase subunit O, mitochondrial",0.87,-0.136,0.1133,2.30E-01,,,,,,,,,,
Pescadillo homolog,0.86,-0.1528,0.1272,2.30E-01,,,,,,,,,,
Heat shock protein HSP 90-beta,0.89,-0.1181,0.0988,2.32E-01,,,,,,,,,,
Matrix metalloproteinase-9,1.13,0.1182,0.0989,2.32E-01,,,,,,,,,,
Appetite-regulating hormone,0.85,-0.1578,0.1325,2.33E-01,,,,,,,,,,
Killer cell immunoglobulin-like receptor 2DL4,1.09,0.0837,0.0702,2.33E-01,,,,,,,,,,
Plasminogen activator inhibitor 1,1.13,0.1265,0.1060,2.33E-01,,,,,,,,,,
R-spondin-4,1.12,0.109,0.0916,2.34E-01,,,,,,,,,,
"Spectrin alpha chain, non-erythrocytic 1",0.83,-0.183,0.1547,2.37E-01,,,,,,,,,,
Ubiquitin-conjugating enzyme E2 L3,0.87,-0.1355,0.1145,2.37E-01,,,,,,,,,,
Chorionic somatomammotropin hormone,0.85,-0.1586,0.1344,2.38E-01,,,,,,,,,,
Parathyroid hormone,1.12,0.1126,0.0953,2.38E-01,,,,,,,,,,
Immunoglobulin D,1.13,0.1247,0.1060,2.40E-01,,,,,,,,,,
Muellerian-inhibiting factor,1.19,0.1733,0.1474,2.40E-01,,,,,,,,,,
Bone morphogenetic protein 1,1.15,0.1408,0.1208,2.43E-01,,,,,,,,,,
Interferon beta,0.91,-0.0948,0.0812,2.43E-01,,,,,,,,,,
Low-density lipoprotein receptor-related protein 1B,0.91,-0.0893,0.0765,2.44E-01,,,,,,,,,,
Heme oxygenase 2,0.86,-0.1492,0.1285,2.45E-01,,,,,,,,,,
Tumor necrosis factor receptor superfamily member 11B,1.16,0.1493,0.1287,2.46E-01,,,,,,,,,,
Fibroblast growth factor 9,1.15,0.14,0.1213,2.48E-01,,,,,,,,,,
Kininogen-1,1.13,0.1216,0.1061,2.52E-01,,,,,,,,,,
Inhibin beta A chain:Inhibin beta B chain heterodimer,1.1,0.0909,0.0796,2.53E-01,,,,,,,,,,
Ephrin-A3,1.14,0.1296,0.1133,2.53E-01,,,,,,,,,,
C-X-C motif chemokine 11,0.91,-0.0984,0.0862,2.54E-01,,,,,,,,,,
Tumor necrosis factor receptor superfamily member 3,1.1,0.0943,0.0830,2.56E-01,,,,,,,,,,
Tumor necrosis factor ligand superfamily member 12,0.79,-0.2348,0.2069,2.56E-01,,,,,,,,,,
Ubiquitin-like protein ISG15,0.9,-0.11,0.0971,2.57E-01,,,,,,,,,,
Tyrosine-protein kinase Fgr,0.88,-0.1225,0.1085,2.59E-01,,,,,,,,,,
"High affinity cGMP-specific 3',5'-cyclic phosphodiesterase 9A",1.13,0.1263,0.1119,2.59E-01,,,,,,,,,,
Neutral ceramidase,0.89,-0.1217,0.1080,2.60E-01,,,,,,,,,,
Interstitial collagenase,0.9,-0.1032,0.0916,2.60E-01,,,,,,,,,,
Cardiotrophin-1,0.81,-0.2061,0.1832,2.61E-01,,,,,,,,,,
Cyclin-dependent kinase 1:G2/mitotic-specific cyclin-B1 complex,0.88,-0.1282,0.1140,2.61E-01,,,,,,,,,,
C-C motif chemokine 17,0.88,-0.1246,0.1109,2.61E-01,,,,,,,,,,
Extracellular superoxide dismutase [Cu-Zn],0.82,-0.2027,0.1806,2.62E-01,,,,,,,,,,
Brain-specific serine protease 4,1.09,0.0872,0.0779,2.63E-01,,,,,,,,,,
Cystatin-S,1.12,0.1132,0.1011,2.63E-01,,,,,,,,,,
Aurora kinase A,0.91,-0.0959,0.0858,2.64E-01,,,,,,,,,,
Ciliary neurotrophic factor receptor subunit alpha,0.9,-0.1069,0.0957,2.64E-01,,,,,,,,,,
Copine-1,0.92,-0.084,0.0752,2.64E-01,,,,,,,,,,
Serum paraoxonase/arylesterase 1,1.1,0.0959,0.0860,2.65E-01,,,,,,,,,,
Stromelysin-1,0.89,-0.1214,0.1095,2.67E-01,,,,,,,,,,
Peptide YY,1.14,0.1277,0.1152,2.68E-01,,,,,,,,,,
Proto-oncogene tyrosine-protein kinase receptor Ret,1.12,0.1158,0.1045,2.68E-01,,,,,,,,,,
N-acylethanolamine-hydrolyzing acid amidase,0.9,-0.1076,0.0974,2.69E-01,,,,,,,,,,
Metalloproteinase inhibitor 2,0.86,-0.1492,0.1356,2.71E-01,,,,,,,,,,
Artemin,1.1,0.0975,0.0889,2.73E-01,,,,,,,,,,
Carbonic anhydrase 1,1.11,0.1064,0.0971,2.73E-01,,,,,,,,,,
"Dual 3',5'-cyclic-AMP and -GMP phosphodiesterase 11A",0.9,-0.1099,0.1003,2.73E-01,,,,,,,,,,
Fibroblast growth factor 2,0.88,-0.1232,0.1129,2.75E-01,,,,,,,,,,
Resistin,1.09,0.0854,0.0784,2.76E-01,,,,,,,,,,
Interleukin-10,1.13,0.1264,0.1163,2.77E-01,,,,,,,,,,
Tyrosine-protein kinase transmembrane receptor ROR1,0.89,-0.1197,0.1101,2.77E-01,,,,,,,,,,
Interferon regulatory factor 1,0.89,-0.1134,0.1051,2.81E-01,,,,,,,,,,
CD48 antigen,1.1,0.0982,0.0913,2.82E-01,,,,,,,,,,
Tryptase beta-2,0.9,-0.1106,0.1028,2.82E-01,,,,,,,,,,
AH receptor-interacting protein,0.89,-0.1148,0.1069,2.83E-01,,,,,,,,,,
Complement component C1q receptor,0.9,-0.11,0.1027,2.84E-01,,,,,,,,,,
CD226 antigen,0.81,-0.2121,0.1981,2.84E-01,,,,,,,,,,
Glutathione S-transferase A3,1.11,0.1024,0.0957,2.84E-01,,,,,,,,,,
Hepcidin,1.1,0.098,0.0915,2.84E-01,,,,,,,,,,
Arginase-1,1.1,0.095,0.0888,2.85E-01,,,,,,,,,,
Peroxisomal targeting signal 1 receptor,1.11,0.1031,0.0964,2.85E-01,,,,,,,,,,
R-spondin-3,1.18,0.1688,0.1578,2.85E-01,,,,,,,,,,
"Troponin I, cardiac muscle",1.08,0.0748,0.0701,2.86E-01,,,,,,,,,,
Properdin,0.91,-0.0927,0.0874,2.89E-01,,,,,,,,,,
Serine/threonine-protein kinase WNK3,0.9,-0.1081,0.1020,2.89E-01,,,,,,,,,,
Acid sphingomyelinase-like phosphodiesterase 3a,1.14,0.1274,0.1205,2.90E-01,,,,,,,,,,
Chromobox protein homolog 5,1.13,0.1188,0.1123,2.90E-01,,,,,,,,,,
Fibroblast growth factor 18,1.1,0.0986,0.0931,2.90E-01,,,,,,,,,,
Macrophage-stimulating protein receptor,1.07,0.0705,0.0666,2.90E-01,,,,,,,,,,
Neurotrophin-4,1.09,0.0818,0.0777,2.92E-01,,,,,,,,,,
Tumor necrosis factor receptor superfamily member 6,0.9,-0.1021,0.0973,2.94E-01,,,,,,,,,,
Interferon alpha-7,0.87,-0.1351,0.1291,2.95E-01,,,,,,,,,,
Disintegrin and metalloproteinase domain-containing protein 12,1.12,0.1118,0.1073,2.97E-01,,,,,,,,,,
Drebrin-like protein,0.89,-0.1122,0.1075,2.97E-01,,,,,,,,,,
Prolyl endopeptidase FAP,0.89,-0.1192,0.1146,2.98E-01,,,,,,,,,,
Enteropeptidase,1.08,0.0745,0.0717,2.99E-01,,,,,,,,,,
MHC class I polypeptide-related sequence B,1.1,0.0955,0.0920,2.99E-01,,,,,,,,,,
Protein jagged-1,1.08,0.0811,0.0782,3.00E-01,,,,,,,,,,
Tumor necrosis factor receptor superfamily member 12A,1.1,0.0908,0.0878,3.01E-01,,,,,,,,,,
Intercellular adhesion molecule 2,1.1,0.0925,0.0896,3.02E-01,,,,,,,,,,
Alpha-1-antitrypsin,1.12,0.111,0.1078,3.03E-01,,,,,,,,,,
Estradiol 17-beta-dehydrogenase 1,1.1,0.0961,0.0933,3.03E-01,,,,,,,,,,
Pro-opiomelanocortin,0.87,-0.1369,0.1331,3.04E-01,,,,,,,,,,
Plasmin,1.1,0.0975,0.0949,3.04E-01,,,,,,,,,,
Importin subunit alpha-1,1.1,0.0969,0.0946,3.06E-01,,,,,,,,,,
CD83 antigen,1.09,0.0846,0.0828,3.07E-01,,,,,,,,,,
Prokineticin-1,1.15,0.1429,0.1401,3.08E-01,,,,,,,,,,
C-type lectin domain family 7 member A,0.88,-0.1283,0.1261,3.09E-01,,,,,,,,,,
Mitogen-activated protein kinase 9,0.89,-0.117,0.1149,3.09E-01,,,,,,,,,,
C-X-C motif chemokine 5,0.86,-0.1454,0.1434,3.11E-01,,,,,,,,,,
BDNF/NT-3 growth factors receptor,0.92,-0.0796,0.0786,3.11E-01,,,,,,,,,,
Interleukin-27 receptor subunit alpha,1.11,0.1028,0.1019,3.13E-01,,,,,,,,,,
Cysteine and glycine-rich protein 3,0.91,-0.0944,0.0942,3.16E-01,,,,,,,,,,
Lymphocyte activation gene 3 protein,1.12,0.1091,0.1089,3.16E-01,,,,,,,,,,
CD177 antigen,1.11,0.1007,0.1005,3.17E-01,,,,,,,,,,
Proteasome subunit alpha type-1,0.88,-0.1324,0.1327,3.19E-01,,,,,,,,,,
Follicle stimulating hormone,1.22,0.1959,0.1970,3.20E-01,,,,,,,,,,
E3 ubiquitin-protein ligase ZNRF3,0.85,-0.1609,0.1619,3.20E-01,,,,,,,,,,
Protein S100-A7,0.9,-0.1005,0.1015,3.22E-01,,,,,,,,,,
Fibroblast growth factor 6,0.87,-0.1371,0.1395,3.26E-01,,,,,,,,,,
C-C motif chemokine 26,1.1,0.0945,0.0968,3.29E-01,,,,,,,,,,
Hepatoma-derived growth factor-related protein 2,1.1,0.0964,0.0989,3.29E-01,,,,,,,,,,
Vitamin K-dependent protein S,0.87,-0.1354,0.1391,3.30E-01,,,,,,,,,,
Complement factor D,1.09,0.09,0.0925,3.31E-01,,,,,,,,,,
Immunoglobulin G,0.9,-0.1076,0.1110,3.32E-01,,,,,,,,,,
Matrix metalloproteinase-17,1.07,0.0634,0.0654,3.32E-01,,,,,,,,,,
"Complement component 1 Q subcomponent-binding protein, mitochondrial",0.89,-0.1129,0.1167,3.34E-01,,,,,,,,,,
Ephrin-A2,1.06,0.0581,0.0601,3.34E-01,,,,,,,,,,
Neurotrophin-3,1.16,0.1444,0.1495,3.34E-01,,,,,,,,,,
SHC-transforming protein 1,0.91,-0.0901,0.0935,3.35E-01,,,,,,,,,,
SLAM family member 6,1.07,0.065,0.0676,3.36E-01,,,,,,,,,,
Inosine-5'-monophosphate dehydrogenase 1,0.92,-0.0836,0.0871,3.37E-01,,,,,,,,,,
C-C motif chemokine 19,1.1,0.0958,0.0998,3.37E-01,,,,,,,,,,
Semaphorin-6A,1.1,0.0969,0.1010,3.38E-01,,,,,,,,,,
Breast cancer anti-estrogen resistance protein 3,1.08,0.0741,0.0774,3.39E-01,,,,,,,,,,
Ubiquitin carboxyl-terminal hydrolase 25,1.09,0.0816,0.0855,3.40E-01,,,,,,,,,,
Annexin A5,0.85,-0.158,0.1658,3.41E-01,,,,,,,,,,
Natural cytotoxicity triggering receptor 1,1.11,0.1041,0.1092,3.41E-01,,,,,,,,,,
Arylsulfatase B,1.1,0.0993,0.1046,3.42E-01,,,,,,,,,,
Cathepsin F,1.1,0.0952,0.1002,3.42E-01,,,,,,,,,,
Tryptase gamma,1.1,0.0922,0.0970,3.42E-01,,,,,,,,,,
Complement C1r subcomponent,1.11,0.1072,0.1130,3.43E-01,,,,,,,,,,
Tumor necrosis factor ligand superfamily member 4,1.08,0.0768,0.0810,3.43E-01,,,,,,,,,,
Interleukin-23,1.13,0.1198,0.1268,3.45E-01,,,,,,,,,,
Growth/differentiation factor 11,1.09,0.0844,0.0895,3.46E-01,,,,,,,,,,
Metalloproteinase inhibitor 3,0.92,-0.081,0.0864,3.48E-01,,,,,,,,,,
Interleukin-22 receptor subunit alpha-2,1.12,0.1117,0.1193,3.49E-01,,,,,,,,,,
CMRF35-like molecule 6,1.09,0.0868,0.0929,3.50E-01,,,,,,,,,,
Tumor necrosis factor receptor superfamily member 19,0.9,-0.1081,0.1158,3.51E-01,,,,,,,,,,
Glial cell line-derived neurotrophic factor,1.1,0.0958,0.1031,3.52E-01,,,,,,,,,,
Pancreatic hormone,1.1,0.0912,0.0989,3.57E-01,,,,,,,,,,
Galectin-2,0.9,-0.1049,0.1142,3.58E-01,,,,,,,,,,
Hemopexin,1.1,0.0969,0.1064,3.62E-01,,,,,,,,,,
T-lymphocyte activation antigen CD80,1.09,0.0849,0.0933,3.63E-01,,,,,,,,,,
Erythropoietin receptor,0.89,-0.1171,0.1294,3.65E-01,,,,,,,,,,
Ferritin,1.1,0.0977,0.1079,3.65E-01,,,,,,,,,,
Histone H3.1,0.9,-0.1099,0.1212,3.65E-01,,,,,,,,,,
Calreticulin,0.91,-0.0958,0.1062,3.67E-01,,,,,,,,,,
Cadherin-12,0.87,-0.1348,0.1496,3.68E-01,,,,,,,,,,
Tyrosine-protein phosphatase non-receptor type substrate 1,1.1,0.091,0.1010,3.68E-01,,,,,,,,,,
Dual specificity mitogen-activated protein kinase kinase 3,0.91,-0.0918,0.1021,3.69E-01,,,,,,,,,,
Fractalkine,1.1,0.0916,0.1023,3.71E-01,,,,,,,,,,
Iduronate 2-sulfatase,0.93,-0.0715,0.0798,3.71E-01,,,,,,,,,,
Corticosteroid-binding globulin,0.88,-0.1285,0.1442,3.73E-01,,,,,,,,,,
Peptidyl-prolyl cis-trans isomerase A,0.95,-0.0477,0.0535,3.73E-01,,,,,,,,,,
C-type mannose receptor 2,0.92,-0.0846,0.0953,3.75E-01,,,,,,,,,,
Vascular endothelial growth factor D,1.08,0.074,0.0837,3.76E-01,,,,,,,,,,
Carbonic anhydrase 4,1.08,0.0815,0.0928,3.80E-01,,,,,,,,,,
"gp41 C34 peptide, HIV",0.92,-0.0868,0.0993,3.82E-01,,,,,,,,,,
Megakaryocyte-associated tyrosine-protein kinase,0.9,-0.1021,0.1169,3.82E-01,,,,,,,,,,
Oxidized low-density lipoprotein receptor 1,1.09,0.0841,0.0961,3.82E-01,,,,,,,,,,
Trypsin-2,1.09,0.0904,0.1034,3.82E-01,,,,,,,,,,
Insulin-like growth factor 1 receptor,1.09,0.0843,0.0966,3.83E-01,,,,,,,,,,
WNT1-inducible-signaling pathway protein 1,1.09,0.0901,0.1039,3.86E-01,,,,,,,,,,
Tumor necrosis factor ligand superfamily member 8,1.08,0.0753,0.0870,3.87E-01,,,,,,,,,,
Kallikrein-13,1.08,0.0787,0.0909,3.87E-01,,,,,,,,,,
Interleukin-17A,1.08,0.078,0.0905,3.89E-01,,,,,,,,,,
Cathepsin G,0.89,-0.1115,0.1301,3.91E-01,,,,,,,,,,
Mitochondrial import inner membrane translocase subunit TIM14,0.93,-0.0772,0.0902,3.92E-01,,,,,,,,,,
Corticotropin,0.9,-0.1104,0.1293,3.93E-01,,,,,,,,,,
Complement component C6,1.13,0.1204,0.1409,3.93E-01,,,,,,,,,,
Thrombopoietin Receptor,0.85,-0.1594,0.1867,3.93E-01,,,,,,,,,,
Epidermal growth factor receptor variant III,0.93,-0.0778,0.0916,3.96E-01,,,,,,,,,,
Brain natriuretic peptide 32,1.08,0.0736,0.0874,4.00E-01,,,,,,,,,,
Serine/threonine-protein kinase receptor R3,0.91,-0.0923,0.1100,4.01E-01,,,,,,,,,,
Collectin-11,1.08,0.0815,0.0977,4.04E-01,,,,,,,,,,
CD63 antigen,0.95,-0.0488,0.0586,4.06E-01,,,,,,,,,,
Leucine-rich repeats and immunoglobulin-like domains protein 3,0.93,-0.0727,0.0876,4.06E-01,,,,,,,,,,
Histone H2A.z,1.08,0.074,0.0897,4.10E-01,,,,,,,,,,
Integrin alpha-V: beta-5 complex,0.88,-0.1265,0.1540,4.11E-01,,,,,,,,,,
Apolipoprotein L1,1.11,0.1005,0.1227,4.13E-01,,,,,,,,,,
Glutathione S-transferase P,0.93,-0.0707,0.0865,4.14E-01,,,,,,,,,,
Kelch-like ECH-associated protein 1,1.09,0.0853,0.1047,4.16E-01,,,,,,,,,,
Protein kinase C iota type,0.92,-0.087,0.1075,4.18E-01,,,,,,,,,,
GDNF family receptor alpha-2,0.92,-0.0876,0.1085,4.19E-01,,,,,,,,,,
Low molecular weight phosphotyrosine protein phosphatase,0.92,-0.0791,0.0978,4.19E-01,,,,,,,,,,
Betacellulin,0.88,-0.1315,0.1629,4.20E-01,,,,,,,,,,
Interleukin-7,1.1,0.0913,0.1132,4.20E-01,,,,,,,,,,
T-lymphocyte activation antigen CD86,1.09,0.0831,0.1033,4.21E-01,,,,,,,,,,
Interleukin-10 receptor subunit alpha,1.08,0.0801,0.1003,4.24E-01,,,,,,,,,,
Eukaryotic initiation factor 4A-III,0.88,-0.1324,0.1660,4.25E-01,,,,,,,,,,
Ephrin type-B receptor 2,1.1,0.098,0.1233,4.27E-01,,,,,,,,,,
Layilin,1.07,0.0673,0.0847,4.27E-01,,,,,,,,,,
Alanine aminotransferase 1,0.9,-0.1014,0.1282,4.29E-01,,,,,,,,,,
Immunoglobulin A,1.07,0.0662,0.0838,4.29E-01,,,,,,,,,,
B-cell lymphoma 6 protein,0.92,-0.0802,0.1017,4.30E-01,,,,,,,,,,
Histone H1.2,0.93,-0.0738,0.0937,4.31E-01,,,,,,,,,,
Interleukin-27,0.93,-0.0701,0.0891,4.31E-01,,,,,,,,,,
Stem Cell Growth Factor-beta,1.09,0.083,0.1054,4.31E-01,,,,,,,,,,
"Troponin I, fast skeletal muscle",1.09,0.0851,0.1082,4.31E-01,,,,,,,,,,
Myc proto-oncogene protein,0.91,-0.0897,0.1150,4.35E-01,,,,,,,,,,
MHC class I polypeptide-related sequence A,1.09,0.0843,0.1079,4.35E-01,,,,,,,,,,
Carbonic anhydrase 9,0.93,-0.0751,0.0968,4.38E-01,,,,,,,,,,
Interleukin-17 receptor B,1.09,0.0846,0.1092,4.38E-01,,,,,,,,,,
Ras GTPase-activating protein 1,1.08,0.075,0.0970,4.39E-01,,,,,,,,,,
Galectin-8,0.93,-0.0722,0.0937,4.41E-01,,,,,,,,,,
C-type lectin domain family 4 member K,0.93,-0.0736,0.0958,4.42E-01,,,,,,,,,,
Basal Cell Adhesion Molecule,1.07,0.0666,0.0869,4.43E-01,,,,,,,,,,
Dipeptidyl peptidase 2,0.9,-0.1048,0.1366,4.43E-01,,,,,,,,,,
Interleukin-17B,0.91,-0.0976,0.1288,4.49E-01,,,,,,,,,,
Interleukin-4 receptor subunit alpha,0.93,-0.0738,0.0974,4.49E-01,,,,,,,,,,
Choline/ethanolamine kinase,1.08,0.0785,0.1039,4.50E-01,,,,,,,,,,
Protein NOV homolog,1.08,0.079,0.1049,4.51E-01,,,,,,,,,,
Intercellular adhesion molecule 5,1.08,0.0776,0.1035,4.53E-01,,,,,,,,,,
Trefoil factor 2,1.07,0.0709,0.0947,4.54E-01,,,,,,,,,,
Interferon alpha/beta receptor 1,0.92,-0.0791,0.1060,4.55E-01,,,,,,,,,,
Interferon gamma,0.93,-0.0712,0.0952,4.55E-01,,,,,,,,,,
Fibroblast growth factor 12,1.1,0.0965,0.1296,4.56E-01,,,,,,,,,,
Proliferating cell nuclear antigen,0.89,-0.1129,0.1514,4.56E-01,,,,,,,,,,
Low-density lipoprotein receptor,0.92,-0.084,0.1132,4.58E-01,,,,,,,,,,
Periostin,1.09,0.0847,0.1142,4.58E-01,,,,,,,,,,
Stem cell growth factor-alpha,1.08,0.0792,0.1068,4.58E-01,,,,,,,,,,
Trefoil factor 1,0.93,-0.0721,0.0977,4.60E-01,,,,,,,,,,
Chordin-like protein 1,1.1,0.0908,0.1232,4.61E-01,,,,,,,,,,
Membrane frizzled-related protein,0.89,-0.1112,0.1513,4.62E-01,,,,,,,,,,
Histone H2B type 2-E,1.07,0.0642,0.0874,4.63E-01,,,,,,,,,,
Integrin alpha-I: beta-1 complex,0.93,-0.0681,0.0928,4.63E-01,,,,,,,,,,
Clusterin,0.93,-0.0741,0.1013,4.64E-01,,,,,,,,,,
Interleukin-8,0.91,-0.0992,0.1355,4.64E-01,,,,,,,,,,
"cGMP-inhibited 3',5'-cyclic phosphodiesterase A",1.08,0.0765,0.1047,4.65E-01,,,,,,,,,,
Netrin receptor UNC5C,0.92,-0.0883,0.1208,4.65E-01,,,,,,,,,,
Vesicular integral-membrane protein VIP36,1.09,0.0828,0.1142,4.69E-01,,,,,,,,,,
C-C motif chemokine 8,1.11,0.1037,0.1430,4.69E-01,,,,,,,,,,
Osteopontin,0.94,-0.0621,0.0876,4.78E-01,,,,,,,,,,
Ribosomal protein S6 kinase alpha-5,0.92,-0.0862,0.1215,4.78E-01,,,,,,,,,,
A disintegrin and metalloproteinase with thrombospondin motifs 5,0.93,-0.0707,0.0999,4.79E-01,,,,,,,,,,
Complement C3b,1.08,0.0808,0.1142,4.79E-01,,,,,,,,,,
Neuroblastoma suppressor of tumorigenicity 1,0.88,-0.1232,0.1741,4.79E-01,,,,,,,,,,
Cytokine receptor-like factor 1:Cardiotrophin-like cytokine factor 1 Complex,0.94,-0.0625,0.0884,4.80E-01,,,,,,,,,,
Follistatin,0.9,-0.1057,0.1506,4.83E-01,,,,,,,,,,
Low affinity immunoglobulin epsilon Fc receptor,0.93,-0.0733,0.1051,4.85E-01,,,,,,,,,,
Retinoblastoma-associated protein,1.07,0.0658,0.0943,4.85E-01,,,,,,,,,,
Insulin,0.95,-0.0496,0.0713,4.86E-01,,,,,,,,,,
Bactericidal permeability-increasing protein,1.06,0.0611,0.0880,4.88E-01,,,,,,,,,,
Neuregulin-1,0.93,-0.073,0.1051,4.88E-01,,,,,,,,,,
Carbonic anhydrase-related protein 10,0.96,-0.045,0.0651,4.90E-01,,,,,,,,,,
A disintegrin and metalloproteinase with thrombospondin motifs 1,0.93,-0.0756,0.1101,4.92E-01,,,,,,,,,,
Nidogen-2,1.06,0.061,0.0889,4.93E-01,,,,,,,,,,
Thyroid Stimulating Hormone,1.06,0.0571,0.0836,4.95E-01,,,,,,,,,,
Matrilin-3,1.05,0.0465,0.0685,4.97E-01,,,,,,,,,,
Glucocorticoid receptor,0.94,-0.0614,0.0905,4.98E-01,,,,,,,,,,
Killer cell immunoglobulin-like receptor 3DS1,0.91,-0.0903,0.1333,4.98E-01,,,,,,,,,,
Ectonucleoside triphosphate diphosphohydrolase 1,1.04,0.038,0.0562,4.99E-01,,,,,,,,,,
NADPH--cytochrome P450 reductase,1.08,0.0757,0.1127,5.02E-01,,,,,,,,,,
Endothelial cell-specific molecule 1,0.93,-0.073,0.1089,5.03E-01,,,,,,,,,,
Transmembrane glycoprotein NMB,1.07,0.0685,0.1022,5.03E-01,,,,,,,,,,
Tumor necrosis factor ligand superfamily member 18,1.06,0.0577,0.0862,5.03E-01,,,,,,,,,,
NKG2D ligand 2,0.93,-0.0708,0.1056,5.03E-01,,,,,,,,,,
Interleukin-4,0.92,-0.0805,0.1204,5.04E-01,,,,,,,,,,
Serine/threonine-protein kinase TBK1,0.92,-0.0809,0.1215,5.05E-01,,,,,,,,,,
Lysosome membrane protein 2,0.94,-0.0581,0.0874,5.06E-01,,,,,,,,,,
Dual specificity mitogen-activated protein kinase kinase 1,1.16,0.1515,0.2278,5.06E-01,,,,,,,,,,
Annexin A1,0.94,-0.0591,0.0891,5.07E-01,,,,,,,,,,
Protein Rev_HV2BE,1.04,0.0409,0.0616,5.07E-01,,,,,,,,,,
Carboxypeptidase B2,0.93,-0.0751,0.1131,5.07E-01,,,,,,,,,,
Vascular endothelial growth factor receptor 3,1.07,0.0657,0.0990,5.07E-01,,,,,,,,,,
Endoplasmic reticulum resident protein 29,1.08,0.0763,0.1159,5.10E-01,,,,,,,,,,
Tyrosine-protein phosphatase non-receptor type 1,1.07,0.0685,0.1039,5.10E-01,,,,,,,,,,
Platelet glycoprotein 4,0.93,-0.0719,0.1100,5.13E-01,,,,,,,,,,
Carbonic anhydrase 2,0.91,-0.0923,0.1414,5.14E-01,,,,,,,,,,
CD166 antigen,1.08,0.0733,0.1132,5.17E-01,,,,,,,,,,
Chitotriosidase-1,1.07,0.0679,0.1052,5.19E-01,,,,,,,,,,
A disintegrin and metalloproteinase with thrombospondin motifs 15,1.06,0.0604,0.0941,5.21E-01,,,,,,,,,,
Tumor necrosis factor receptor superfamily member 10A,0.93,-0.0703,0.1098,5.22E-01,,,,,,,,,,
Activin receptor type-1B,0.93,-0.0682,0.1070,5.24E-01,,,,,,,,,,
Immunoglobulin M,1.06,0.0584,0.0917,5.24E-01,,,,,,,,,,
Immunoglobulin superfamily containing leucine-rich repeat protein 2,0.94,-0.0629,0.0986,5.24E-01,,,,,,,,,,
Ficolin-3,1.07,0.0664,0.1046,5.25E-01,,,,,,,,,,
dCTP pyrophosphatase 1,0.94,-0.0568,0.0897,5.26E-01,,,,,,,,,,
Creatine kinase M-type:Creatine kinase B-type heterodimer,1.08,0.0786,0.1248,5.29E-01,,,,,,,,,,
Ephrin type-A receptor 10,0.84,-0.1729,0.2756,5.30E-01,,,,,,,,,,
Coagulation Factor V,0.94,-0.0615,0.0981,5.31E-01,,,,,,,,,,
Fibronectin Fragment 3,1.09,0.0837,0.1340,5.32E-01,,,,,,,,,,
GRB2-related adapter protein 2,0.95,-0.0547,0.0876,5.32E-01,,,,,,,,,,
Heterogeneous nuclear ribonucleoprotein Q,1.06,0.0596,0.0954,5.32E-01,,,,,,,,,,
ICOS ligand,0.94,-0.0611,0.0983,5.34E-01,,,,,,,,,,
Semaphorin-5A,1.07,0.0646,0.1039,5.34E-01,,,,,,,,,,
Interleukin-17F,0.95,-0.0563,0.0908,5.35E-01,,,,,,,,,,
Neuronal cell adhesion molecule,0.94,-0.0616,0.1001,5.38E-01,,,,,,,,,,
Calcium-dependent phospholipase A2,0.94,-0.0579,0.0946,5.40E-01,,,,,,,,,,
Interleukin-1 Receptor accessory protein,0.93,-0.0728,0.1188,5.40E-01,,,,,,,,,,
Macrophage colony-stimulating factor 1,1.03,0.0322,0.0528,5.43E-01,,,,,,,,,,
Dickkopf-related protein 3,0.94,-0.0603,0.0994,5.44E-01,,,,,,,,,,
Ficolin-1,1.06,0.0538,0.0887,5.44E-01,,,,,,,,,,
Glypican-6,0.95,-0.0531,0.0881,5.46E-01,,,,,,,,,,
Caspase-10,1.07,0.0691,0.1151,5.48E-01,,,,,,,,,,
Tyrosine-protein phosphatase non-receptor type 2,1.07,0.0637,0.1061,5.48E-01,,,,,,,,,,
Proteasome subunit alpha type-2,1.05,0.0492,0.0823,5.50E-01,,,,,,,,,,
B-cell receptor CD22,1.08,0.0808,0.1355,5.51E-01,,,,,,,,,,
Immunoglobulin E,1.06,0.0595,0.0998,5.51E-01,,,,,,,,,,
Sialoadhesin,1.05,0.0525,0.0883,5.53E-01,,,,,,,,,,
14-3-3 protein sigma,0.93,-0.0707,0.1198,5.55E-01,,,,,,,,,,
Protein lin-7 homolog B,1.17,0.1589,0.2698,5.56E-01,,,,,,,,,,
Inducible T-cell costimulator,0.88,-0.1249,0.2143,5.60E-01,,,,,,,,,,
Melanoma-derived growth regulatory protein,0.94,-0.0637,0.1096,5.61E-01,,,,,,,,,,
Cell surface glycoprotein CD200 receptor 1,0.95,-0.0544,0.0941,5.63E-01,,,,,,,,,,
Bone morphogenetic protein 6,0.95,-0.0563,0.0977,5.64E-01,,,,,,,,,,
Growth hormone receptor,1.06,0.0542,0.0945,5.66E-01,,,,,,,,,,
Syntaxin-1A,0.94,-0.0586,0.1028,5.68E-01,,,,,,,,,,
Galectin-4,1.1,0.0951,0.1669,5.69E-01,,,,,,,,,,
"Angiopoietin-1 receptor, soluble",0.96,-0.044,0.0774,5.70E-01,,,,,,,,,,
Acidic leucine-rich nuclear phosphoprotein 32 family member B,1.1,0.0977,0.1723,5.71E-01,,,,,,,,,,
X-linked interleukin-1 receptor accessory protein-like 2,1.06,0.0598,0.1056,5.71E-01,,,,,,,,,,
Cyclin-dependent kinase inhibitor 1B,0.94,-0.0566,0.1001,5.72E-01,,,,,,,,,,
Mucin-1,1.07,0.0636,0.1130,5.73E-01,,,,,,,,,,
"Phosphatidylinositol 4,5-bisphosphate 3-kinase catalytic subunit gamma isoform",0.94,-0.0574,0.1018,5.73E-01,,,,,,,,,,
"Peroxiredoxin-5, mitochondrial",0.92,-0.0826,0.1486,5.78E-01,,,,,,,,,,
Tumor necrosis factor-inducible gene 6 protein,0.95,-0.0558,0.1010,5.81E-01,,,,,,,,,,
Cysteine-rich secretory protein 3,0.94,-0.0574,0.1046,5.83E-01,,,,,,,,,,
Protein deglycase DJ-1,0.92,-0.0844,0.1549,5.86E-01,,,,,,,,,,
NKG2D ligand 1,0.93,-0.0703,0.1296,5.88E-01,,,,,,,,,,
Neutrophil elastase,0.94,-0.0617,0.1144,5.90E-01,,,,,,,,,,
Leucine-rich repeat transmembrane protein FLRT3,1.05,0.0514,0.0955,5.91E-01,,,,,,,,,,
Thyroid peroxidase,0.96,-0.0427,0.0798,5.92E-01,,,,,,,,,,
Adiponectin,0.94,-0.0628,0.1178,5.94E-01,,,,,,,,,,
Haptoglobin,1.08,0.0746,0.1403,5.95E-01,,,,,,,,,,
Arylsulfatase A,1.06,0.0574,0.1081,5.96E-01,,,,,,,,,,
Interleukin-15 receptor subunit alpha,1.05,0.0445,0.0849,6.00E-01,,,,,,,,,,
Quinone oxidoreductase-like protein 1,0.95,-0.0556,0.1064,6.02E-01,,,,,,,,,,
Tumor necrosis factor receptor superfamily member 14,1.04,0.0363,0.0697,6.03E-01,,,,,,,,,,
C-C motif chemokine 13,0.93,-0.0676,0.1314,6.07E-01,,,,,,,,,,
Receptor tyrosine-protein kinase erbB-3,1.07,0.0678,0.1321,6.08E-01,,,,,,,,,,
High affinity immunoglobulin gamma Fc receptor I,0.96,-0.0433,0.0846,6.09E-01,,,,,,,,,,
Pappalysin-1,1.05,0.051,0.0998,6.09E-01,,,,,,,,,,
Tumor necrosis factor ligand superfamily member 15,1.04,0.0377,0.0741,6.11E-01,,,,,,,,,,
Retinol-binding protein 4,0.95,-0.0559,0.1102,6.12E-01,,,,,,,,,,
Interferon gamma receptor 2,0.96,-0.043,0.0851,6.13E-01,,,,,,,,,,
Protein S100-A4,0.94,-0.0661,0.1328,6.19E-01,,,,,,,,,,
Thioredoxin domain-containing protein 12,0.95,-0.0491,0.0994,6.21E-01,,,,,,,,,,
Protein jagged-2,1.05,0.0478,0.0971,6.23E-01,,,,,,,,,,
C-C motif chemokine 1,1.04,0.0398,0.0811,6.24E-01,,,,,,,,,,
Intercellular adhesion molecule 3,0.96,-0.0412,0.0843,6.25E-01,,,,,,,,,,
Serine/threonine-protein kinase Chk2,1.05,0.0511,0.1053,6.28E-01,,,,,,,,,,
Interleukin-1 alpha,0.93,-0.0718,0.1488,6.29E-01,,,,,,,,,,
Thrombin,1.05,0.0497,0.1033,6.30E-01,,,,,,,,,,
Platelet-derived growth factor receptor alpha,0.95,-0.0526,0.1094,6.31E-01,,,,,,,,,,
Phosphoglycerate mutase 1,0.96,-0.046,0.0957,6.31E-01,,,,,,,,,,
Plexin-C1,1.06,0.0562,0.1171,6.31E-01,,,,,,,,,,
Prefoldin subunit 5,0.95,-0.0484,0.1009,6.32E-01,,,,,,,,,,
Calpastatin,0.95,-0.0546,0.1143,6.33E-01,,,,,,,,,,
Junctional adhesion molecule-like,1.05,0.0505,0.1077,6.39E-01,,,,,,,,,,
C-C motif chemokine 4-like,1.05,0.051,0.1087,6.39E-01,,,,,,,,,,
Ciliary neurotrophic factor,0.96,-0.0369,0.0789,6.40E-01,,,,,,,,,,
RNA-binding protein 39,0.95,-0.0508,0.1089,6.41E-01,,,,,,,,,,
TGF-beta receptor type-2,1.05,0.0501,0.1089,6.45E-01,,,,,,,,,,
CCAAT/enhancer-binding protein beta,0.96,-0.0412,0.0897,6.46E-01,,,,,,,,,,
Gastrin-releasing peptide,0.94,-0.0568,0.1243,6.47E-01,,,,,,,,,,
Hepatocyte growth factor-like protein,1.04,0.0381,0.0833,6.47E-01,,,,,,,,,,
Afamin,0.96,-0.0394,0.0863,6.48E-01,,,,,,,,,,
Leukocyte immunoglobulin-like receptor subfamily B member 1,0.96,-0.0365,0.0799,6.48E-01,,,,,,,,,,
Vascular endothelial growth factor receptor 2,1.05,0.0484,0.1065,6.49E-01,,,,,,,,,,
Granulocyte colony-stimulating factor,1.04,0.0386,0.0850,6.50E-01,,,,,,,,,,
Integrin alpha-IIb: beta-3 complex,0.96,-0.0449,0.0993,6.51E-01,,,,,,,,,,
Inter-alpha-trypsin inhibitor heavy chain H4,1.05,0.0525,0.1158,6.51E-01,,,,,,,,,,
High affinity nerve growth factor receptor,1.04,0.041,0.0905,6.51E-01,,,,,,,,,,
Fibroblast growth factor 4,1.05,0.0482,0.1073,6.53E-01,,,,,,,,,,
Protein-glutamine gamma-glutamyltransferase E,1.05,0.0456,0.1015,6.53E-01,,,,,,,,,,
Platelet-derived growth factor receptor beta,1.04,0.0394,0.0881,6.55E-01,,,,,,,,,,
Moesin,0.96,-0.0405,0.0909,6.56E-01,,,,,,,,,,
Apolipoprotein B,0.96,-0.0412,0.0931,6.58E-01,,,,,,,,,,
Sonic hedgehog protein,1.06,0.0574,0.1298,6.58E-01,,,,,,,,,,
"Persulfide dioxygenase ETHE1, mitochondrial",1.05,0.0483,0.1094,6.59E-01,,,,,,,,,,
Alpha-1-antichymotrypsin complex,1.04,0.0439,0.0997,6.60E-01,,,,,,,,,,
Platelet receptor Gi24,1.05,0.0475,0.1084,6.62E-01,,,,,,,,,,
Fibroblast growth factor 19,0.96,-0.0435,0.1003,6.65E-01,,,,,,,,,,
EGF-containing fibulin-like extracellular matrix protein 1,1.05,0.0534,0.1239,6.67E-01,,,,,,,,,,
alpha-2-macroglobulin receptor-associated protein,0.95,-0.0488,0.1133,6.67E-01,,,,,,,,,,
Pleiotrophin,1.03,0.0327,0.0767,6.70E-01,,,,,,,,,,
Interleukin-19,1.04,0.0394,0.0928,6.71E-01,,,,,,,,,,
Granulysin,1.05,0.0468,0.1108,6.72E-01,,,,,,,,,,
Heat shock cognate 71 kDa protein,1.04,0.0439,0.1037,6.72E-01,,,,,,,,,,
40S ribosomal protein S3a,0.96,-0.0401,0.0950,6.73E-01,,,,,,,,,,
Leucine-rich repeat transmembrane protein FLRT2,1.05,0.0443,0.1053,6.74E-01,,,,,,,,,,
Glyceraldehyde-3-phosphate dehydrogenase,1.04,0.0399,0.0951,6.75E-01,,,,,,,,,,
Desmoglein-1,0.97,-0.0331,0.0794,6.76E-01,,,,,,,,,,
Interleukin-11,1.04,0.0437,0.1046,6.76E-01,,,,,,,,,,
Relaxin receptor 1,0.96,-0.0433,0.1036,6.76E-01,,,,,,,,,,
Eukaryotic translation initiation factor 5,1.05,0.0444,0.1068,6.78E-01,,,,,,,,,,
Interleukin-36 beta,0.95,-0.0548,0.1325,6.79E-01,,,,,,,,,,
Heterogeneous nuclear ribonucleoprotein K,0.96,-0.0407,0.0988,6.80E-01,,,,,,,,,,
Methyl-CpG-binding domain protein 4,1.06,0.06,0.1454,6.80E-01,,,,,,,,,,
Eotaxin,1.05,0.0475,0.1159,6.82E-01,,,,,,,,,,
GDNF family receptor alpha-3,1.03,0.0307,0.0751,6.82E-01,,,,,,,,,,
3-hydroxy-3-methylglutaryl-coenzyme A reductase,0.96,-0.0382,0.0935,6.83E-01,,,,,,,,,,
Plasma kallikrein,1.04,0.0365,0.0895,6.84E-01,,,,,,,,,,
Kynureninase,0.95,-0.052,0.1291,6.87E-01,,,,,,,,,,
Tyrosine-protein kinase HCK,1.06,0.0557,0.1395,6.89E-01,,,,,,,,,,
Leucine-rich repeat transmembrane neuronal protein 3,0.96,-0.0392,0.0979,6.89E-01,,,,,,,,,,
T-cell surface glycoprotein CD4,1.04,0.041,0.1025,6.89E-01,,,,,,,,,,
Complement C1q subcomponent,1.05,0.0534,0.1342,6.91E-01,,,,,,,,,,
Discoidin domain-containing receptor 2,0.95,-0.0548,0.1380,6.91E-01,,,,,,,,,,
Receptor tyrosine-protein kinase erbB-4,0.94,-0.0588,0.1487,6.92E-01,,,,,,,,,,
Mitogen-activated protein kinase 11,1.04,0.0373,0.0941,6.92E-01,,,,,,,,,,
Renin,1.05,0.0454,0.1145,6.92E-01,,,,,,,,,,
Glucagon,0.96,-0.0437,0.1107,6.93E-01,,,,,,,,,,
Dipeptidyl peptidase 1,1.06,0.054,0.1374,6.94E-01,,,,,,,,,,
Collectin-12,1.05,0.0507,0.1299,6.96E-01,,,,,,,,,,
Bone morphogenetic protein receptor type-2,1.04,0.0383,0.0985,6.97E-01,,,,,,,,,,
Tumor necrosis factor ligand superfamily member 13B,1.04,0.0352,0.0914,7.00E-01,,,,,,,,,,
Aromatic-L-amino-acid decarboxylase,1.05,0.049,0.1279,7.01E-01,,,,,,,,,,
Low affinity immunoglobulin gamma Fc region receptor II-a,0.96,-0.0367,0.0964,7.03E-01,,,,,,,,,,
Seizure 6-like protein 2,0.95,-0.0477,0.1256,7.04E-01,,,,,,,,,,
Angiopoietin-4,0.94,-0.0633,0.1671,7.05E-01,,,,,,,,,,
Semaphorin-3A,0.96,-0.0366,0.0972,7.07E-01,,,,,,,,,,
"Fatty acid-binding protein, liver",1.04,0.0351,0.0946,7.10E-01,,,,,,,,,,
"Tyrosine-protein kinase receptor Tie-1, soluble",1.04,0.0411,0.1115,7.12E-01,,,,,,,,,,
Epithelial discoidin domain-containing receptor 1,0.95,-0.0507,0.1382,7.14E-01,,,,,,,,,,
Non-histone chromosomal protein HMG-14,0.96,-0.0401,0.1098,7.15E-01,,,,,,,,,,
Glypican-3,0.96,-0.0435,0.1205,7.18E-01,,,,,,,,,,
Matrix metalloproteinase-14,0.96,-0.038,0.1056,7.19E-01,,,,,,,,,,
A disintegrin and metalloproteinase with thrombospondin motifs 13,0.95,-0.0471,0.1320,7.21E-01,,,,,,,,,,
Collagen alpha-1(XXIII) chain,0.94,-0.0618,0.1746,7.24E-01,,,,,,,,,,
OCIA domain-containing protein 1,0.97,-0.028,0.0794,7.24E-01,,,,,,,,,,
Ephrin-B3,0.96,-0.0358,0.1026,7.27E-01,,,,,,,,,,
Allograft inflammatory factor 1,0.97,-0.0313,0.0903,7.29E-01,,,,,,,,,,
Cadherin-3,1.04,0.0348,0.1007,7.30E-01,,,,,,,,,,
Focal adhesion kinase 1,0.96,-0.0367,0.1070,7.31E-01,,,,,,,,,,
Hepatocyte growth factor activator,0.96,-0.0371,0.1079,7.31E-01,,,,,,,,,,
Mesothelin,1.07,0.0649,0.1888,7.31E-01,,,,,,,,,,
"Superoxide dismutase [Mn], mitochondrial",0.96,-0.0359,0.1043,7.31E-01,,,,,,,,,,
Tumor necrosis factor ligand superfamily member 11,0.97,-0.0342,0.0995,7.31E-01,,,,,,,,,,
SPARC-like protein 1,1.04,0.0347,0.1012,7.32E-01,,,,,,,,,,
Protein Wnt-7a,1.03,0.0284,0.0836,7.34E-01,,,,,,,,,,
Fibroblast growth factor receptor 2,0.96,-0.0378,0.1121,7.36E-01,,,,,,,,,,
Decorin,0.96,-0.0375,0.1126,7.39E-01,,,,,,,,,,
Human Chorionic Gonadotropin,1.05,0.0495,0.1490,7.40E-01,,,,,,,,,,
Adenylosuccinate lyase,0.95,-0.0505,0.1518,7.40E-01,,,,,,,,,,
Interleukin-10 receptor subunit beta,0.96,-0.0408,0.1240,7.42E-01,,,,,,,,,,
Immunoglobulin alpha Fc receptor,0.97,-0.0315,0.0965,7.44E-01,,,,,,,,,,
Ankyrin-2,0.97,-0.0264,0.0812,7.45E-01,,,,,,,,,,
Nuclear receptor subfamily 1 group D member 1,0.97,-0.0295,0.0912,7.46E-01,,,,,,,,,,
Parathyroid hormone-related protein,0.96,-0.0402,0.1244,7.47E-01,,,,,,,,,,
Peptidyl-prolyl cis-trans isomerase B,1.03,0.0264,0.0821,7.48E-01,,,,,,,,,,
Group 10 secretory phospholipase A2,0.96,-0.0415,0.1295,7.49E-01,,,,,,,,,,
Homeodomain-interacting protein kinase 3,0.97,-0.035,0.1092,7.49E-01,,,,,,,,,,
Latent-transforming growth factor beta-binding protein 4,1.04,0.0373,0.1164,7.49E-01,,,,,,,,,,
Tumor necrosis factor receptor superfamily member 13B,1.03,0.0304,0.0950,7.49E-01,,,,,,,,,,
Urokinase-type plasminogen activator,1.04,0.035,0.1094,7.49E-01,,,,,,,,,,
Leucine carboxyl methyltransferase 1,1.03,0.0252,0.0796,7.51E-01,,,,,,,,,,
Gremlin-1,0.97,-0.0277,0.0892,7.56E-01,,,,,,,,,,
Desmocollin-3,0.97,-0.0303,0.0986,7.58E-01,,,,,,,,,,
Fibroblast growth factor receptor 4,1.03,0.0277,0.0910,7.61E-01,,,,,,,,,,
Angiotensinogen,1.03,0.0313,0.1034,7.62E-01,,,,,,,,,,
Fibroblast growth factor 23,1.03,0.0289,0.0965,7.64E-01,,,,,,,,,,
Ectonucleoside triphosphate diphosphohydrolase 5,0.97,-0.0354,0.1190,7.66E-01,,,,,,,,,,
Endoplasmic reticulum aminopeptidase 1,1.03,0.0342,0.1152,7.67E-01,,,,,,,,,,
Pituitary adenylate cyclase-activating polypeptide 27,1.03,0.029,0.0981,7.68E-01,,,,,,,,,,
Prostate-specific antigen,0.93,-0.0684,0.2338,7.70E-01,,,,,,,,,,
Toll-like receptor 2,0.96,-0.0451,0.1546,7.71E-01,,,,,,,,,,
Nidogen-1,1.03,0.0263,0.0913,7.73E-01,,,,,,,,,,
2'-5'-oligoadenylate synthase 1,0.97,-0.029,0.1020,7.76E-01,,,,,,,,,,
AT-rich interactive domain-containing protein 3A,0.95,-0.047,0.1662,7.77E-01,,,,,,,,,,
Bone sialoprotein 2,0.97,-0.0297,0.1050,7.77E-01,,,,,,,,,,
Histone H2A type 3,0.97,-0.0255,0.0902,7.78E-01,,,,,,,,,,
Fibroblast growth factor receptor 3,1.03,0.0278,0.0994,7.79E-01,,,,,,,,,,
Interleukin-20 receptor subunit alpha,0.96,-0.0371,0.1321,7.79E-01,,,,,,,,,,
AMP Kinase (alpha1beta1gamma1),1.03,0.0313,0.1124,7.81E-01,,,,,,,,,,
Metalloproteinase inhibitor 1,1.03,0.03,0.1077,7.81E-01,,,,,,,,,,
Interferon alpha-10,1.03,0.0281,0.1015,7.82E-01,,,,,,,,,,
Plasminogen,1.03,0.026,0.0938,7.82E-01,,,,,,,,,,
Mannan-binding lectin serine protease 1,1.02,0.0191,0.0692,7.83E-01,,,,,,,,,,
Ectonucleoside triphosphate diphosphohydrolase 3,1.03,0.03,0.1091,7.84E-01,,,,,,,,,,
Ephrin-A5,0.97,-0.0259,0.0963,7.88E-01,,,,,,,,,,
R-spondin-2,0.98,-0.0197,0.0735,7.89E-01,,,,,,,,,,
Interleukin-1 receptor type 1,0.98,-0.0227,0.0857,7.91E-01,,,,,,,,,,
Catalase,1.03,0.0269,0.1022,7.92E-01,,,,,,,,,,
Cyclin-dependent kinase 2:Cyclin-A2 complex,1.03,0.0286,0.1086,7.93E-01,,,,,,,,,,
Coagulation Factor XI,1.04,0.0412,0.1573,7.94E-01,,,,,,,,,,
Cystatin-D,1.03,0.0268,0.1025,7.94E-01,,,,,,,,,,
C-C motif chemokine 25,0.97,-0.0268,0.1025,7.94E-01,,,,,,,,,,
ADP-ribosyl cyclase/cyclic ADP-ribose hydrolase 1,0.97,-0.0269,0.1036,7.95E-01,,,,,,,,,,
Anterior gradient protein 2 homolog,0.97,-0.0259,0.1006,7.96E-01,,,,,,,,,,
Pigment epithelium-derived factor,1.03,0.0284,0.1108,7.98E-01,,,,,,,,,,
Ubiquitin,0.97,-0.031,0.1243,8.03E-01,,,,,,,,,,
Growth/differentiation factor 2,0.97,-0.0288,0.1161,8.04E-01,,,,,,,,,,
T-lymphocyte surface antigen Ly-9,1.03,0.0295,0.1185,8.04E-01,,,,,,,,,,
Serine/threonine-protein kinase 16,1.02,0.0194,0.0782,8.05E-01,,,,,,,,,,
Insulin-like growth factor-binding protein 5,0.97,-0.0263,0.1088,8.09E-01,,,,,,,,,,
Creatine kinase M-type,0.97,-0.028,0.1170,8.11E-01,,,,,,,,,,
Lymphotoxin alpha2:beta1,1.03,0.0268,0.1127,8.12E-01,,,,,,,,,,
Collagenase 3,1.03,0.0271,0.1146,8.13E-01,,,,,,,,,,
Toll-like receptor 4:Lymphocyte antigen 96 complex,0.98,-0.0245,0.1043,8.15E-01,,,,,,,,,,
Protein FAM107B,0.98,-0.0219,0.0938,8.16E-01,,,,,,,,,,
Protein kinase C zeta type,0.97,-0.0296,0.1268,8.16E-01,,,,,,,,,,
"Ectodysplasin-A, secreted form",1.03,0.0312,0.1349,8.17E-01,,,,,,,,,,
"WAP, kazal, immunoglobulin, kunitz and NTR domain-containing protein 1",1.02,0.019,0.0832,8.19E-01,,,,,,,,,,
Tumor necrosis factor receptor superfamily member 8,0.98,-0.023,0.1023,8.22E-01,,,,,,,,,,
Ephrin type-A receptor 3,0.97,-0.0334,0.1486,8.22E-01,,,,,,,,,,
Interleukin-25,0.98,-0.0209,0.0934,8.23E-01,,,,,,,,,,
Interleukin-1 receptor type 2,1.02,0.0214,0.0955,8.23E-01,,,,,,,,,,
Neutrophil gelatinase-associated lipocalin,1.02,0.0235,0.1051,8.23E-01,,,,,,,,,,
Glutamate carboxypeptidase 2,0.98,-0.0226,0.1024,8.25E-01,,,,,,,,,,
Lamin-B1,1.02,0.0245,0.1124,8.28E-01,,,,,,,,,,
Mediator of RNA polymerase II transcription subunit 1,1.02,0.023,0.1063,8.29E-01,,,,,,,,,,
Mitogen-activated protein kinase kinase kinase 7:TGF-beta-activated kinase 1 and MAP3K7-binding protein 1 fusion,1.02,0.0236,0.1098,8.30E-01,,,,,,,,,,
Somatotropin,1.02,0.0187,0.0876,8.31E-01,,,,,,,,,,
Tyrosine-protein kinase Lck,1.01,0.0141,0.0664,8.31E-01,,,,,,,,,,
Receptor-type tyrosine-protein kinase FLT3,1.02,0.0213,0.1007,8.32E-01,,,,,,,,,,
Angiopoietin-related protein 3,1.02,0.0226,0.1073,8.33E-01,,,,,,,,,,
Baculoviral IAP repeat-containing protein 3,1.02,0.0184,0.0871,8.33E-01,,,,,,,,,,
Kallikrein-11,0.98,-0.0243,0.1165,8.35E-01,,,,,,,,,,
Protein FAM3D,0.98,-0.0194,0.0946,8.38E-01,,,,,,,,,,
Tropomyosin alpha-1 chain,0.98,-0.0206,0.1006,8.38E-01,,,,,,,,,,
Glial fibrillary acidic protein,0.98,-0.021,0.1033,8.39E-01,,,,,,,,,,
Serine/threonine-protein kinase pim-1,0.98,-0.016,0.0805,8.42E-01,,,,,,,,,,
Protein kinase C gamma type,1.02,0.0159,0.0797,8.42E-01,,,,,,,,,,
Disintegrin and metalloproteinase domain-containing protein 9,0.98,-0.0182,0.0931,8.45E-01,,,,,,,,,,
72 kDa type IV collagenase,0.98,-0.0222,0.1141,8.46E-01,,,,,,,,,,
Placenta growth factor,1.03,0.0256,0.1317,8.46E-01,,,,,,,,,,
Interleukin-12 receptor subunit beta-1,0.99,-0.0144,0.0745,8.47E-01,,,,,,,,,,
Complement C4,1.02,0.016,0.0834,8.48E-01,,,,,,,,,,
N-acetylglucosamine-6-sulfatase,1.02,0.0198,0.1036,8.48E-01,,,,,,,,,,
Insulin receptor,1.02,0.017,0.0895,8.49E-01,,,,,,,,,,
Cytotoxic and regulatory T-cell molecule,1.02,0.024,0.1264,8.50E-01,,,,,,,,,,
Cell adhesion molecule 1,0.98,-0.0185,0.0975,8.50E-01,,,,,,,,,,
"cAMP-specific 3',5'-cyclic phosphodiesterase 4D",1.01,0.0147,0.0797,8.54E-01,,,,,,,,,,
Carbonic anhydrase 7,1.01,0.0133,0.0729,8.56E-01,,,,,,,,,,
C-C motif chemokine 20,0.98,-0.0219,0.1258,8.62E-01,,,,,,,,,,
Down syndrome cell adhesion molecule,0.99,-0.012,0.0697,8.64E-01,,,,,,,,,,
Fibronectin,1.02,0.0222,0.1291,8.64E-01,,,,,,,,,,
Thymidylate synthase,1.01,0.0128,0.0777,8.69E-01,,,,,,,,,,
Semaphorin-3E,1.02,0.0188,0.1159,8.71E-01,,,,,,,,,,
Activated Protein C,0.99,-0.0133,0.0826,8.72E-01,,,,,,,,,,
Sialic acid-binding Ig-like lectin 9,1.02,0.0159,0.1001,8.74E-01,,,,,,,,,,
Serine/threonine-protein kinase 17B,1.01,0.0138,0.0890,8.77E-01,,,,,,,,,,
"Calcium/calmodulin-dependent 3',5'-cyclic nucleotide phosphodiesterase 1A",0.98,-0.0182,0.1177,8.77E-01,,,,,,,,,,
Growth/differentiation factor 5,0.98,-0.0158,0.1023,8.78E-01,,,,,,,,,,
Coagulation factor IXab,1.03,0.0282,0.1840,8.78E-01,,,,,,,,,,
Signal transducer and activator of transcription 1-alpha/beta,0.98,-0.0154,0.1008,8.78E-01,,,,,,,,,,
Contactin-4,0.98,-0.0166,0.1099,8.80E-01,,,,,,,,,,
Lactotransferrin,0.98,-0.0162,0.1070,8.80E-01,,,,,,,,,,
Serine/threonine-protein kinase Chk1,1.01,0.0089,0.0592,8.81E-01,,,,,,,,,,
Ephrin type-A receptor 2,1.02,0.0149,0.0995,8.81E-01,,,,,,,,,,
Interleukin-7 receptor subunit alpha,1.02,0.0154,0.1039,8.82E-01,,,,,,,,,,
C-C motif chemokine 7,0.98,-0.0157,0.1056,8.82E-01,,,,,,,,,,
Coiled-coil domain-containing protein 80,1.02,0.0177,0.1196,8.82E-01,,,,,,,,,,
Myoglobin,1.02,0.0218,0.1490,8.84E-01,,,,,,,,,,
TATA-box-binding protein,1.02,0.0161,0.1171,8.90E-01,,,,,,,,,,
"ATP synthase subunit beta, mitochondrial",0.99,-0.0111,0.0812,8.91E-01,,,,,,,,,,
"Neuroligin-4, X-linked",1.01,0.0106,0.0781,8.92E-01,,,,,,,,,,
Bcl-2-like protein 2,0.99,-0.0084,0.0647,8.96E-01,,,,,,,,,,
Fc receptor-like protein 3,0.99,-0.0148,0.1137,8.97E-01,,,,,,,,,,
Pituitary adenylate cyclase-activating polypeptide 38,1.01,0.013,0.1007,8.98E-01,,,,,,,,,,
Receptor tyrosine-protein kinase erbB-2,0.99,-0.0128,0.1020,9.00E-01,,,,,,,,,,
"High affinity cAMP-specific 3',5'-cyclic phosphodiesterase 7A",0.98,-0.0191,0.1535,9.01E-01,,,,,,,,,,
Ly6/PLAUR domain-containing protein 3,1.01,0.0109,0.0880,9.02E-01,,,,,,,,,,
Vitronectin,0.99,-0.0124,0.1016,9.03E-01,,,,,,,,,,
Cathepsin H,0.99,-0.0126,0.1050,9.04E-01,,,,,,,,,,
C-C motif chemokine 24,0.99,-0.0093,0.0776,9.05E-01,,,,,,,,,,
Roundabout homolog 2,0.99,-0.0132,0.1109,9.05E-01,,,,,,,,,,
Bone morphogenetic protein 7,1.01,0.0105,0.0972,9.14E-01,,,,,,,,,,
Protein FAM107A,0.99,-0.0062,0.0577,9.14E-01,,,,,,,,,,
Estrogen receptor,1.01,0.0098,0.0911,9.14E-01,,,,,,,,,,
Cellular tumor antigen p53,0.99,-0.0106,0.0989,9.14E-01,,,,,,,,,,
Low affinity immunoglobulin gamma Fc region receptor II-b,1.01,0.0103,0.0994,9.18E-01,,,,,,,,,,
Interleukin-6 receptor subunit beta,0.99,-0.0111,0.1068,9.18E-01,,,,,,,,,,
Peptidoglycan recognition protein 1,0.99,-0.0097,0.0966,9.20E-01,,,,,,,,,,
Prolactin receptor,1.01,0.0099,0.1000,9.21E-01,,,,,,,,,,
Scavenger receptor class F member 2,1.01,0.0104,0.1070,9.22E-01,,,,,,,,,,
Matrix extracellular phosphoglycoprotein,1.01,0.0094,0.0973,9.23E-01,,,,,,,,,,
Regenerating islet-derived protein 4,1.01,0.0092,0.0953,9.23E-01,,,,,,,,,,
Endoglin,1.01,0.0101,0.1070,9.25E-01,,,,,,,,,,
DNA topoisomerase 1,0.99,-0.0107,0.1167,9.27E-01,,,,,,,,,,
Induced myeloid leukemia cell differentiation protein Mcl-1,1.01,0.0063,0.0699,9.28E-01,,,,,,,,,,
Stromal cell-derived factor 1,1.01,0.0087,0.0960,9.28E-01,,,,,,,,,,
beta-nerve growth factor,0.99,-0.0079,0.0905,9.30E-01,,,,,,,,,,
Killer cell lectin-like receptor subfamily F member 1,0.99,-0.0078,0.0915,9.32E-01,,,,,,,,,,
"[Pyruvate dehydrogenase (acetyl-transferring)] kinase isozyme 1, mitochondrial",0.99,-0.008,0.0933,9.32E-01,,,,,,,,,,
Interleukin-22,1.01,0.0088,0.1056,9.34E-01,,,,,,,,,,
Mitogen-activated protein kinase 13,0.99,-0.0097,0.1168,9.34E-01,,,,,,,,,,
G2/mitotic-specific cyclin-B1,1.01,0.008,0.0978,9.35E-01,,,,,,,,,,
Glucokinase regulatory protein,1.01,0.0077,0.0962,9.36E-01,,,,,,,,,,
WNT1-inducible-signaling pathway protein 3,0.99,-0.0083,0.1041,9.36E-01,,,,,,,,,,
Macrophage scavenger receptor types I and II,1,0.0046,0.0595,9.38E-01,,,,,,,,,,
Interleukin-1 beta,0.99,-0.0066,0.0878,9.40E-01,,,,,,,,,,
Tyrosine-protein kinase receptor TYRO3,0.99,-0.0111,0.1618,9.45E-01,,,,,,,,,,
Insulin-like growth factor-binding protein 3,1.01,0.0096,0.1400,9.45E-01,,,,,,,,,,
Calcium/calmodulin-dependent protein kinase type 1,0.99,-0.0069,0.1105,9.50E-01,,,,,,,,,,
Fibroblast growth factor 8 isoform B,1.01,0.0058,0.0948,9.51E-01,,,,,,,,,,
Midkine,0.99,-0.0063,0.1023,9.51E-01,,,,,,,,,,
"Phosphatidylinositol 3,4,5-trisphosphate 3-phosphatase and dual-specificity protein phosphatase PTEN",0.99,-0.0062,0.1010,9.51E-01,,,,,,,,,,
Granulocyte-macrophage colony-stimulating factor,1.01,0.0071,0.1188,9.52E-01,,,,,,,,,,
Thyroxine-binding globulin,1,-0.0032,0.0533,9.52E-01,,,,,,,,,,
Nicotinamide phosphoribosyltransferase,0.99,-0.0065,0.1138,9.55E-01,,,,,,,,,,
Small nuclear ribonucleoprotein F,1,0.0049,0.0881,9.55E-01,,,,,,,,,,
Heparin-binding EGF-like growth factor,1.01,0.0071,0.1310,9.57E-01,,,,,,,,,,
Macrophage migration inhibitory factor,1.01,0.0074,0.1460,9.60E-01,,,,,,,,,,
Glypican-2,1.01,0.0075,0.1517,9.61E-01,,,,,,,,,,
Luteinizing hormone,1.01,0.0076,0.1540,9.61E-01,,,,,,,,,,
Ribonuclease H1,1,-0.0042,0.0862,9.61E-01,,,,,,,,,,
BMP-binding endothelial regulator protein,0.99,-0.0058,0.1227,9.63E-01,,,,,,,,,,
Trypsin-3,1,-0.0039,0.0907,9.65E-01,,,,,,,,,,
Contactin-2,1,-0.004,0.0948,9.66E-01,,,,,,,,,,
Stromelysin-2,1,-0.004,0.0935,9.66E-01,,,,,,,,,,
Tumor necrosis factor receptor superfamily member 10D,1,0.0033,0.0796,9.66E-01,,,,,,,,,,
Hyaluronan and proteoglycan link protein 1,1,0.0042,0.1001,9.67E-01,,,,,,,,,,
Interleukin-12 receptor subunit beta-2,0.99,-0.0056,0.1340,9.67E-01,,,,,,,,,,
Interleukin-17 receptor D,1,-0.0049,0.1283,9.69E-01,,,,,,,,,,
Matrix metalloproteinase-16,1,0.0034,0.0891,9.69E-01,,,,,,,,,,
Serine/threonine-protein kinase PLK1,1,0.003,0.0762,9.69E-01,,,,,,,,,,
C-X-C motif chemokine 16,1,0.0038,0.1002,9.70E-01,,,,,,,,,,
Interleukin-12,1,0.0028,0.0802,9.72E-01,,,,,,,,,,
Granulocyte colony-stimulating factor receptor,1,0.0027,0.0789,9.73E-01,,,,,,,,,,
Cadherin-15,1,0.0021,0.0683,9.75E-01,,,,,,,,,,
Protein 4.1,1,0.0024,0.0764,9.75E-01,,,,,,,,,,
C3a anaphylatoxin des Arginine,1,0.0025,0.0944,9.79E-01,,,,,,,,,,
Growth/differentiation factor 8,1,-0.0032,0.1231,9.79E-01,,,,,,,,,,
Interleukin-24,1,0.0014,0.0552,9.80E-01,,,,,,,,,,
Interleukin-9,1,0.0025,0.1069,9.81E-01,,,,,,,,,,
Hypoxia-inducible factor 1-alpha,1,-0.0036,0.1544,9.82E-01,,,,,,,,,,
"Dynein light chain 1, cytoplasmic",1,-0.0019,0.1000,9.85E-01,,,,,,,,,,
X-ray repair cross-complementing protein 6,1,0.0018,0.1004,9.86E-01,,,,,,,,,,
Protein disulfide-isomerase,1,-0.0018,0.1066,9.86E-01,,,,,,,,,,
Platelet endothelial cell adhesion molecule,1,0.0013,0.0802,9.87E-01,,,,,,,,,,
Programmed cell death 1 ligand 1,1,0.0012,0.0836,9.88E-01,,,,,,,,,,
Osteocalcin,1,-0.0012,0.0876,9.89E-01,,,,,,,,,,
Tumor necrosis factor receptor superfamily member 17,1,0.001,0.1002,9.92E-01,,,,,,,,,,
Protein E7_HPV16,1,-0.0009,0.0871,9.92E-01,,,,,,,,,,
Kinesin-like protein KIF23,1,0.0011,0.1282,9.93E-01,,,,,,,,,,
Intercellular adhesion molecule 1,1,0.0005,0.1044,9.96E-01,,,,,,,,,,
Protein FAM3B,1,-0.0005,0.1233,9.97E-01,,,,,,,,,,
Growth arrest-specific protein 1,1,0.0004,0.1226,9.97E-01,,,,,,,,,,
Tyrosine-protein kinase JAK2,1,0.0003,0.0928,9.97E-01,,,,,,,,,,
Cytoplasmic tyrosine-protein kinase BMX,1,0.0003,0.0983,9.98E-01,,,,,,,,,,
"Diablo homolog, mitochondrial",1,-0.0002,0.0719,9.98E-01,,,,,,,,,,
Lymphatic vessel endothelial hyaluronic acid receptor 1,1,0.0001,0.1053,9.99E-01,,,,,,,,,,
Neurogenic locus notch homolog protein 2,1,0.0002,0.0970,9.99E-01,,,,,,,,,,
