Target Full Name,Gene Target,UniProtKB,Foldchange 
Serum amyloid A1 protein ,SAA,P0DJI8,42.64
Phospholipase A2 Group IIA ,NPS-PLA2      ,P14555,8.93
Interleukin 6  ,IL6,P05231,7.82
" Troponin I2, Fast Skeletal Type      ",TNNI2,P48788,5.13
Chitinase 3 Like 1 ,CHI3L1,P36222,5.03
Hepcidin Antimicrobial Peptide ,LEAP1,P81172,4.56
"Troponin T2, Cardiac type ",TNNT2,P45379 ,4.02
Interleukin 1 Receptor like 1 ,ILIRLI,Q01638,3.49
Creatine kinase B; Creatine kinase M ,CKB; CKM ,P12277; P06732 ,3.19
Complement C1r ,C1R,P00736,3.15
Creatine kinase M ,CKM,P06732 ,2.82
Integrin binding sialoprotein ,IBSP,P21815,2.79
Carbonic anhydrase 3 ,CA3,P07451,2.73
Erythropoietin,EPO ,P01588,2.59
Asialoglycoprotein receptor 1 ,ASGR1,P07306,2.56
C-reactive protein ,CRP,P02741,2.52
C-C motif chemokine ligand 23 ,CCL23,P55773,2.3
Insulin-like growth factor binding protein 1 ,IGFBP1,P08833,2.23
Thrombopoietin,THPO ,P40225,2.19
Pappalysin 1 ,PAPPA ,Q13219,2.1
Secreted phosphoprotein 1 ,SPP1,P10451 ,2.08
C-C motif chemokine ligand 23 ,CCL23 ,P55773,2.08
Interleukin 18 binding protein ,IL18BP,O95998,2.07
S100 calcium binding protein A9 ,S100A9,P06702,2.04
Histone cluster 1 H3 family member B ,HIST1H3B,P68431,2.04
Lymphotoxin alpha; beta ,LTA; LTB ,P01374; Q06643 ,-2.05
N-acylethanolamine acid amidase ,NAAA ,Q02083,-2.07
Cathepsin V ,CTSV,O60911 ,-2.31
Lymphocyte activating 3 ,LAG3, P18627 ,-2.34
Cathepsin F ,CTSF,Q9UBX1,-2.41
Bone morphogenetic protein 1 ,BMP1 ,P13497,-2.41
Mediator complex subunit 1 ,MED1,Q15648,-2.63
Fibronectin 1 ,FN1,P02751 ,-3.12
