﻿Target,Full Name,Uniprot,Hazard Ratio per SD,Quintile Hazard Ratio,P value
Angiopoietin-2,Angiopoietin-2,O15123,1.67,3.41,< 1.00E-16
MMP-12,Matrix metalloproteinase 12,P39900,1.65,3.71,< 1.00E-16
TIMD3,Hepatitis A virus cellular receptor 2,Q8TDQ0,1.61,3.44,< 1.00E-16
IGFBP-2,Insulin-like growth factor-binding protein 2,P18065,1.58,3.35,< 1.00E-16
TNF sR-II,Tumor necrosis factor receptor superfamily member 1B,P20333,1.56,3.72,< 1.00E-16
FSTL3,Follistatin-related protein 3,O95633,1.56,4.47,< 1.00E-16
HCC-1,C-C motif chemokine 14,Q16627,1.55,2.89,< 1.00E-16
b2-Microglobulin,Beta-2-microglobulin,P61769,1.54,4.39,< 1.00E-16
TSP2,Thrombospondin-2,P35442,1.54,3.8,< 1.00E-16
MMP-7,Matrix metalloproteinase 7,P09237,1.53,4.09,< 1.00E-16
Endostatin,Endostatin,P39060,1.52,2.92,< 1.00E-16
Cathepsin H,Cathepsin H,P09668,1.52,4.02,< 1.00E-16
EPHB2,Ephrin type-B receptor 2,P29323,1.5,2.53,< 1.00E-16
IL-18 BPa,Interleukin-18-binding protein,O95998,1.49,2.89,< 1.00E-16
CRDL1,Chordin-like protein 1,Q9BU40,1.49,2.8,< 1.00E-16
Cystatin C,Cystatin-C,P01034,1.49,3.65,< 1.00E-16
C9,Complement component C9,P02748,1.48,3.05,8.85E-14
PARC,C-C motif chemokine 18,P55774,1.47,2.5,1.11E-16
C7,Complement component C7,P10643,1.47,3.84,< 1.00E-16
RELT,Tumor necrosis factor receptor superfamily member 19L,Q969Z4,1.47,3.72,< 1.00E-16
JAG1,Protein jagged-1,P78504,1.45,2.25,3.66E-15
UNC5H3,Netrin receptor UNC5C,O95185,1.44,3.35,< 1.00E-16
Ephrin-A4,Ephrin-A4,P52798,1.44,3.7,< 1.00E-16
BSSP4,Brain-specific serine protease 4,Q9GZN4,1.44,2.92,< 1.00E-16
DAN,Neuroblastoma suppressor of tumorigenicity 1,P41271,1.43,3.45,< 1.00E-16
Epithelial cell kinase,Ephrin type-A receptor 2,P29317,1.43,3.28,< 1.00E-16
Spondin-1,Spondin-1,Q9HCB6,1.42,3.2,< 1.00E-16
Periostin,Periostin,Q15063,1.4,2.15,6.12E-12
VEGF,Vascular endothelial growth factor A,P15692,1.4,2.35,1.03E-12
SREC-I,Scavenger receptor class F member 1,Q14162,1.39,3.45,< 1.00E-16
alpha-1- antichymotrypsin complex,alpha-1-antichymotrypsin complex,P01011,1.39,2.5,1.97E-14
CRK,Adapter molecule crk,P46108,1.39,3.06,< 1.00E-16
Ephrin-A5,Ephrin-A5,P52803,1.37,2.62,2.89E-15
ESAM,Endothelial cell-selective adhesion molecule,Q96AP7,1.37,2.27,1.02E-14
Glutathione S- transferase Pi,Glutathione S-transferase P,P09211,1.37,2.57,1.28E-12
DR6,Tumor necrosis factor receptor superfamily member 21,O75509,1.36,1.82,1.36E-10
CAPG,Macrophage-capping protein,P40121,1.36,3.24,< 1.00E-16
URB,Coiled-coil domain-containing protein 80,Q76M96,1.36,2.34,1.36E-10
LAG-3,Lymphocyte activation gene 3 protein,P18627,1.35,2.11,2.48E-10
Ck-b-8-1,Ck-beta-8-1,P55773,1.35,2.14,1.26E-08
Elafin,Elafin,P19957,1.35,2.45,9.14E-12
TIMP-1,Metalloproteinase inhibitor 1,P01033,1.34,3.95,< 1.00E-16
HSP 70,Heat shock 70 kDa protein 1A/1B,P08107,1.34,2.21,1.25E-10
Stanniocalcin-1,Stanniocalcin-1,P52823,1.34,2.61,2.65E-11
SLPI,Antileukoproteinase,P03973,1.34,2.36,7.96E-11
FCG3B,Low affinity immunoglobulin gamma Fc region receptor III-B,O75015,1.34,2.13,2.53E-10
TRAIL R4,Tumor necrosis factor receptor superfamily member 10D,Q9UBN6,1.34,2.07,1.29E-09
MMP-3,Stromelysin-1,P08254,1.33,2.49,1.37E-09
PH,Pancreatic hormone,P01298,1.33,2.25,1.19E-10
ARMEL,Cerebral dopamine neurotrophic factor,Q49AH0,1.32,1.98,5.50E-10
CYTD,Cystatin-D,P28325,1.32,1.99,9.40E-10
GPVI,Platelet glycoprotein VI,Q9HCN6,1.32,1.85,3.10E-09
CATZ,Cathepsin Z,Q9UBR2,1.32,2.34,9.36E-10
DLL1,Delta-like protein 1,O00548,1.32,3.4,< 1.00E-16
MPIF-1,C-C motif chemokine 23,P55773,1.31,1.99,2.74E-09
Kallikrein 11,Kallikrein-11,Q9UBX7,1.31,2.03,1.22E-11
SLAF5,SLAM family member 5,Q9UIB8,1.31,2.6,9.99E-16
IL-1 R4,Interleukin-1 receptor-like 1,Q01638,1.31,2.08,1.92E-09
TFF3,Trefoil factor 3,Q07654,1.3,3.58,3.51E-13
PAFAH beta subunit,Platelet-activating factor acetylhydrolase IB subunit beta,P68402,1.29,2.49,8.03E-14
IGFBP-1,Insulin-like growth factor-binding protein 1,P08833,1.29,1.9,1.12E-08
CD48,CD48 antigen,P09326,1.29,2.3,4.62E-10
Renin,Renin,P00797,1.29,1.77,1.68E-08
NLGNX,"Neuroligin-4, X-linked",Q8N0W4,1.29,2.6,1.92E-12
BLC,C-X-C motif chemokine 13,O43927,1.29,2.67,1.24E-11
suPAR,Urokinase plasminogen activator surface receptor,Q03405,1.29,3.18,3.80E-13
PAPP-A,Pappalysin-1,Q13219,1.29,1.95,6.82E-08
resistin,Resistin,Q9HD89,1.28,1.87,2.27E-08
SDF-1,Stromal cell-derived factor 1,P48061,1.28,2.02,2.17E-07
FUT5,"Alpha-(1,3)-fucosyltransferase 5",Q11128,1.28,2.04,8.33E-07
TNFSF15,Tumor necrosis factor ligand superfamily member 15,O95150,1.28,3.05,6.62E-13
Nidogen,Nidogen-1,P14543,1.28,1.83,1.11E-07
HTRA2,"Serine protease HTRA2, mitochondrial",O43464,1.28,2.14,6.37E-09
IGFBP-7,Insulin-like growth factor-binding protein 7,Q16270,1.28,1.82,1.55E-07
IL-1 sRI,Interleukin-1 receptor type 1,P14778,1.28,1.73,1.12E-06
NPS-PLA2,"Phospholipase A2, membrane associated",P14555,1.27,2.18,5.24E-09
ANGL4,Angiopoietin-related protein 4,Q9BY76,1.27,3.08,4.95E-11
FABP,"Fatty acid-binding protein, heart",P05413,1.27,2.64,1.30E-10
LBP,Lipopolysaccharide-binding protein,P18428,1.27,2.04,1.81E-06
IGF-I sR,Insulin-like growth factor 1 receptor,P08069,1.27,1.84,9.91E-07
Tenascin,Tenascin,P24821,1.27,1.84,3.15E-07
XEDAR,Tumor necrosis factor receptor superfamily member 27,Q9HAV5,1.27,3.99,< 1.00E-16
Troponin I,"Troponin I, cardiac muscle",P19429,1.27,3.18,1.02E-12
BSP,Bone sialoprotein 2,P21815,1.27,1.8,7.52E-08
IGFBP-6,Insulin-like growth factor-binding protein 6,P24592,1.26,2.42,3.06E-11
MATN2,Matrilin-2,O00339,1.26,2.12,4.44E-07
LY9,T-lymphocyte surface antigen Ly-9,Q9HBG7,1.26,1.75,1.79E-06
Layilin,Layilin,Q6UX15,1.26,2.84,1.43E-09
XTP3A,dCTP pyrophosphatase 1,Q9H773,1.26,1.69,7.38E-06
Fibrinogen g-chain dimer,Fibrinogen gamma chain,P02679,1.25,1.88,3.30E-06
EphB6,Ephrin type-B receptor 6,O15197,1.25,1.85,3.27E-09
OLR1,Oxidized low-density lipoprotein receptor 1,P78380,1.25,1.85,2.38E-07
Carbonic anhydrase III,Carbonic anhydrase 3,P07451,1.25,1.93,5.34E-07
CYTT,Cystatin-SA,P09228,1.25,1.8,2.83E-06
FGF7,Fibroblast growth factor 7,P21781,1.25,2.78,2.90E-12
AK1A1,Alcohol dehydrogenase [NADP(+)],P14550,1.25,1.91,1.86E-06
ROR1,Tyrosine-protein kinase transmembrane receptor ROR1,Q01973,1.24,1.95,1.40E-08
Midkine,Midkine,P21741,1.24,2.2,2.96E-09
FCG2A/B,Low affinity immunoglobulin gamma Fc region receptor II-a/b,P12318 P31994,1.24,1.83,7.23E-06
IP-10,C-X-C motif chemokine 10,P02778,1.24,2.26,1.08E-06
MBL,Mannose-binding protein C,P11226,1.24,1.89,1.44E-05
NAGK,N-acetyl-D-glucosamine kinase,Q9UJ70,1.23,1.54,4.84E-06
MCP-3,C-C motif chemokine 7,P80098,1.23,1.98,3.56E-07
SHC1,SHC-transforming protein 1,P29353,1.23,1.96,6.47E-08
GPNMB,Transmembrane glycoprotein NMB,Q14956,1.23,1.64,2.29E-06
Macrophage mannose receptor,Macrophage mannose receptor 1,P22897,1.23,1.83,1.30E-05
MP2K2,Dual specificity mitogen-activated protein kinase kinase 2,P36507,1.23,1.81,1.01E-05
TNF sR-I,Tumor necrosis factor receptor superfamily member 1A,P19438,1.23,3.71,< 1.00E-16
Cathepsin B,Cathepsin B,P07858,1.23,1.76,5.70E-06
vWF,von Willebrand factor,P04275,1.23,1.74,1.49E-05
TF,Tissue Factor,P13726,1.23,2.78,8.34E-13
CD30 Ligand,Tumor necrosis factor ligand superfamily member 8,P32971,1.22,1.46,6.40E-07
IL-17 RC,Interleukin-17 receptor C,Q8NAC3,1.22,2.56,3.50E-09
Nectin-like protein 2,Cell adhesion molecule 1,Q9BY67,1.22,1.8,1.10E-05
CCL28,C-C motif chemokine 28,Q9NRJ3,1.22,1.64,1.94E-05
IL-18 Ra,Interleukin-18 receptor 1,Q13478,1.22,1.58,2.90E-05
NRP1,Neuropilin-1,O14786,1.22,1.94,4.17E-08
LAG-1,C-C motif chemokine 4-like,Q8NHW4,1.22,1.51,4.69E-06
TIG2,Retinoic acid receptor responder protein 2,Q99969,1.22,1.8,1.58E-05
sICAM-5,Intercellular adhesion molecule 5,Q9UMF0,1.21,1.91,1.79E-06
CD5L,CD5 antigen-like,O43866,1.21,1.62,1.06E-05
BNP-32,Brain natriuretic peptide 32,P16860,1.21,2.77,1.34E-09
EMR2,EGF-like module-containing mucin-like hormone receptor-like 2,Q9UHX3,1.21,1.82,3.46E-05
Notch-3,Neurogenic locus notch homolog protein 3,Q9UM47,1.21,1.88,9.13E-07
"C34 gp41 HIVFragment","gp41 C34 peptide, HIV",Q70626,1.21,1.72,2.56E-06
CYTN,Cystatin-SN,P01037,1.2,1.52,3.97E-05
B7-H1,Programmed cell death 1 ligand 1,Q9NZQ7,1.2,2.12,3.37E-06
YES,Tyrosine-protein kinase Yes,P07947,1.2,2.11,9.06E-08
IL-15 Ra,Interleukin-15 receptor subunit alpha,Q13261,1.19,3.21,4.51E-10
14-3-3,14-3-3 protein family,"P31946, P62258, P61981, Q04917, P27348, P63104,P31947",1.19,1.75,4.45E-05
OX2G,OX-2 membrane glycoprotein,P41217,1.19,1.44,2.85E-05
IL-8,Interleukin-8,P10145,1.19,2.1,1.60E-07
JAM-B,Junctional adhesion molecule B,P57087,1.19,1.73,1.95E-06
LIF sR,Leukemia inhibitory factor receptor,P42702,1.19,1.72,4.55E-05
FGF23,Fibroblast growth factor 23,Q9GZV9,1.18,2.41,7.74E-08
4-1BB,Tumor necrosis factor receptor superfamily member 9,Q07011,1.18,2.36,2.83E-08
MIP-1a,C-C motif chemokine 3,P10147,1.18,2.42,1.53E-06
Factor D,Complement factor D,P00746,1.18,2.72,3.93E-07
TAJ,Tumor necrosis factor receptor superfamily member 19,Q9NS68,1.18,2.16,1.99E-07
LD78-beta,C-C motif chemokine 3-like 1,P16619,1.18,1.55,3.25E-05
SPINT2,Kunitz-type protease inhibitor 2,O43291,1.17,2.18,4.28E-06
PTHrP,Parathyroid hormone-related protein,P12272,1.17,1.51,3.45E-05
UFC1,Ubiquitin-fold modifier-conjugating enzyme 1,Q9Y3C8,1.17,1.41,4.54E-05
VEGF-C,Vascular endothelial growth factor C,P49767,1.16,2.49,7.62E-06
SLAF6,SLAM family member 6,Q96DU3,1.15,1.88,3.84E-05
MIS,Muellerian-inhibiting factor,P03971,0.84,0.5,6.70E-06
Antithrombin III,Antithrombin-III,P01008,0.84,0.55,2.07E-05
FCN2,Ficolin-2,Q15485,0.83,0.59,8.21E-06
MP2K4,Dual specificity mitogen-activated protein kinase kinase 4,P45985,0.82,0.53,1.11E-05
ASAH2,Neutral ceramidase,Q9NR71,0.82,0.54,4.48E-05
"Endothelin- converting enzyme1",Endothelin-converting enzyme 1,P42892,0.82,0.6,4.05E-05
Notch 1,Neurogenic locus notch homolog protein 1,P46531,0.82,0.6,1.71E-05
Heparin cofactor II,Heparin cofactor 2,P05546,0.82,0.57,9.33E-06
Carbonic anhydrase 6,Carbonic anhydrase 6,P23280,0.82,0.58,1.13E-05
Testican-1,Testican-1,Q08629,0.81,0.59,2.80E-05
PAI-1,Plasminogen activator inhibitor 1,P05121,0.81,0.6,1.27E-05
6-Phosphogluconate dehydrogenase,"6-phosphogluconate dehydrogenase, decarboxylating",P52209,0.81,0.59,8.60E-06
Afamin,Afamin,P43652,0.81,0.44,7.50E-09
DRAK2,Serine/threonine-protein kinase 17B,O94768,0.8,0.57,2.65E-05
ENTP5,Ectonucleoside triphosphate diphosphohydrolase 5,O75356,0.8,0.57,2.51E-06
Coagulation Factor Xa,Coagulation factor Xa,P00742,0.8,0.48,3.43E-08
Plasminogen,Plasminogen,P00747,0.8,0.58,7.86E-06
MDHC,"Malate dehydrogenase, cytoplasmic",P40925,0.8,0.5,2.23E-06
Prothrombin,Prothrombin,P00734,0.8,0.44,4.72E-08
OBCAM,Opioid-binding protein/cell adhesion molecule,Q14982,0.8,0.56,1.13E-05
Aminoacylase-1,Aminoacylase-1,Q03154,0.8,0.52,8.51E-06
cGMP-stimulated PDE,"cGMP-dependent 3',5'-cyclic phosphodiesterase",O00408,0.79,0.57,3.51E-06
Cytochrome P450 3A4,Cytochrome P450 3A4,P08684,0.79,0.48,1.97E-06
Ficolin-3,Ficolin-3,O75636,0.78,0.51,2.13E-08
Mn SOD,"Superoxide dismutase [Mn], mitochondrial",P04179,0.78,0.52,7.13E-07
a2-HS-Glycoprotein,Alpha-2-HS-glycoprotein,P02765,0.78,0.48,1.16E-07
TrkB,BDNF/NT-3 growth factors receptor,Q16620,0.78,0.59,2.78E-06
DC-SIGNR,C-type lectin domain family 4 member M,Q9H2X3,0.77,0.53,2.20E-08
ATS13,A disintegrin and metalloproteinase with thrombospondin motifs 13,Q76LX8,0.77,0.42,4.14E-09
Kallistatin,Kallistatin,P29622,0.77,0.51,1.15E-08
PTP-1B,Tyrosine-protein phosphatase non- receptor type 1,P18031,0.77,0.52,6.46E-06
FGF-20,Fibroblast growth factor 20,Q9NP95,0.76,0.5,1.13E-06
Cathepsin V,Cathepsin L2,O60911,0.76,0.48,1.80E-08
Prekallikrein,Plasma kallikrein,P03952,0.76,0.49,1.99E-10
NXPH1,Neurexophilin-1,P58417,0.75,0.57,1.11E-08
Soggy-1,Dickkopf-like protein 1,Q9UK85,0.75,0.48,2.58E-08
HPG-,15-hydroxyprostaglandin dehydrogenase [NAD(+)],P15428,0.75,0.44,1.93E-08
Protein C,Vitamin K-dependent protein C,P04070,0.74,0.36,1.30E-13
SEPR,Seprase,Q12884,0.74,0.46,1.47E-06
TWEAK,Tumor necrosis factor ligand superfamily member 12,O43508,0.74,0.44,4.07E-06
VEGF sR2,Vascular endothelial growth factor receptor 2,P35968,0.74,0.41,2.22E-10
Angiostatin,Angiostatin,P00747,0.73,0.41,5.92E-11
ERBB3,Receptor tyrosine-protein kinase erbB-3,P21860,0.72,0.38,2.04E-10
GDF-11/8,Growth/differentiation factor 11/8,O95390,0.72,0.41,8.79E-09
BMP-1,Bone morphogenetic protein 1,P13497,0.71,0.37,2.54E-13
CDO,Cell adhesion molecule-related/down- regulated by oncogenes,Q4KMG0,0.7,0.37,9.14E-14
CK-MM,Creatine kinase M-type,P06732,0.7,0.43,3.61E-11
CNDP1,Beta-Ala-His dipeptidase,Q96KN2,0.69,0.33,< 1.00E-16
PDE11,"Dual 3',5'-cyclic-AMP and -GMP phosphodiesterase 11A",Q9HCR9,0.69,0.36,5.19E-12
CK-MB,Creatine kinase M-type:Creatine kinase B-type heterodimer,P12277 P06732,0.69,0.36,5.08E-13
P-Cadherin,Cadherin-3,P22223,0.67,0.39,1.11E-16
RET,Proto-oncogene tyrosine-protein kinase receptor Ret,P07949,0.66,0.38,4.93E-13
a2-Antiplasmin,Alpha-2-antiplasmin,P08697,0.64,0.34,< 1.00E-16
Growth hormone receptor,Growth hormone receptor,P10912,0.63,0.27,< 1.00E-16
ERBB1,Epidermal growth factor receptor,P00533,0.6,0.27,< 1.00E-16