Protein name,Uniprot ID,Partial SRC,P-value,FDR p-value,KEGG annotation
Granulocyte colony-stimulating factor,P09919,-0.221,2.36E-04,2.22E-02,Cytokine-cytokine receptor interaction; PI3K-Akt signaling pathway; Jak-STAT signaling pathway; Hematopoietic cell lineage; Malaria
Pancreatic prohormone,P01298,-0.179,3.03E-03,1.43E-01,Neuroactive ligand-receptor interaction - Homo sap
Immunoglobulin E,P01854,-0.154,1.13E-02,3.53E-01,0
Complement C2,P06681,-0.139,2.28E-02,5.35E-01,Complement and coagulation cascades; Pertussis; Staphylococcus aureus infection; Systemic lupus erythematosus
Neutrophil gelatinase-associated lipocalin,P80188,-0.129,3.41E-02,5.54E-01,0
C-C motif chemokine 18,P55774,-0.128,3.54E-02,5.54E-01,Cytokine-cytokine receptor interaction; Chemokine signaling pathway
Gelsolin,P06396,0.117,5.58E-02,6.62E-01,Fc gamma R-mediated phagocytosis; Regulation of actin cytoskeleton; Viral carcinogenesis
Complement component C6,P13671,-0.115,6.04E-02,6.62E-01,Complement and coagulation cascades; Prion diseases; Systemic lupus erythematosus
Epidermal growth factor receptor,P00533,0.114,6.34E-02,6.62E-01,MAPK signaling pathway; ErbB signaling pathway; Calcium signaling pathway; Cytokine-cytokine receptor interaction; HIF-1 signaling pathway; Endocytosis; PI3K-Akt signaling pathway; Dorso-ventral axis formation; Focal adhesion; Adherens junction; Gap junction; Regulation of actin cytoskeleton; GnRH signaling pathway; Epithelial cell signaling in Helicobacter pylori infection; Hepatitis C; Pathways in cancer; Pancreatic cancer; Endometrial cancer; Glioma; Prostate cancer; Melanoma; Bladder cancer; Non-small cell lung cancer
Tumor necrosis factor receptor superfamily member 10D,Q9UBN6,-0.108,7.63E-02,7.17E-01,Cytokine-cytokine receptor interaction; Apoptosis; Natural killer cell mediated cytotoxicity; Measles; Influenza A
Interleukin-10,P22301,-0.104,8.93E-02,7.63E-01,Cytokine-cytokine receptor interaction; Jak-STAT signaling pathway; T cell receptor signaling pathway; Intestinal immune network for IgA production; Pertussis; Leishmaniasis; Chagas disease (American trypanosomiasis); African trypanosomiasis; Malaria; Toxoplasmosis; Amoebiasis; Staphylococcus aureus infection; Tuberculosis; Epstein-Barr virus infection; Asthma; Autoimmune thyroid disease; Systemic lupus erythematosus; Allograft rejection
Annexin A1,P04083,-0.100,1.02E-01,7.98E-01,0
CD5 antigen-like,O43866,-0.096,1.18E-01,8.48E-01,0
Inter-alpha-trypsin inhibitor heavy chain H4,Q14624,-0.088,1.49E-01,8.48E-01,0
Interleukin-11,P20809,-0.088,1.50E-01,8.48E-01,Cytokine-cytokine receptor interaction; Jak-STAT signaling pathway; Hematopoietic cell lineage; Rheumatoid arthritis
Angiopoietin-2,O15123,-0.088,1.53E-01,8.48E-01,HIF-1 signaling pathway; PI3K-Akt signaling pathway
Vascular cell adhesion protein 1,P19320,0.086,1.63E-01,8.48E-01,NF-kappa B signaling pathway;
Cystatin-C,P01034,-0.085,1.67E-01,8.48E-01,Macular degeneration; Cerebral amyloid angiopathy (CAA)
Hemoglobin subunit alpha/beta,"P69905, P68871",-0.078,2.01E-01,8.48E-01,African trypanosomiasis; Malaria
Lymphotoxin-alpha,P01374,-0.078,2.04E-01,8.48E-01,Cytokine-cytokine receptor interaction; NF-kappa B signaling pathway; Type I diabetes mellitus; HTLV-I infection; Herpes simplex infection
Vitamin K-dependent protein S,P07225,-0.078,2.06E-01,8.48E-01,Complement and coagulation cascades
Complement C1s subcomponent,P09871,0.072,2.38E-01,8.48E-01,Complement and coagulation cascades; Pertussis; Staphylococcus aureus infection; Systemic lupus erythematosus
Hemopexin,P02790,-0.072,2.42E-01,8.48E-01,0
Complement C4-A/B,"P0C0L4, P0C0L5",0.072,2.43E-01,8.48E-01,Complement and coagulation cascades; Pertussis; Staphylococcus aureus infection; Systemic lupus erythematosus
Interleukin-8,P10145,-0.070,2.52E-01,8.48E-01,Cytokine-cytokine receptor interaction; Chemokine signaling pathway; NF-kappa B signaling pathway; Toll-like receptor signaling pathway; NOD-like receptor signaling pathway; RIG-I-like receptor signaling pathway; Epithelial cell signaling in Helicobacter pylori infection; Shigellosis; Salmonella infection; Pertussis; Legionellosis; Chagas disease (American trypanosomiasis); Malaria; Amoebiasis; Hepatitis C; Hepatitis B; Influenza A; Pathways in cancer; Transcriptional misregulation in cancer; Bladder cancer; Rheumatoid arthritis
Alpha-1-antichymotrypsin,P01011,-0.068,2.71E-01,8.48E-01,0
cAMP-dependent protein kinase catalytic subunit alpha,P17612,0.065,2.90E-01,8.48E-01,MAPK signaling pathway; Calcium signaling pathway; Chemokine signaling pathway; Oocyte meiosis; Apoptosis; Vascular smooth muscle contraction; Wnt signaling pathway; Hedgehog signaling pathway; Gap junction; Circadian entrainment; Long-term potentiation; Retrograde endocannabinoid signaling; Glutamatergic synapse; Cholinergic synapse; Serotonergic synapse; GABAergic synapse; Dopaminergic synapse; Olfactory transduction; Taste transduction; Insulin signaling pathway; GnRH signaling pathway; Progesterone-mediated oocyte maturation; Melanogenesis; Endocrine and other factor-regulated calcium reabsorption; Vasopressin-regulated water reabsorption; Salivary secretion; Gastric acid secretion; Bile secretion; Prion diseases; Cocaine addiction; Amphetamine addiction; Morphine addiction; Alcoholism; Vibrio cholerae infection; Amoebiasis; HTLV-I infection; Epstein-Barr virus infection; Viral carcinogenesis; Dilated cardiomyopathy
Platelet-derived growth factor subunit B,P01127,0.065,2.92E-01,8.48E-01,MAPK signaling pathway; Cytokine-cytokine receptor interaction; PI3K-Akt signaling pathway; Focal adhesion; Gap junction; Regulation of actin cytoskeleton; HTLV-I infection; Pathways in cancer; Transcriptional misregulation in cancer; Renal cell carcinoma; Glioma; Prostate cancer; Melanoma
C-C motif chemokine 7,P80098,-0.065,2.93E-01,8.48E-01,Cytokine-cytokine receptor interaction; Chemokine signaling pathway
Tenascin,P24821,-0.064,2.99E-01,8.48E-01,PI3K-Akt signaling pathway; Focal adhesion; ECM-receptor interaction
Histidine triad nucleotide-binding protein 1,P49773,-0.062,3.10E-01,8.48E-01,0
Histidine-rich glycoprotein,P04196,0.061,3.20E-01,8.48E-01,0
C-C motif chemokine 15,Q16663,-0.060,3.27E-01,8.48E-01,Cytokine-cytokine receptor interaction; Chemokine signaling pathway
Complement C3,P01024,0.059,3.39E-01,8.48E-01,Phagosome; Complement and coagulation cascades; Pertussis; Legionellosis; Leishmaniasis; Chagas disease (American trypanosomiasis); Staphylococcus aureus infection; Tuberculosis; Herpes simplex infection; Viral carcinogenesis; Systemic lupus erythematosus
Leptin,P41159,0.058,3.47E-01,8.48E-01,Cytokine-cytokine receptor interaction; Neuroactive ligand-receptor interaction; Jak-STAT signaling pathway; Adipocytokine signaling pathway
Serum paraoxonase/arylesterase 1,P27169,0.057,3.55E-01,8.48E-01,Metabolic pathways
Complement component C8 alpha/beta/gamma chain,"P07357, P07358, P07360",0.056,3.62E-01,8.48E-01,Complement and coagulation cascades; Prion diseases; Amoebiasis; Systemic lupus erythematosus
72 kDa type IV collagenase,P08253,0.055,3.67E-01,8.48E-01,Leukocyte transendothelial migration; GnRH signaling pathway; Pathways in cancer; Bladder cancer
Alpha-2-macroglobulin,P01023,0.055,3.70E-01,8.48E-01,Complement and coagulation cascades
Serum amyloid P-component,P02743,-0.055,3.74E-01,8.48E-01,0
Haptoglobin,P00738,0.054,3.80E-01,8.48E-01,0
C-C motif chemokine 3,P10147,-0.054,3.82E-01,8.48E-01,Cytokine-cytokine receptor interaction; Chemokine signaling pathway; Toll-like receptor signaling pathway; Salmonella infection; Chagas disease (American trypanosomiasis); Rheumatoid arthritis
Interleukin-3,P08700,-0.053,3.92E-01,8.48E-01,Cytokine-cytokine receptor interaction; PI3K-Akt signaling pathway; Apoptosis; Jak-STAT signaling pathway; Hematopoietic cell lineage; Fc epsilon RI signaling pathway; Transcriptional misregulation in cancer; Asthma
Apolipoprotein A-I,P02647,0.051,4.02E-01,8.48E-01,PPAR signaling pathway; Fat digestion and absorption; Vitamin digestion and absorption; African trypanosomiasis
E-selectin,P16581,-0.048,4.30E-01,8.48E-01,Cell adhesion molecules (CAMs); African trypanosomiasis; Malaria
Interleukin-13,P35225,-0.047,4.40E-01,8.48E-01,Cytokine-cytokine receptor interaction; Jak-STAT signaling pathway; Fc epsilon RI signaling pathway; Measles; Asthma
Complement factor H,P08603,0.047,4.44E-01,8.48E-01,Complement and coagulation cascades; Staphylococcus aureus infection
Alpha-1-antitrypsin,P01009,-0.047,4.44E-01,8.48E-01,Complement and coagulation cascades
Corticosteroid-binding globulin,P08185,0.046,4.57E-01,8.48E-01,0
Plasminogen,P00747,0.045,4.65E-01,8.48E-01,Neuroactive ligand-receptor interaction; Complement and coagulation cascades; Staphylococcus aureus infection; Influenza A
Fibrinogen gamma chain,P02679,-0.043,4.86E-01,8.48E-01,Complement and coagulation cascades; Staphylococcus aureus infection
Lysozyme C,P61626,-0.042,4.95E-01,8.48E-01,Salivary secretion
C-C motif chemokine 5,P13501,0.041,5.01E-01,8.48E-01,Cytokine-cytokine receptor interaction; Chemokine signaling pathway; Toll-like receptor signaling pathway; NOD-like receptor signaling pathway; Cytosolic DNA-sensing pathway; Prion diseases; Epithelial cell signaling in Helicobacter pylori infection; Chagas disease (American trypanosomiasis); Influenza A; Herpes simplex infection; Rheumatoid arthritis
C-reactive protein,P02741,-0.040,5.10E-01,8.48E-01,0
Fibrinogen alpha/beta/gamma chain,"P02671, P02675, P02679",-0.040,5.15E-01,8.48E-01,[ALL - Complement and coagulation cascades][JUST GAMMA - Staphylococcus aureus infection]
Mitogen-activated protein kinase 1,P28482,0.040,5.17E-01,8.48E-01,MAPK signaling pathway; ErbB signaling pathway; Chemokine signaling pathway; HIF-1 signaling pathway; Oocyte meiosis; mTOR signaling pathway; PI3K-Akt signaling pathway; Vascular smooth muscle contraction; Dorso-ventral axis formation; TGF-beta signaling pathway; Axon guidance; VEGF signaling pathway; Osteoclast differentiation; Focal adhesion; Adherens junction; Gap junction; Toll-like receptor signaling pathway; NOD-like receptor signaling pathway; Natural killer cell mediated cytotoxicity; T cell receptor signaling pathway; B cell receptor signaling pathway; Fc epsilon RI signaling pathway; Fc gamma R-mediated phagocytosis; Circadian entrainment; Long-term potentiation; Neurotrophin signaling pathway; Retrograde endocannabinoid signaling; Glutamatergic synapse; Cholinergic synapse; Serotonergic synapse; Long-term depression; Regulation of actin cytoskeleton; Insulin signaling pathway; GnRH signaling pathway; Progesterone-mediated oocyte maturation; Melanogenesis; Type II diabetes mellitus; Aldosterone-regulated sodium reabsorption; Alzheimer's disease; Prion diseases; Alcoholism; Shigellosis; Salmonella infection; Pertussis; Leishmaniasis; Chagas disease (American trypanosomiasis); Toxoplasmosis; Tuberculosis; Hepatitis C; Hepatitis B; Influenza A; Pathways in cancer; Viral carcinogenesis; Colorectal cancer; Renal cell carcinoma; Pancreatic cancer; Endometrial cancer; Glioma; Prostate cancer; Thyroid cancer; Melanoma; Bladder cancer; Chronic myeloid leukemia; Acute myeloid leukemia; Non-small cell lung cancer
Ig gamma-1 chain C region,P01857,-0.039,5.30E-01,8.48E-01,0
Complement factor B,P00751,0.037,5.42E-01,8.48E-01,Complement and coagulation cascades; Staphylococcus aureus infection
von Willebrand factor,P04275,-0.037,5.45E-01,8.48E-01,PI3K-Akt signaling pathway; Focal adhesion; ECM-receptor interaction; Complement and coagulation cascades
Fibronectin,P02751,0.037,5.49E-01,8.48E-01,PI3K-Akt signaling pathway; Focal adhesion; ECM-receptor interaction; Regulation of actin cytoskeleton; Bacterial invasion of epithelial cells; Amoebiasis; Pathways in cancer; Small cell lung cancer
Resistin,Q9HD89,-0.037,5.51E-01,8.48E-01,0
Insulin-like growth factor-binding protein 2,P18065,-0.035,5.65E-01,8.56E-01,0
Interstitial collagenase,P03956,-0.035,5.74E-01,8.56E-01,PPAR signaling pathway; Pathways in cancer; Bladder cancer; Rheumatoid arthritis
Glyceraldehyde-3-phosphate dehydrogenase,P04406,-0.032,6.04E-01,8.71E-01,Glycolysis / Gluconeogenesis; Metabolic pathways; HIF-1 signaling pathway; Alzheimer's disease
Superoxide dismutase [Cu-Zn],P00441,-0.032,6.05E-01,8.71E-01,Peroxisome; Amyotrophic lateral sclerosis (ALS); Huntington's disease; Prion diseases
Serotransferrin,P02787,-0.031,6.12E-01,8.71E-01,HIF-1 signaling pathway; Mineral absorption
Myeloperoxidase,P05164,0.026,6.78E-01,9.37E-01,Phagosome; Transcriptional misregulation in cancer
Complement factor I,P05156,-0.026,6.78E-01,9.37E-01,Complement and coagulation cascades; Staphylococcus aureus infection
Prolactin,P01236,-0.024,6.99E-01,9.43E-01,Cytokine-cytokine receptor interaction; Neuroactive ligand-receptor interaction; PI3K-Akt signaling pathway; Jak-STAT signaling pathway
Clusterin,P10909,-0.024,7.02E-01,9.43E-01,0
Intercellular adhesion molecule 1,P05362,-0.023,7.14E-01,9.45E-01,NF-kappa B signaling pathway; Cell adhesion molecules (CAMs); Natural killer cell mediated cytotoxicity; Leukocyte transendothelial migration; African trypanosomiasis; Malaria; Staphylococcus aureus infection; Influenza A; HTLV-I infection; Epstein-Barr virus infection; Rheumatoid arthritis; Viral myocarditis
Matrix metalloproteinase-9,P14780,-0.020,7.44E-01,9.49E-01,Leukocyte transendothelial migration; Hepatitis B; Pathways in cancer; Transcriptional misregulation in cancer; Bladder cancer
Natriuretic peptides B,P16860,0.020,7.51E-01,9.49E-01,0
Metalloproteinase inhibitor 1,P01033,0.019,7.63E-01,9.49E-01,HIF-1 signaling pathway
Insulin-like growth factor-binding protein 6,P24592,-0.017,7.77E-01,9.49E-01,0
Interleukin-1 alpha,P01583,0.017,7.83E-01,9.49E-01,MAPK signaling pathway; Cytokine-cytokine receptor interaction; Apoptosis; Osteoclast differentiation; Hematopoietic cell lineage; Type I diabetes mellitus; Prion diseases; Salmonella infection; Pertussis; Leishmaniasis; Tuberculosis; Measles; Influenza A; Rheumatoid arthritis; Graft-versus-host disease
C-X-C motif chemokine 10,P02778,0.017,7.85E-01,9.49E-01,Cytokine-cytokine receptor interaction; Chemokine signaling pathway; Toll-like receptor signaling pathway; RIG-I-like receptor signaling pathway; Cytosolic DNA-sensing pathway; Influenza A
Ig mu chain C region,P01871,-0.017,7.88E-01,9.49E-01,0
Tumor necrosis factor ligand superfamily member 6,P48023,-0.015,8.08E-01,9.62E-01,MAPK signaling pathway; Cytokine-cytokine receptor interaction; PI3K-Akt signaling pathway; Apoptosis; Natural killer cell mediated cytotoxicity; Neurotrophin signaling pathway; Type I diabetes mellitus; Chagas disease (American trypanosomiasis); African trypanosomiasis; Hepatitis B; Measles; Influenza A; Herpes simplex infection; Pathways in cancer; Autoimmune thyroid disease; Allograft rejection; Graft-versus-host disease
Plasma serine protease inhibitor,P05154,0.012,8.44E-01,9.71E-01,Complement and coagulation cascades
Macrophage colony-stimulating factor 1,P09603,-0.012,8.46E-01,9.71E-01,Cytokine-cytokine receptor interaction; PI3K-Akt signaling pathway; Osteoclast differentiation; Hematopoietic cell lineage; Rheumatoid arthritis
Antithrombin-III,P01008,-0.012,8.50E-01,9.71E-01,Inherited thrombophilia
Interleukin-17A,Q16552,0.010,8.65E-01,9.71E-01,Cytokine-cytokine receptor interaction; Rheumatoid arthritis
Serum albumin,P02768,-0.010,8.73E-01,9.71E-01,0
Plasma protease C1 inhibitor,P05155,0.009,8.78E-01,9.71E-01,Complement and coagulation cascades;
Apolipoprotein E,P02649,-0.008,8.95E-01,9.79E-01,Alzheimer's disease
Complement C5,P01031,0.005,9.42E-01,9.88E-01,Complement and coagulation cascades; Prion diseases; Pertussis; Staphylococcus aureus infection; Herpes simplex infection; Systemic lupus erythematosus
Glial cell line-derived neurotrophic factor,P39905,-0.004,9.43E-01,9.88E-01,Hirschsprung disease (HD); Congenital central hypoventilation syndrome (CCHS)
Tumor necrosis factor receptor superfamily member 1B,P20333,-0.003,9.56E-01,9.88E-01,Cytokine-cytokine receptor interaction; Adipocytokine signaling pathway; Amyotrophic lateral sclerosis (ALS)
CK-MB,"P12277, P06732",0.002,9.75E-01,9.88E-01,Arginine and proline metabolism; Metabolic pathways
Beta-2-microglobulin,P61769,-0.002,9.79E-01,9.88E-01,Antigen processing and presentation
Apolipoprotein B-100,P04114,0.001,9.86E-01,9.88E-01,Fat digestion and absorption; Vitamin digestion and absorption
Interleukin-12 subunit alpha/beta,"P29459, P29460",-0.001,9.87E-01,9.88E-01,Cytokine-cytokine receptor interaction; Toll-like receptor signaling pathway; RIG-I-like receptor signaling pathway; Jak-STAT signaling pathway; Type I diabetes mellitus; Pertussis; Legionellosis; Leishmaniasis; Chagas disease (American trypanosomiasis); African trypanosomiasis; Malaria; Toxoplasmosis; Amoebiasis; Tuberculosis; Measles; Influenza A; Herpes simplex infection; Allograft rejection
Tumor necrosis factor,P01375,-0.001,9.88E-01,9.88E-01,MAPK signaling pathway; Cytokine-cytokine receptor interaction; NF-kappa B signaling pathway; mTOR signaling pathway; Apoptosis; TGF-beta signaling pathway; Osteoclast differentiation; Antigen processing and presentation; Toll-like receptor signaling pathway; NOD-like receptor signaling pathway; RIG-I-like receptor signaling pathway; Hematopoietic cell lineage; Natural killer cell mediated cytotoxicity; T cell receptor signaling pathway; Fc epsilon RI signaling pathway; Adipocytokine signaling pathway; Type II diabetes mellitus; Type I diabetes mellitus; Alzheimer's disease; Amyotrophic lateral sclerosis (ALS); Pertussis; Legionellosis; Leishmaniasis; Chagas disease (American trypanosomiasis); African trypanosomiasis; Malaria; Toxoplasmosis; Amoebiasis; Tuberculosis; Hepatitis C; Hepatitis B; Influenza A; HTLV-I infection; Herpes simplex infection; Asthma; Systemic lupus erythematosus; Rheumatoid arthritis; Allograft rejection; Graft-versus-host disease; Hypertrophic cardiomyopathy (HCM); Dilated cardiomyopathy
