Protein name,Uniprot ID,Median difference,Wilcox-test p-value,BH MTC,KEGG annotation
Complement component C6,P13671,0.090993331,1.38E-05,0.001293186,Complement and coagulation cascades; Prion diseases; Systemic lupus erythematosus
Apolipoprotein E,P02649,-0.125389341,0.000116629,0.00548154,Alzheimer's disease
Complement C3,P01024,-0.159330999,0.000615484,0.019285173,Phagosome; Complement and coagulation cascades; Pertussis; Legionellosis; Leishmaniasis; Chagas disease (American trypanosomiasis); Staphylococcus aureus infection; Tuberculosis; Herpes simplex infection; Viral carcinogenesis; Systemic lupus erythematosus
C-reactive protein,P02741,-0.29909163,0.001214467,0.028539977,0
Apolipoprotein B-100,P04114,0.180808308,0.00182601,0.034328985,Fat digestion and absorption; Vitamin digestion and absorption
Interleukin-11,P20809,0.021812262,0.002437721,0.038190965,Cytokine-cytokine receptor interaction; Jak-STAT signaling pathway; Hematopoietic cell lineage; Rheumatoid arthritis
Interleukin-1 alpha,P01583,-0.044333521,0.006826321,0.091667741,MAPK signaling pathway; Cytokine-cytokine receptor interaction; Apoptosis; Osteoclast differentiation; Hematopoietic cell lineage; Type I diabetes mellitus; Prion diseases; Salmonella infection; Pertussis; Leishmaniasis; Tuberculosis; Measles; Influenza A; Rheumatoid arthritis; Graft-versus-host disease
Vitamin K-dependent protein S,P07225,0.042735639,0.009431139,0.106000787,Complement and coagulation cascades
Histidine triad nucleotide-binding protein 1,P49773,0.010761991,0.012167633,0.106000787,0
CD5 antigen-like,O43866,-0.132005909,0.012653576,0.106000787,0
Cystatin-C,P01034,-0.0335324,0.014797576,0.106000787,Macular degeneration; Cerebral amyloid angiopathy (CAA)
Metalloproteinase inhibitor 1,P01033,-0.053471104,0.01596336,0.106000787,HIF-1 signaling pathway
Hemopexin,P02790,0.1384431,0.016015451,0.106000787,0
Inter-alpha-trypsin inhibitor heavy chain H4,Q14624,0.045980177,0.016348844,0.106000787,0
Antithrombin-III,P01008,0.032638598,0.016915019,0.106000787,Inherited thrombophilia
Plasminogen,P00747,0.018467407,0.021382379,0.119788534,Neuroactive ligand-receptor interaction; Complement and coagulation cascades; Staphylococcus aureus infection; Influenza A
Tumor necrosis factor receptor superfamily member 1B,P20333,-0.093517014,0.021663884,0.119788534,Cytokine-cytokine receptor interaction; Adipocytokine signaling pathway; Amyotrophic lateral sclerosis (ALS)
Insulin-like growth factor-binding protein 6,P24592,-0.051165464,0.026209662,0.136872679,0
Tumor necrosis factor ligand superfamily member 6,P48023,-0.048255342,0.04127175,0.204186554,MAPK signaling pathway; Cytokine-cytokine receptor interaction; PI3K-Akt signaling pathway; Apoptosis; Natural killer cell mediated cytotoxicity; Neurotrophin signaling pathway; Type I diabetes mellitus; Chagas disease (American trypanosomiasis); African trypanosomiasis; Hepatitis B; Measles; Influenza A; Herpes simplex infection; Pathways in cancer; Autoimmune thyroid disease; Allograft rejection; Graft-versus-host disease
Hemoglobin subunit alpha/beta,"P69905, P68871",0.141169955,0.058336001,0.274179205,#N/A
Beta-2-microglobulin,P61769,-0.020977015,0.062455927,0.279564625,Antigen processing and presentation
Plasma serine protease inhibitor,P05154,-0.041330815,0.077837525,0.332578514,Complement and coagulation cascades
Complement C5,P01031,0.026830653,0.097246463,0.386234848,Complement and coagulation cascades; Prion diseases; Pertussis; Staphylococcus aureus infection; Herpes simplex infection; Systemic lupus erythematosus
Matrix metalloproteinase-9,P14780,0.232321469,0.098613153,0.386234848,Leukocyte transendothelial migration; Hepatitis B; Pathways in cancer; Transcriptional misregulation in cancer; Bladder cancer
Fibronectin,P02751,-0.171175251,0.111971437,0.421012603,PI3K-Akt signaling pathway; Focal adhesion; ECM-receptor interaction; Regulation of actin cytoskeleton; Bacterial invasion of epithelial cells; Amoebiasis; Pathways in cancer; Small cell lung cancer
Corticosteroid-binding globulin,P08185,-0.046058705,0.139134336,0.489763227,0
Complement factor B,P00751,0.024994438,0.140676672,0.489763227,Complement and coagulation cascades; Staphylococcus aureus infection
C-C motif chemokine 15,Q16663,-0.037087592,0.17422812,0.568822413,Cytokine-cytokine receptor interaction; Chemokine signaling pathway
Serotransferrin,P02787,-0.020751355,0.175487766,0.568822413,HIF-1 signaling pathway; Mineral absorption
Superoxide dismutase [Cu-Zn],P00441,0.009259828,0.199267105,0.593502315,Peroxisome; Amyotrophic lateral sclerosis (ALS); Huntington's disease; Prion diseases
Macrophage colony-stimulating factor 1,P09603,0.011390499,0.20317928,0.593502315,Cytokine-cytokine receptor interaction; PI3K-Akt signaling pathway; Osteoclast differentiation; Hematopoietic cell lineage; Rheumatoid arthritis
E-selectin,P16581,0.003946656,0.203883731,0.593502315,Cell adhesion molecules (CAMs); African trypanosomiasis; Malaria
Serum albumin,P02768,-0.014537348,0.214737696,0.593502315,0
Histidine-rich glycoprotein,P04196,-0.03055967,0.230208021,0.593502315,0
Resistin,Q9HD89,-0.065583078,0.233301634,0.593502315,0
Alpha-1-antichymotrypsin,P01011,-0.003594196,0.233612614,0.593502315,0
Ig gamma-1 chain C region,P10857,-0.027679825,0.233612614,0.593502315,#N/A
C-C motif chemokine 5,P13501,-0.092677705,0.247101553,0.611251209,Cytokine-cytokine receptor interaction; Chemokine signaling pathway; Toll-like receptor signaling pathway; NOD-like receptor signaling pathway; Cytosolic DNA-sensing pathway; Prion diseases; Epithelial cell signaling in Helicobacter pylori infection; Chagas disease (American trypanosomiasis); Influenza A; Herpes simplex infection; Rheumatoid arthritis
Lysozyme C,P61626,-0.037874216,0.258445487,0.622919892,Salivary secretion
Vascular cell adhesion protein 1,P19320,-0.051221796,0.275954895,0.648494004,NF-kappa B signaling pathway;
Granulocyte colony-stimulating factor,P09919,0.074350518,0.300873217,0.661940483,Cytokine-cytokine receptor interaction; PI3K-Akt signaling pathway; Jak-STAT signaling pathway; Hematopoietic cell lineage; Malaria
Interleukin-8,P10145,0.0120228,0.301614344,0.661940483,Cytokine-cytokine receptor interaction; Chemokine signaling pathway; NF-kappa B signaling pathway; Toll-like receptor signaling pathway; NOD-like receptor signaling pathway; RIG-I-like receptor signaling pathway; Epithelial cell signaling in Helicobacter pylori infection; Shigellosis; Salmonella infection; Pertussis; Legionellosis; Chagas disease (American trypanosomiasis); Malaria; Amoebiasis; Hepatitis C; Hepatitis B; Influenza A; Pathways in cancer; Transcriptional misregulation in cancer; Bladder cancer; Rheumatoid arthritis
Alpha-1-antitrypsin,P01009,0.020445993,0.315165037,0.661940483,Complement and coagulation cascades
Glial cell line-derived neurotrophic factor,P39905,0.019240383,0.316790675,0.661940483,Hirschsprung disease (HD); Congenital central hypoventilation syndrome (CCHS)
C-C motif chemokine 3,P10147,-0.006356448,0.316886401,0.661940483,Cytokine-cytokine receptor interaction; Chemokine signaling pathway; Toll-like receptor signaling pathway; Salmonella infection; Chagas disease (American trypanosomiasis); Rheumatoid arthritis
C-C motif chemokine 7,P80098,0.020019821,0.333349768,0.664315995,Cytokine-cytokine receptor interaction; Chemokine signaling pathway
Gelsolin,P06396,-0.021674641,0.337425717,0.664315995,Fc gamma R-mediated phagocytosis; Regulation of actin cytoskeleton; Viral carcinogenesis
Clusterin,P10909,-0.016609154,0.339225189,0.664315995,0
Lymphotoxin-alpha,P01374,0.013607759,0.346687417,0.66507382,Cytokine-cytokine receptor interaction; NF-kappa B signaling pathway; Type I diabetes mellitus; HTLV-I infection; Herpes simplex infection
Interleukin-12 subunit alpha/beta,"P29459,  P29460",0.000848261,0.365481183,0.687104625,#N/A
Ig mu chain C region,P01871,0.030626315,0.399923045,0.7287676,0
Neutrophil gelatinase-associated lipocalin,P80188,-0.073095533,0.403148034,0.7287676,0
Fibrinogen alpha/beta/gamma chain,P02671 P02675 P02679,-0.001330772,0.419847761,0.731493128,#N/A
Mitogen-activated protein kinase 1,P28482,-0.123461374,0.422249816,0.731493128,MAPK signaling pathway; ErbB signaling pathway; Chemokine signaling pathway; HIF-1 signaling pathway; Oocyte meiosis; mTOR signaling pathway; PI3K-Akt signaling pathway; Vascular smooth muscle contraction; Dorso-ventral axis formation; TGF-beta signaling pathway; Axon guidance; VEGF signaling pathway; Osteoclast differentiation; Focal adhesion; Adherens junction; Gap junction; Toll-like receptor signaling pathway; NOD-like receptor signaling pathway; Natural killer cell mediated cytotoxicity; T cell receptor signaling pathway; B cell receptor signaling pathway; Fc epsilon RI signaling pathway; Fc gamma R-mediated phagocytosis; Circadian entrainment; Long-term potentiation; Neurotrophin signaling pathway; Retrograde endocannabinoid signaling; Glutamatergic synapse; Cholinergic synapse; Serotonergic synapse; Long-term depression; Regulation of actin cytoskeleton; Insulin signaling pathway; GnRH signaling pathway; Progesterone-mediated oocyte maturation; Melanogenesis; Type II diabetes mellitus; Aldosterone-regulated sodium reabsorption; Alzheimer's disease; Prion diseases; Alcoholism; Shigellosis; Salmonella infection; Pertussis; Leishmaniasis; Chagas disease (American trypanosomiasis); Toxoplasmosis; Tuberculosis; Hepatitis C; Hepatitis B; Influenza A; Pathways in cancer; Viral carcinogenesis; Colorectal cancer; Renal cell carcinoma; Pancreatic cancer; Endometrial cancer; Glioma; Prostate cancer; Thyroid cancer; Melanoma; Bladder cancer; Chronic myeloid leukemia; Acute myeloid leukemia; Non-small cell lung cancer
Tumor necrosis factor,P01375,0.014434468,0.428001298,0.731493128,MAPK signaling pathway; Cytokine-cytokine receptor interaction; NF-kappa B signaling pathway; mTOR signaling pathway; Apoptosis; TGF-beta signaling pathway; Osteoclast differentiation; Antigen processing and presentation; Toll-like receptor signaling pathway; NOD-like receptor signaling pathway; RIG-I-like receptor signaling pathway; Hematopoietic cell lineage; Natural killer cell mediated cytotoxicity; T cell receptor signaling pathway; Fc epsilon RI signaling pathway; Adipocytokine signaling pathway; Type II diabetes mellitus; Type I diabetes mellitus; Alzheimer's disease; Amyotrophic lateral sclerosis (ALS); Pertussis; Legionellosis; Leishmaniasis; Chagas disease (American trypanosomiasis); African trypanosomiasis; Malaria; Toxoplasmosis; Amoebiasis; Tuberculosis; Hepatitis C; Hepatitis B; Influenza A; HTLV-I infection; Herpes simplex infection; Asthma; Systemic lupus erythematosus; Rheumatoid arthritis; Allograft rejection; Graft-versus-host disease; Hypertrophic cardiomyopathy (HCM); Dilated cardiomyopathy
Prolactin,P01236,-0.006499444,0.440344139,0.73914909,Cytokine-cytokine receptor interaction; Neuroactive ligand-receptor interaction; PI3K-Akt signaling pathway; Jak-STAT signaling pathway
Glyceraldehyde-3-phosphate dehydrogenase,P04406,0.08929393,0.448487213,0.739610492,Glycolysis / Gluconeogenesis; Metabolic pathways; HIF-1 signaling pathway; Alzheimer's disease
Complement C4-A/B,P0C0L4  P0C0L5,-0.046919388,0.469883849,0.759536268,#N/A
Platelet-derived growth factor subunit B,P01127,-0.119503492,0.476730211,0.759536268,MAPK signaling pathway; Cytokine-cytokine receptor interaction; PI3K-Akt signaling pathway; Focal adhesion; Gap junction; Regulation of actin cytoskeleton; HTLV-I infection; Pathways in cancer; Transcriptional misregulation in cancer; Renal cell carcinoma; Glioma; Prostate cancer; Melanoma
Interleukin-17A,Q16552,0.004659267,0.501999845,0.780005614,Cytokine-cytokine receptor interaction; Rheumatoid arthritis
C-X-C motif chemokine 10,P02778,0.0128367,0.506173856,0.780005614,Cytokine-cytokine receptor interaction; Chemokine signaling pathway; Toll-like receptor signaling pathway; RIG-I-like receptor signaling pathway; Cytosolic DNA-sensing pathway; Influenza A
Immunoglobulin E,P01854,-0.151356818,0.5312054,0.785023163,0
Complement factor H,P08603,-0.001683275,0.53133537,0.785023163,Complement and coagulation cascades; Staphylococcus aureus infection
Epidermal growth factor receptor,P00533,0.008172108,0.534980961,0.785023163,MAPK signaling pathway; ErbB signaling pathway; Calcium signaling pathway; Cytokine-cytokine receptor interaction; HIF-1 signaling pathway; Endocytosis; PI3K-Akt signaling pathway; Dorso-ventral axis formation; Focal adhesion; Adherens junction; Gap junction; Regulation of actin cytoskeleton; GnRH signaling pathway; Epithelial cell signaling in Helicobacter pylori infection; Hepatitis C; Pathways in cancer; Pancreatic cancer; Endometrial cancer; Glioma; Prostate cancer; Melanoma; Bladder cancer; Non-small cell lung cancer
Fibrinogen gamma chain,P02679,-0.009430275,0.542835166,0.785023163,Complement and coagulation cascades; Staphylococcus aureus infection
Insulin-like growth factor-binding protein 2,P18065,-0.012598663,0.591543016,0.830255129,0
cAMP-dependent protein kinase catalytic subunit alpha,P17612,-0.092000838,0.59895698,0.830255129,MAPK signaling pathway; Calcium signaling pathway; Chemokine signaling pathway; Oocyte meiosis; Apoptosis; Vascular smooth muscle contraction; Wnt signaling pathway; Hedgehog signaling pathway; Gap junction; Circadian entrainment; Long-term potentiation; Retrograde endocannabinoid signaling; Glutamatergic synapse; Cholinergic synapse; Serotonergic synapse; GABAergic synapse; Dopaminergic synapse; Olfactory transduction; Taste transduction; Insulin signaling pathway; GnRH signaling pathway; Progesterone-mediated oocyte maturation; Melanogenesis; Endocrine and other factor-regulated calcium reabsorption; Vasopressin-regulated water reabsorption; Salivary secretion; Gastric acid secretion; Bile secretion; Prion diseases; Cocaine addiction; Amphetamine addiction; Morphine addiction; Alcoholism; Vibrio cholerae infection; Amoebiasis; HTLV-I infection; Epstein-Barr virus infection; Viral carcinogenesis; Dilated cardiomyopathy
Interleukin-3,P08700,0.007249142,0.600610093,0.830255129,Cytokine-cytokine receptor interaction; PI3K-Akt signaling pathway; Apoptosis; Jak-STAT signaling pathway; Hematopoietic cell lineage; Fc epsilon RI signaling pathway; Transcriptional misregulation in cancer; Asthma
Apolipoprotein A-I,P02647,-0.041018225,0.619629111,0.844132412,PPAR signaling pathway; Fat digestion and absorption; Vitamin digestion and absorption; African trypanosomiasis
72 kDa type IV collagenase,P08253,0.001773298,0.645434478,0.851209366,Leukocyte transendothelial migration; GnRH signaling pathway; Pathways in cancer; Bladder cancer
Tenascin,P24821,0.015562239,0.651419273,0.851209366,PI3K-Akt signaling pathway; Focal adhesion; ECM-receptor interaction
Serum paraoxonase/arylesterase 1,P27169,-0.000947819,0.651990153,0.851209366,Metabolic pathways
Annexin A1,P04083,0.021123647,0.683274164,0.866261473,0
Interleukin-10,P22301,0.007627445,0.689978323,0.866261473,Cytokine-cytokine receptor interaction; Jak-STAT signaling pathway; T cell receptor signaling pathway; Intestinal immune network for IgA production; Pertussis; Leishmaniasis; Chagas disease (American trypanosomiasis); African trypanosomiasis; Malaria; Toxoplasmosis; Amoebiasis; Staphylococcus aureus infection; Tuberculosis; Epstein-Barr virus infection; Asthma; Autoimmune thyroid disease; Systemic lupus erythematosus; Allograft rejection
Alpha-2-macroglobulin,P01023,0.003602899,0.695535313,0.866261473,Complement and coagulation cascades
Intercellular adhesion molecule 1,P05362,0.022226783,0.708908542,0.866261473,NF-kappa B signaling pathway; Cell adhesion molecules (CAMs); Natural killer cell mediated cytotoxicity; Leukocyte transendothelial migration; African trypanosomiasis; Malaria; Staphylococcus aureus infection; Influenza A; HTLV-I infection; Epstein-Barr virus infection; Rheumatoid arthritis; Viral myocarditis
von Willebrand factor,P04275,-0.017190408,0.717035303,0.866261473,PI3K-Akt signaling pathway; Focal adhesion; ECM-receptor interaction; Complement and coagulation cascades
Pancreatic prohormone,P01298,0.03148217,0.718812712,0.866261473,Neuroactive ligand-receptor interaction - Homo sap
Angiopoietin-2,O15123,0.018240258,0.742204181,0.883129026,HIF-1 signaling pathway; PI3K-Akt signaling pathway
Interleukin-13,P35225,0.001681481,0.779179766,0.915536225,Cytokine-cytokine receptor interaction; Jak-STAT signaling pathway; Fc epsilon RI signaling pathway; Measles; Asthma
Complement C2,P06681,0.015452801,0.79671536,0.915587853,Complement and coagulation cascades; Pertussis; Staphylococcus aureus infection; Systemic lupus erythematosus
C-C motif chemokine 18,P55774,0.022219557,0.798704297,0.915587853,Cytokine-cytokine receptor interaction; Chemokine signaling pathway
Serum amyloid P-component,P02743,-0.001328479,0.810050457,0.917406542,0
Myeloperoxidase,P05164,0.011543566,0.820049801,0.917674777,Phagosome; Transcriptional misregulation in cancer
Plasma protease C1 inhibitor,P05155,0.009343793,0.854257547,0.944708346,Complement and coagulation cascades;
Leptin,P41159,0.03279318,0.867491406,0.948188281,Cytokine-cytokine receptor interaction; Neuroactive ligand-receptor interaction; Jak-STAT signaling pathway; Adipocytokine signaling pathway
Interstitial collagenase,P03956,-0.065160746,0.895947983,0.968035752,PPAR signaling pathway; Pathways in cancer; Bladder cancer; Rheumatoid arthritis
Complement factor I,P05156,-0.00227088,0.938400718,0.988729569,Complement and coagulation cascades; Staphylococcus aureus infection
Complement component C8 alpha/beta/gamma chain,"P07357,P07358,P07360",-0.002744911,0.94754727,0.988729569,#N/A
Tumor necrosis factor receptor superfamily member 10D,Q9UBN6,0.00257708,0.954964269,0.988729569,Cytokine-cytokine receptor interaction; Apoptosis; Natural killer cell mediated cytotoxicity; Measles; Influenza A
Haptoglobin,P00738,0.005869658,0.95717437,0.988729569,0
Natriuretic peptides B,P16860,-0.000192914,0.968229471,0.989277938,0
Complement C1s subcomponent,P09871,-0.000275317,0.987826456,0.995731209,Complement and coagulation cascades; Pertussis; Staphylococcus aureus infection; Systemic lupus erythematosus
CK-MB,P12277 P06732,-0.003565054,0.995731209,0.995731209,Arginine and proline metabolism; Metabolic pathways
