Protein name,Uniprot ID,Partial SRC,P-value,FDR p-value,KEGG annotaion
Pancreatic prohormone,P01298,-0.229,1.33E-04,7.39E-03,Neuroactive ligand-receptor interaction - Homo sap
Granulocyte colony-stimulating factor,P09919,-0.227,1.57E-04,7.39E-03,Cytokine-cytokine receptor interaction; PI3K-Akt signaling pathway; Jak-STAT signaling pathway; Hematopoietic cell lineage; Malaria
C-C motif chemokine 18,P55774,-0.184,2.33E-03,6.85E-02,Cytokine-cytokine receptor interaction; Chemokine signaling pathway
Complement component C6,P13671,-0.176,3.59E-03,6.85E-02,Complement and coagulation cascades; Prion diseases; Systemic lupus erythematosus
Alpha-1-antitrypsin,P01009,-0.174,4.03E-03,6.85E-02,Complement and coagulation cascades
Inter-alpha-trypsin inhibitor heavy chain H4,Q14624,-0.173,4.37E-03,6.85E-02,0
Complement C2,P06681,-0.154,1.14E-02,1.53E-01,Complement and coagulation cascades; Pertussis; Staphylococcus aureus infection; Systemic lupus erythematosus
Immunoglobulin E,P01854,-0.129,3.40E-02,3.71E-01,0
Complement C4-A/B,"P0C0L4, P0C0L5",0.128,3.55E-02,3.71E-01,Complement and coagulation cascades; Pertussis; Staphylococcus aureus infection; Systemic lupus erythematosus
Epidermal growth factor receptor,P00533,0.115,6.09E-02,5.13E-01,MAPK signaling pathway; ErbB signaling pathway; Calcium signaling pathway; Cytokine-cytokine receptor interaction; HIF-1 signaling pathway; Endocytosis; PI3K-Akt signaling pathway; Dorso-ventral axis formation; Focal adhesion; Adherens junction; Gap junction; Regulation of actin cytoskeleton; GnRH signaling pathway; Epithelial cell signaling in Helicobacter pylori infection; Hepatitis C; Pathways in cancer; Pancreatic cancer; Endometrial cancer; Glioma; Prostate cancer; Melanoma; Bladder cancer; Non-small cell lung cancer
Angiopoietin-2,O15123,-0.114,6.12E-02,5.13E-01,HIF-1 signaling pathway; PI3K-Akt signaling pathway
Vitamin K-dependent protein S,P07225,-0.113,6.55E-02,5.13E-01,Complement and coagulation cascades
Annexin A1,P04083,-0.109,7.43E-02,5.16E-01,0
Insulin-like growth factor-binding protein 2,P18065,-0.108,7.69E-02,5.16E-01,0
Serum paraoxonase/arylesterase 1,P27169,0.101,9.75E-02,5.95E-01,Metabolic pathways
Interleukin-17A,Q16552,0.100,1.04E-01,5.95E-01,Cytokine-cytokine receptor interaction; Rheumatoid arthritis
Gelsolin,P06396,0.099,1.08E-01,5.95E-01,Fc gamma R-mediated phagocytosis; Regulation of actin cytoskeleton; Viral carcinogenesis
Platelet-derived growth factor subunit B,P01127,0.094,1.23E-01,6.43E-01,MAPK signaling pathway; Cytokine-cytokine receptor interaction; PI3K-Akt signaling pathway; Focal adhesion; Gap junction; Regulation of actin cytoskeleton; HTLV-I infection; Pathways in cancer; Transcriptional misregulation in cancer; Renal cell carcinoma; Glioma; Prostate cancer; Melanoma
Neutrophil gelatinase-associated lipocalin,P80188,-0.090,1.40E-01,6.94E-01,0
Apolipoprotein A-I,P02647,0.089,1.48E-01,6.97E-01,PPAR signaling pathway; Fat digestion and absorption; Vitamin digestion and absorption; African trypanosomiasis
Fibronectin,P02751,0.086,1.59E-01,7.05E-01,PI3K-Akt signaling pathway; Focal adhesion; ECM-receptor interaction; Regulation of actin cytoskeleton; Bacterial invasion of epithelial cells; Amoebiasis; Pathways in cancer; Small cell lung cancer
Resistin,Q9HD89,-0.083,1.74E-01,7.05E-01,0
Vascular cell adhesion protein 1,P19320,0.082,1.83E-01,7.05E-01,NF-kappa B signaling pathway;
Corticosteroid-binding globulin,P08185,0.081,1.89E-01,7.05E-01,0
Matrix metalloproteinase-9,P14780,-0.078,2.02E-01,7.05E-01,Leukocyte transendothelial migration; Hepatitis B; Pathways in cancer; Transcriptional misregulation in cancer; Bladder cancer
Tumor necrosis factor receptor superfamily member 10D,Q9UBN6,-0.077,2.09E-01,7.05E-01,Cytokine-cytokine receptor interaction; Apoptosis; Natural killer cell mediated cytotoxicity; Measles; Influenza A
Cystatin-C,P01034,-0.077,2.10E-01,7.05E-01,Macular degeneration; Cerebral amyloid angiopathy (CAA)
cAMP-dependent protein kinase catalytic subunit alpha,P17612,0.077,2.10E-01,7.05E-01,MAPK signaling pathway; Calcium signaling pathway; Chemokine signaling pathway; Oocyte meiosis; Apoptosis; Vascular smooth muscle contraction; Wnt signaling pathway; Hedgehog signaling pathway; Gap junction; Circadian entrainment; Long-term potentiation; Retrograde endocannabinoid signaling; Glutamatergic synapse; Cholinergic synapse; Serotonergic synapse; GABAergic synapse; Dopaminergic synapse; Olfactory transduction; Taste transduction; Insulin signaling pathway; GnRH signaling pathway; Progesterone-mediated oocyte maturation; Melanogenesis; Endocrine and other factor-regulated calcium reabsorption; Vasopressin-regulated water reabsorption; Salivary secretion; Gastric acid secretion; Bile secretion; Prion diseases; Cocaine addiction; Amphetamine addiction; Morphine addiction; Alcoholism; Vibrio cholerae infection; Amoebiasis; HTLV-I infection; Epstein-Barr virus infection; Viral carcinogenesis; Dilated cardiomyopathy
C-C motif chemokine 15,Q16663,-0.076,2.18E-01,7.06E-01,Cytokine-cytokine receptor interaction; Chemokine signaling pathway
Complement component C8 alpha/beta/gamma chain,"P07357, P07358, P07360",0.074,2.31E-01,7.10E-01,Complement and coagulation cascades; Prion diseases; Amoebiasis; Systemic lupus erythematosus
CK-MB,"P12277, P06732",-0.073,2.34E-01,7.10E-01,Arginine and proline metabolism; Metabolic pathways
Fibrinogen gamma chain,P02679,-0.070,2.52E-01,7.19E-01,Complement and coagulation cascades; Staphylococcus aureus infection
Serum albumin,P02768,0.070,2.53E-01,7.19E-01,0
C-C motif chemokine 3,P10147,-0.066,2.80E-01,7.43E-01,Cytokine-cytokine receptor interaction; Chemokine signaling pathway; Toll-like receptor signaling pathway; Salmonella infection; Chagas disease (American trypanosomiasis); Rheumatoid arthritis
Intercellular adhesion molecule 1,P05362,-0.066,2.80E-01,7.43E-01,NF-kappa B signaling pathway; Cell adhesion molecules (CAMs); Natural killer cell mediated cytotoxicity; Leukocyte transendothelial migration; African trypanosomiasis; Malaria; Staphylococcus aureus infection; Influenza A; HTLV-I infection; Epstein-Barr virus infection; Rheumatoid arthritis; Viral myocarditis
Tumor necrosis factor receptor superfamily member 1B,P20333,-0.064,2.95E-01,7.43E-01,Cytokine-cytokine receptor interaction; Adipocytokine signaling pathway; Amyotrophic lateral sclerosis (ALS)
Interleukin-8,P10145,-0.064,2.99E-01,7.43E-01,Cytokine-cytokine receptor interaction; Chemokine signaling pathway; NF-kappa B signaling pathway; Toll-like receptor signaling pathway; NOD-like receptor signaling pathway; RIG-I-like receptor signaling pathway; Epithelial cell signaling in Helicobacter pylori infection; Shigellosis; Salmonella infection; Pertussis; Legionellosis; Chagas disease (American trypanosomiasis); Malaria; Amoebiasis; Hepatitis C; Hepatitis B; Influenza A; Pathways in cancer; Transcriptional misregulation in cancer; Bladder cancer; Rheumatoid arthritis
Plasma serine protease inhibitor,P05154,0.064,3.00E-01,7.43E-01,Complement and coagulation cascades
Serum amyloid P-component,P02743,-0.060,3.26E-01,7.54E-01,0
Hemoglobin subunit alpha/beta,"P69905, P68871",-0.060,3.31E-01,7.54E-01,African trypanosomiasis; Malaria
Mitogen-activated protein kinase 1,P28482,0.058,3.48E-01,7.54E-01,MAPK signaling pathway; ErbB signaling pathway; Chemokine signaling pathway; HIF-1 signaling pathway; Oocyte meiosis; mTOR signaling pathway; PI3K-Akt signaling pathway; Vascular smooth muscle contraction; Dorso-ventral axis formation; TGF-beta signaling pathway; Axon guidance; VEGF signaling pathway; Osteoclast differentiation; Focal adhesion; Adherens junction; Gap junction; Toll-like receptor signaling pathway; NOD-like receptor signaling pathway; Natural killer cell mediated cytotoxicity; T cell receptor signaling pathway; B cell receptor signaling pathway; Fc epsilon RI signaling pathway; Fc gamma R-mediated phagocytosis; Circadian entrainment; Long-term potentiation; Neurotrophin signaling pathway; Retrograde endocannabinoid signaling; Glutamatergic synapse; Cholinergic synapse; Serotonergic synapse; Long-term depression; Regulation of actin cytoskeleton; Insulin signaling pathway; GnRH signaling pathway; Progesterone-mediated oocyte maturation; Melanogenesis; Type II diabetes mellitus; Aldosterone-regulated sodium reabsorption; Alzheimer's disease; Prion diseases; Alcoholism; Shigellosis; Salmonella infection; Pertussis; Leishmaniasis; Chagas disease (American trypanosomiasis); Toxoplasmosis; Tuberculosis; Hepatitis C; Hepatitis B; Influenza A; Pathways in cancer; Viral carcinogenesis; Colorectal cancer; Renal cell carcinoma; Pancreatic cancer; Endometrial cancer; Glioma; Prostate cancer; Thyroid cancer; Melanoma; Bladder cancer; Chronic myeloid leukemia; Acute myeloid leukemia; Non-small cell lung cancer
Beta-2-microglobulin,P61769,-0.057,3.49E-01,7.54E-01,Antigen processing and presentation
von Willebrand factor,P04275,-0.057,3.52E-01,7.54E-01,PI3K-Akt signaling pathway; Focal adhesion; ECM-receptor interaction; Complement and coagulation cascades
Haptoglobin,P00738,-0.055,3.67E-01,7.54E-01,0
Glyceraldehyde-3-phosphate dehydrogenase,P04406,-0.055,3.68E-01,7.54E-01,Glycolysis / Gluconeogenesis; Metabolic pathways; HIF-1 signaling pathway; Alzheimer's disease
Prolactin,P01236,-0.055,3.69E-01,7.54E-01,Cytokine-cytokine receptor interaction; Neuroactive ligand-receptor interaction; PI3K-Akt signaling pathway; Jak-STAT signaling pathway
Histidine-rich glycoprotein,P04196,0.053,3.92E-01,7.72E-01,0
Natriuretic peptides B,P16860,-0.052,3.99E-01,7.72E-01,0
E-selectin,P16581,-0.051,4.02E-01,7.72E-01,Cell adhesion molecules (CAMs); African trypanosomiasis; Malaria
Leptin,P41159,0.047,4.41E-01,7.98E-01,Cytokine-cytokine receptor interaction; Neuroactive ligand-receptor interaction; Jak-STAT signaling pathway; Adipocytokine signaling pathway
Plasminogen,P00747,0.047,4.43E-01,7.98E-01,Neuroactive ligand-receptor interaction; Complement and coagulation cascades; Staphylococcus aureus infection; Influenza A
Complement factor H,P08603,0.047,4.46E-01,7.98E-01,Complement and coagulation cascades; Staphylococcus aureus infection
C-reactive protein,P02741,-0.046,4.53E-01,7.98E-01,0
Apolipoprotein E,P02649,0.045,4.62E-01,7.98E-01,Alzheimer's disease
C-C motif chemokine 5,P13501,0.044,4.73E-01,7.98E-01,Cytokine-cytokine receptor interaction; Chemokine signaling pathway; Toll-like receptor signaling pathway; NOD-like receptor signaling pathway; Cytosolic DNA-sensing pathway; Prion diseases; Epithelial cell signaling in Helicobacter pylori infection; Chagas disease (American trypanosomiasis); Influenza A; Herpes simplex infection; Rheumatoid arthritis
Interleukin-13,P35225,0.044,4.76E-01,7.98E-01,Cytokine-cytokine receptor interaction; Jak-STAT signaling pathway; Fc epsilon RI signaling pathway; Measles; Asthma
Tenascin,P24821,-0.041,5.07E-01,8.27E-01,PI3K-Akt signaling pathway; Focal adhesion; ECM-receptor interaction
Fibrinogen alpha/beta/gamma chain,"P02671, P02675, P02679",-0.040,5.19E-01,8.27E-01,[ALL - Complement and coagulation cascades][JUST GAMMA - Staphylococcus aureus infection]
Plasma protease C1 inhibitor,P05155,-0.039,5.22E-01,8.27E-01,Complement and coagulation cascades;
72 kDa type IV collagenase,P08253,0.039,5.30E-01,8.27E-01,Leukocyte transendothelial migration; GnRH signaling pathway; Pathways in cancer; Bladder cancer
Alpha-1-antichymotrypsin,P01011,-0.038,5.36E-01,8.27E-01,0
Lysozyme C,P61626,-0.035,5.70E-01,8.64E-01,Salivary secretion
Insulin-like growth factor-binding protein 6,P24592,-0.033,5.88E-01,8.66E-01,0
Interleukin-3,P08700,-0.033,5.89E-01,8.66E-01,Cytokine-cytokine receptor interaction; PI3K-Akt signaling pathway; Apoptosis; Jak-STAT signaling pathway; Hematopoietic cell lineage; Fc epsilon RI signaling pathway; Transcriptional misregulation in cancer; Asthma
C-X-C motif chemokine 10,P02778,0.032,6.03E-01,8.72E-01,Cytokine-cytokine receptor interaction; Chemokine signaling pathway; Toll-like receptor signaling pathway; RIG-I-like receptor signaling pathway; Cytosolic DNA-sensing pathway; Influenza A
Complement C5,P01031,-0.030,6.27E-01,8.80E-01,Complement and coagulation cascades; Prion diseases; Pertussis; Staphylococcus aureus infection; Herpes simplex infection; Systemic lupus erythematosus
Antithrombin-III,P01008,0.029,6.40E-01,8.80E-01,Inherited thrombophilia
Interleukin-11,P20809,-0.028,6.46E-01,8.80E-01,Cytokine-cytokine receptor interaction; Jak-STAT signaling pathway; Hematopoietic cell lineage; Rheumatoid arthritis
Interleukin-12 subunit alpha/beta,"P29459, P29460",0.028,6.46E-01,8.80E-01,Cytokine-cytokine receptor interaction; Toll-like receptor signaling pathway; RIG-I-like receptor signaling pathway; Jak-STAT signaling pathway; Type I diabetes mellitus; Pertussis; Legionellosis; Leishmaniasis; Chagas disease (American trypanosomiasis); African trypanosomiasis; Malaria; Toxoplasmosis; Amoebiasis; Tuberculosis; Measles; Influenza A; Herpes simplex infection; Allograft rejection
Complement factor I,P05156,0.027,6.62E-01,8.86E-01,Complement and coagulation cascades; Staphylococcus aureus infection
CD5 antigen-like,O43866,-0.026,6.75E-01,8.86E-01,0
Lymphotoxin-alpha,P01374,-0.025,6.80E-01,8.86E-01,Cytokine-cytokine receptor interaction; NF-kappa B signaling pathway; Type I diabetes mellitus; HTLV-I infection; Herpes simplex infection
Glial cell line-derived neurotrophic factor,P39905,0.024,6.99E-01,8.86E-01,Hirschsprung disease (HD); Congenital central hypoventilation syndrome (CCHS)
Alpha-2-macroglobulin,P01023,-0.023,7.08E-01,8.86E-01,Complement and coagulation cascades
Complement C3,P01024,0.022,7.23E-01,8.86E-01,Phagosome; Complement and coagulation cascades; Pertussis; Legionellosis; Leishmaniasis; Chagas disease (American trypanosomiasis); Staphylococcus aureus infection; Tuberculosis; Herpes simplex infection; Viral carcinogenesis; Systemic lupus erythematosus
Metalloproteinase inhibitor 1,P01033,-0.021,7.28E-01,8.86E-01,HIF-1 signaling pathway
Ig gamma-1 chain C region,P01857,-0.021,7.38E-01,8.86E-01,0
Apolipoprotein B-100,P04114,0.020,7.46E-01,8.86E-01,Fat digestion and absorption; Vitamin digestion and absorption
Interleukin-1 alpha,P01583,-0.020,7.51E-01,8.86E-01,MAPK signaling pathway; Cytokine-cytokine receptor interaction; Apoptosis; Osteoclast differentiation; Hematopoietic cell lineage; Type I diabetes mellitus; Prion diseases; Salmonella infection; Pertussis; Leishmaniasis; Tuberculosis; Measles; Influenza A; Rheumatoid arthritis; Graft-versus-host disease
Histidine triad nucleotide-binding protein 1,P49773,0.019,7.54E-01,8.86E-01,0
Complement C1s subcomponent,P09871,0.018,7.75E-01,8.99E-01,Complement and coagulation cascades; Pertussis; Staphylococcus aureus infection; Systemic lupus erythematosus
Macrophage colony-stimulating factor 1,P09603,-0.016,7.99E-01,9.16E-01,Cytokine-cytokine receptor interaction; PI3K-Akt signaling pathway; Osteoclast differentiation; Hematopoietic cell lineage; Rheumatoid arthritis
Hemopexin,P02790,-0.014,8.22E-01,9.31E-01,0
Tumor necrosis factor,P01375,-0.011,8.52E-01,9.44E-01,MAPK signaling pathway; Cytokine-cytokine receptor interaction; NF-kappa B signaling pathway; mTOR signaling pathway; Apoptosis; TGF-beta signaling pathway; Osteoclast differentiation; Antigen processing and presentation; Toll-like receptor signaling pathway; NOD-like receptor signaling pathway; RIG-I-like receptor signaling pathway; Hematopoietic cell lineage; Natural killer cell mediated cytotoxicity; T cell receptor signaling pathway; Fc epsilon RI signaling pathway; Adipocytokine signaling pathway; Type II diabetes mellitus; Type I diabetes mellitus; Alzheimer's disease; Amyotrophic lateral sclerosis (ALS); Pertussis; Legionellosis; Leishmaniasis; Chagas disease (American trypanosomiasis); African trypanosomiasis; Malaria; Toxoplasmosis; Amoebiasis; Tuberculosis; Hepatitis C; Hepatitis B; Influenza A; HTLV-I infection; Herpes simplex infection; Asthma; Systemic lupus erythematosus; Rheumatoid arthritis; Allograft rejection; Graft-versus-host disease; Hypertrophic cardiomyopathy (HCM); Dilated cardiomyopathy
Tumor necrosis factor ligand superfamily member 6,P48023,-0.010,8.72E-01,9.44E-01,MAPK signaling pathway; Cytokine-cytokine receptor interaction; PI3K-Akt signaling pathway; Apoptosis; Natural killer cell mediated cytotoxicity; Neurotrophin signaling pathway; Type I diabetes mellitus; Chagas disease (American trypanosomiasis); African trypanosomiasis; Hepatitis B; Measles; Influenza A; Herpes simplex infection; Pathways in cancer; Autoimmune thyroid disease; Allograft rejection; Graft-versus-host disease
Myeloperoxidase,P05164,0.010,8.73E-01,9.44E-01,Phagosome; Transcriptional misregulation in cancer
Serotransferrin,P02787,0.009,8.82E-01,9.44E-01,HIF-1 signaling pathway; Mineral absorption
Complement factor B,P00751,-0.009,8.89E-01,9.44E-01,Complement and coagulation cascades; Staphylococcus aureus infection
Interleukin-10,P22301,-0.008,9.02E-01,9.44E-01,Cytokine-cytokine receptor interaction; Jak-STAT signaling pathway; T cell receptor signaling pathway; Intestinal immune network for IgA production; Pertussis; Leishmaniasis; Chagas disease (American trypanosomiasis); African trypanosomiasis; Malaria; Toxoplasmosis; Amoebiasis; Staphylococcus aureus infection; Tuberculosis; Epstein-Barr virus infection; Asthma; Autoimmune thyroid disease; Systemic lupus erythematosus; Allograft rejection
Interstitial collagenase,P03956,-0.007,9.04E-01,9.44E-01,PPAR signaling pathway; Pathways in cancer; Bladder cancer; Rheumatoid arthritis
C-C motif chemokine 7,P80098,-0.005,9.40E-01,9.63E-01,Cytokine-cytokine receptor interaction; Chemokine signaling pathway
Clusterin,P10909,-0.004,9.42E-01,9.63E-01,0
Superoxide dismutase [Cu-Zn],P00441,0.003,9.55E-01,9.66E-01,Peroxisome; Amyotrophic lateral sclerosis (ALS); Huntington's disease; Prion diseases
Ig mu chain C region,P01871,-0.001,9.89E-01,9.89E-01,0
