Protein name,Uniprot ID,Partial SRC,P-value,FDR p-value,KEGG annotation
Clusterin,P10909,0.278190438,1.27E-05,0.0011938,0
Corticosteroid-binding globulin,P08185,0.197531776,0.002154653,0.101268691,0
Ig mu chain C region,P01871,-0.180703034,0.005132643,0.152183706,0
Hemopexin,P02790,0.1747864,0.006813097,0.152183706,0
Apolipoprotein B-100,P04114,0.171098063,0.008094878,0.152183706,Fat digestion and absorption; Vitamin digestion and absorption
Insulin-like growth factor-binding protein 2,P18065,0.158106255,0.014486127,0.222760209,0
Intercellular adhesion molecule 1,P05362,0.152419922,0.018461185,0.222760209,NF-kappa B signaling pathway; Cell adhesion molecules (CAMs); Natural killer cell mediated cytotoxicity; Leukocyte transendothelial migration; African trypanosomiasis; Malaria; Staphylococcus aureus infection; Influenza A; HTLV-I infection; Epstein-Barr virus infection; Rheumatoid arthritis; Viral myocarditis
Fibronectin,P02751,0.147798952,0.022360516,0.222760209,PI3K-Akt signaling pathway; Focal adhesion; ECM-receptor interaction; Regulation of actin cytoskeleton; Bacterial invasion of epithelial cells; Amoebiasis; Pathways in cancer; Small cell lung cancer
Apolipoprotein A-I,P02647,0.146370557,0.023701841,0.222760209,PPAR signaling pathway; Fat digestion and absorption; Vitamin digestion and absorption; African trypanosomiasis
cAMP-dependent protein kinase catalytic subunit alpha,P17612,0.144153718,0.025845125,0.222760209,MAPK signaling pathway; Calcium signaling pathway; Chemokine signaling pathway; Oocyte meiosis; Apoptosis; Vascular smooth muscle contraction; Wnt signaling pathway; Hedgehog signaling pathway; Gap junction; Circadian entrainment; Long-term potentiation; Retrograde endocannabinoid signaling; Glutamatergic synapse; Cholinergic synapse; Serotonergic synapse; GABAergic synapse; Dopaminergic synapse; Olfactory transduction; Taste transduction; Insulin signaling pathway; GnRH signaling pathway; Progesterone-mediated oocyte maturation; Melanogenesis; Endocrine and other factor-regulated calcium reabsorption; Vasopressin-regulated water reabsorption; Salivary secretion; Gastric acid secretion; Bile secretion; Prion diseases; Cocaine addiction; Amphetamine addiction; Morphine addiction; Alcoholism; Vibrio cholerae infection; Amoebiasis; HTLV-I infection; Epstein-Barr virus infection; Viral carcinogenesis; Dilated cardiomyopathy
C-C motif chemokine 5,P13501,0.144013045,0.026067684,0.222760209,Cytokine-cytokine receptor interaction; Chemokine signaling pathway; Toll-like receptor signaling pathway; NOD-like receptor signaling pathway; Cytosolic DNA-sensing pathway; Prion diseases; Epithelial cell signaling in Helicobacter pylori infection; Chagas disease (American trypanosomiasis); Influenza A; Herpes simplex infection; Rheumatoid arthritis
Platelet-derived growth factor subunit B,P01127,0.139161773,0.031581124,0.240573961,MAPK signaling pathway; Cytokine-cytokine receptor interaction; PI3K-Akt signaling pathway; Focal adhesion; Gap junction; Regulation of actin cytoskeleton; HTLV-I infection; Pathways in cancer; Transcriptional misregulation in cancer; Renal cell carcinoma; Glioma; Prostate cancer; Melanoma
Hemoglobin subunit alpha/beta,"P69905, P68871",-0.1378204,0.033270867,0.240573961,African trypanosomiasis; Malaria
Interleukin-1 alpha,P01583,0.134754522,0.037357347,0.250827901,MAPK signaling pathway; Cytokine-cytokine receptor interaction; Apoptosis; Osteoclast differentiation; Hematopoietic cell lineage; Type I diabetes mellitus; Prion diseases; Salmonella infection; Pertussis; Leishmaniasis; Tuberculosis; Measles; Influenza A; Rheumatoid arthritis; Graft-versus-host disease
Neutrophil gelatinase-associated lipocalin,P80188,0.128843923,0.046675926,0.29250247,0
Mitogen-activated protein kinase 1,P28482,0.12004061,0.063949258,0.375701891,MAPK signaling pathway; ErbB signaling pathway; Chemokine signaling pathway; HIF-1 signaling pathway; Oocyte meiosis; mTOR signaling pathway; PI3K-Akt signaling pathway; Vascular smooth muscle contraction; Dorso-ventral axis formation; TGF-beta signaling pathway; Axon guidance; VEGF signaling pathway; Osteoclast differentiation; Focal adhesion; Adherens junction; Gap junction; Toll-like receptor signaling pathway; NOD-like receptor signaling pathway; Natural killer cell mediated cytotoxicity; T cell receptor signaling pathway; B cell receptor signaling pathway; Fc epsilon RI signaling pathway; Fc gamma R-mediated phagocytosis; Circadian entrainment; Long-term potentiation; Neurotrophin signaling pathway; Retrograde endocannabinoid signaling; Glutamatergic synapse; Cholinergic synapse; Serotonergic synapse; Long-term depression; Regulation of actin cytoskeleton; Insulin signaling pathway; GnRH signaling pathway; Progesterone-mediated oocyte maturation; Melanogenesis; Type II diabetes mellitus; Aldosterone-regulated sodium reabsorption; Alzheimer's disease; Prion diseases; Alcoholism; Shigellosis; Salmonella infection; Pertussis; Leishmaniasis; Chagas disease (American trypanosomiasis); Toxoplasmosis; Tuberculosis; Hepatitis C; Hepatitis B; Influenza A; Pathways in cancer; Viral carcinogenesis; Colorectal cancer; Renal cell carcinoma; Pancreatic cancer; Endometrial cancer; Glioma; Prostate cancer; Thyroid cancer; Melanoma; Bladder cancer; Chronic myeloid leukemia; Acute myeloid leukemia; Non-small cell lung cancer
Glyceraldehyde-3-phosphate dehydrogenase,P04406,0.107181534,0.098298699,0.543533983,Glycolysis / Gluconeogenesis; Metabolic pathways; HIF-1 signaling pathway; Alzheimer's disease
Haptoglobin,P00738,0.100300622,0.121958605,0.62008553,0
Apolipoprotein E,P02649,0.099405787,0.125336437,0.62008553,Alzheimer's disease
Natriuretic peptides B,P16860,-0.096509504,0.136842366,0.633312341,0
Complement component C8 alpha/beta/gamma chain,"P07357, P07358, P07360",-0.092291079,0.154926836,0.633312341,Complement and coagulation cascades; Prion diseases; Amoebiasis; Systemic lupus erythematosus
Alpha-1-antichymotrypsin,P01011,0.090107591,0.164858384,0.633312341,0
Complement C3,P01024,0.089554692,0.167473633,0.633312341,Phagosome; Complement and coagulation cascades; Pertussis; Legionellosis; Leishmaniasis; Chagas disease (American trypanosomiasis); Staphylococcus aureus infection; Tuberculosis; Herpes simplex infection; Viral carcinogenesis; Systemic lupus erythematosus
Complement component C6,P13671,0.088691502,0.171618406,0.633312341,Complement and coagulation cascades; Prion diseases; Systemic lupus erythematosus
Prolactin,P01236,0.08721478,0.179012783,0.633312341,Cytokine-cytokine receptor interaction; Neuroactive ligand-receptor interaction; PI3K-Akt signaling pathway; Jak-STAT signaling pathway
Immunoglobulin E,P01854,0.086837664,0.180777418,0.633312341,0
Serotransferrin,P02787,0.086613516,0.181908864,0.633312341,HIF-1 signaling pathway; Mineral absorption
Histidine triad nucleotide-binding protein 1,P49773,-0.081445961,0.209621068,0.684174648,0
Fibrinogen alpha/beta/gamma chain,"P02671, P02675, P02679",0.079987518,0.217754916,0.684174648,[ALL - Complement and coagulation cascades][JUST GAMMA - Staphylococcus aureus infection]
CD5 antigen-like,O43866,0.079883795,0.218353611,0.684174648,0
Interstitial collagenase,P03956,0.076085581,0.241093038,0.713006911,PPAR signaling pathway; Pathways in cancer; Bladder cancer; Rheumatoid arthritis
Resistin,Q9HD89,0.075822756,0.242725757,0.713006911,0
Insulin-like growth factor-binding protein 6,P24592,-0.074090222,0.253682237,0.722610008,0
Vitamin K-dependent protein S,P07225,0.072851693,0.261721691,0.723583499,Complement and coagulation cascades
Histidine-rich glycoprotein,P04196,-0.066461285,0.306207839,0.822386768,0
Fibrinogen gamma chain,P02679,0.063658099,0.326857851,0.830227535,Complement and coagulation cascades; Staphylococcus aureus infection
Interleukin-13,P35225,-0.063317496,0.329703539,0.830227535,Cytokine-cytokine receptor interaction; Jak-STAT signaling pathway; Fc epsilon RI signaling pathway; Measles; Asthma
Complement C2,P06681,0.061255758,0.345472449,0.830227535,Complement and coagulation cascades; Pertussis; Staphylococcus aureus infection; Systemic lupus erythematosus
Annexin A1,P04083,0.058820466,0.36527521,0.830227535,0
Complement C1s subcomponent,P09871,-0.056385148,0.38523027,0.830227535,Complement and coagulation cascades; Pertussis; Staphylococcus aureus infection; Systemic lupus erythematosus
Gelsolin,P06396,-0.054306295,0.403284128,0.830227535,Fc gamma R-mediated phagocytosis; Regulation of actin cytoskeleton; Viral carcinogenesis
Metalloproteinase inhibitor 1,P01033,0.052693295,0.417144731,0.830227535,HIF-1 signaling pathway
Alpha-1-antitrypsin,P01009,0.052557048,0.418351459,0.830227535,Complement and coagulation cascades
C-C motif chemokine 15,Q16663,0.051955803,0.423701009,0.830227535,Cytokine-cytokine receptor interaction; Chemokine signaling pathway
Serum paraoxonase/arylesterase 1,P27169,-0.051446078,0.428540447,0.830227535,Metabolic pathways
Cystatin-C,P01034,0.050381063,0.438173401,0.830227535,Macular degeneration; Cerebral amyloid angiopathy (CAA)
Complement C4-A/B,"P0C0L4, P0C0L5",0.05031117,0.438535948,0.830227535,Complement and coagulation cascades; Pertussis; Staphylococcus aureus infection; Systemic lupus erythematosus
Complement factor I,P05156,-0.050283042,0.43879223,0.830227535,Complement and coagulation cascades; Staphylococcus aureus infection
Vascular cell adhesion protein 1,P19320,-0.048598854,0.454292411,0.830227535,NF-kappa B signaling pathway;
Complement factor B,P00751,-0.047951021,0.460335454,0.830227535,Complement and coagulation cascades; Staphylococcus aureus infection
Antithrombin-III,P01008,0.047878063,0.461018806,0.830227535,Inherited thrombophilia
Plasma serine protease inhibitor,P05154,0.047440315,0.465130748,0.830227535,Complement and coagulation cascades
Complement factor H,P08603,-0.046845223,0.470753075,0.830227535,Complement and coagulation cascades; Staphylococcus aureus infection
Plasminogen,P00747,-0.04586864,0.480060026,0.830227535,Neuroactive ligand-receptor interaction; Complement and coagulation cascades; Staphylococcus aureus infection; Influenza A
Epidermal growth factor receptor,P00533,-0.045274428,0.48577143,0.830227535,MAPK signaling pathway; ErbB signaling pathway; Calcium signaling pathway; Cytokine-cytokine receptor interaction; HIF-1 signaling pathway; Endocytosis; PI3K-Akt signaling pathway; Dorso-ventral axis formation; Focal adhesion; Adherens junction; Gap junction; Regulation of actin cytoskeleton; GnRH signaling pathway; Epithelial cell signaling in Helicobacter pylori infection; Hepatitis C; Pathways in cancer; Pancreatic cancer; Endometrial cancer; Glioma; Prostate cancer; Melanoma; Bladder cancer; Non-small cell lung cancer
Serum amyloid P-component,P02743,-0.043761647,0.500475519,0.840083907,0
Myeloperoxidase,P05164,0.04173816,0.520504891,0.856745306,Phagosome; Transcriptional misregulation in cancer
Serum albumin,P02768,-0.040771246,0.530218936,0.856745306,0
C-C motif chemokine 3,P10147,0.040054437,0.537744394,0.856745306,Cytokine-cytokine receptor interaction; Chemokine signaling pathway; Toll-like receptor signaling pathway; Salmonella infection; Chagas disease (American trypanosomiasis); Rheumatoid arthritis
C-C motif chemokine 18,P55774,0.038032242,0.558224625,0.874551913,Cytokine-cytokine receptor interaction; Chemokine signaling pathway
Interleukin-3,P08700,0.030423981,0.639794745,0.943439946,Cytokine-cytokine receptor interaction; PI3K-Akt signaling pathway; Apoptosis; Jak-STAT signaling pathway; Hematopoietic cell lineage; Fc epsilon RI signaling pathway; Transcriptional misregulation in cancer; Asthma
E-selectin,P16581,0.027885799,0.66775821,0.943439946,Cell adhesion molecules (CAMs); African trypanosomiasis; Malaria
Superoxide dismutase [Cu-Zn],P00441,-0.027817242,0.668744079,0.943439946,Peroxisome; Amyotrophic lateral sclerosis (ALS); Huntington's disease; Prion diseases
Lysozyme C,P61626,0.027266101,0.674929866,0.943439946,Salivary secretion
Tenascin,P24821,0.026191062,0.686850054,0.943439946,PI3K-Akt signaling pathway; Focal adhesion; ECM-receptor interaction
72 kDa type IV collagenase,P08253,0.026021413,0.688772462,0.943439946,Leukocyte transendothelial migration; GnRH signaling pathway; Pathways in cancer; Bladder cancer
Ig mu chain C region,P01871,-0.025129215,0.698915231,0.943439946,0
Interleukin-11,P20809,0.023792273,0.714407579,0.943439946,Cytokine-cytokine receptor interaction; Jak-STAT signaling pathway; Hematopoietic cell lineage; Rheumatoid arthritis
Inter-alpha-trypsin inhibitor heavy chain H4,Q14624,-0.021556912,0.740226741,0.943439946,0
Granulocyte colony-stimulating factor,P09919,-0.021194754,0.744262267,0.943439946,Cytokine-cytokine receptor interaction; PI3K-Akt signaling pathway; Jak-STAT signaling pathway; Hematopoietic cell lineage; Malaria
C-reactive protein,P02741,-0.020982477,0.746910252,0.943439946,0
Tumor necrosis factor receptor superfamily member 10D,Q9UBN6,0.020770191,0.74921209,0.943439946,Cytokine-cytokine receptor interaction; Apoptosis; Natural killer cell mediated cytotoxicity; Measles; Influenza A
Pancreatic prohormone,P01298,0.020526704,0.752055468,0.943439946,Neuroactive ligand-receptor interaction - Homo sap
Macrophage colony-stimulating factor 1,P09603,-0.019771633,0.760894183,0.943439946,Cytokine-cytokine receptor interaction; PI3K-Akt signaling pathway; Osteoclast differentiation; Hematopoietic cell lineage; Rheumatoid arthritis
Interleukin-12 subunit alpha/beta,"P29459, P29460",-0.019652531,0.762456088,0.943439946,Cytokine-cytokine receptor interaction; Toll-like receptor signaling pathway; RIG-I-like receptor signaling pathway; Jak-STAT signaling pathway; Type I diabetes mellitus; Pertussis; Legionellosis; Leishmaniasis; Chagas disease (American trypanosomiasis); African trypanosomiasis; Malaria; Toxoplasmosis; Amoebiasis; Tuberculosis; Measles; Influenza A; Herpes simplex infection; Allograft rejection
Tumor necrosis factor ligand superfamily member 6,P48023,0.019610773,0.762781233,0.943439946,MAPK signaling pathway; Cytokine-cytokine receptor interaction; PI3K-Akt signaling pathway; Apoptosis; Natural killer cell mediated cytotoxicity; Neurotrophin signaling pathway; Type I diabetes mellitus; Chagas disease (American trypanosomiasis); African trypanosomiasis; Hepatitis B; Measles; Influenza A; Herpes simplex infection; Pathways in cancer; Autoimmune thyroid disease; Allograft rejection; Graft-versus-host disease
Leptin,P41159,0.018228086,0.779058417,0.947746074,Cytokine-cytokine receptor interaction; Neuroactive ligand-receptor interaction; Jak-STAT signaling pathway; Adipocytokine signaling pathway
Beta-2-microglobulin,P61769,0.016189656,0.80323007,0.947746074,Antigen processing and presentation
Interleukin-17A,Q16552,-0.015518996,0.811358064,0.947746074,Cytokine-cytokine receptor interaction; Rheumatoid arthritis
Alpha-2-macroglobulin,P01023,0.014954643,0.817968089,0.947746074,Complement and coagulation cascades
CK-MB,"P12277, P06732",-0.014911138,0.818616485,0.947746074,Arginine and proline metabolism; Metabolic pathways
Interleukin-10,P22301,-0.013377278,0.836999741,0.947746074,Cytokine-cytokine receptor interaction; Jak-STAT signaling pathway; T cell receptor signaling pathway; Intestinal immune network for IgA production; Pertussis; Leishmaniasis; Chagas disease (American trypanosomiasis); African trypanosomiasis; Malaria; Toxoplasmosis; Amoebiasis; Staphylococcus aureus infection; Tuberculosis; Epstein-Barr virus infection; Asthma; Autoimmune thyroid disease; Systemic lupus erythematosus; Allograft rejection
Complement C5,P01031,-0.012766344,0.844347061,0.947746074,Complement and coagulation cascades; Prion diseases; Pertussis; Staphylococcus aureus infection; Herpes simplex infection; Systemic lupus erythematosus
Angiopoietin-2,O15123,0.012543511,0.846922024,0.947746074,HIF-1 signaling pathway; PI3K-Akt signaling pathway
C-C motif chemokine 7,P80098,-0.010918231,0.866652646,0.952412514,Cytokine-cytokine receptor interaction; Chemokine signaling pathway
Tumor necrosis factor receptor superfamily member 1B,P20333,-0.008713653,0.893322908,0.952412514,Cytokine-cytokine receptor interaction; Adipocytokine signaling pathway; Amyotrophic lateral sclerosis (ALS)
C-X-C motif chemokine 10,P02778,-0.008467537,0.896391602,0.952412514,Cytokine-cytokine receptor interaction; Chemokine signaling pathway; Toll-like receptor signaling pathway; RIG-I-like receptor signaling pathway; Cytosolic DNA-sensing pathway; Influenza A
von Willebrand factor,P04275,0.008032418,0.901619376,0.952412514,PI3K-Akt signaling pathway; Focal adhesion; ECM-receptor interaction; Complement and coagulation cascades
Lymphotoxin-alpha,P01374,0.008027149,0.901752274,0.952412514,Cytokine-cytokine receptor interaction; NF-kappa B signaling pathway; Type I diabetes mellitus; HTLV-I infection; Herpes simplex infection
Glial cell line-derived neurotrophic factor,P39905,0.005147064,0.936909309,0.971115489,Hirschsprung disease (HD); Congenital central hypoventilation syndrome (CCHS)
Matrix metalloproteinase-9,P14780,-0.004881157,0.940122441,0.971115489,Leukocyte transendothelial migration; Hepatitis B; Pathways in cancer; Transcriptional misregulation in cancer; Bladder cancer
Interleukin-8,P10145,-0.003631643,0.955461559,0.976232462,Cytokine-cytokine receptor interaction; Chemokine signaling pathway; NF-kappa B signaling pathway; Toll-like receptor signaling pathway; NOD-like receptor signaling pathway; RIG-I-like receptor signaling pathway; Epithelial cell signaling in Helicobacter pylori infection; Shigellosis; Salmonella infection; Pertussis; Legionellosis; Chagas disease (American trypanosomiasis); Malaria; Amoebiasis; Hepatitis C; Hepatitis B; Influenza A; Pathways in cancer; Transcriptional misregulation in cancer; Bladder cancer; Rheumatoid arthritis
Plasma protease C1 inhibitor,P05155,-0.002310924,0.971633959,0.981002637,Complement and coagulation cascades;
Tumor necrosis factor,P01375,-0.001548382,0.981002637,0.981002637,MAPK signaling pathway; Cytokine-cytokine receptor interaction; NF-kappa B signaling pathway; mTOR signaling pathway; Apoptosis; TGF-beta signaling pathway; Osteoclast differentiation; Antigen processing and presentation; Toll-like receptor signaling pathway; NOD-like receptor signaling pathway; RIG-I-like receptor signaling pathway; Hematopoietic cell lineage; Natural killer cell mediated cytotoxicity; T cell receptor signaling pathway; Fc epsilon RI signaling pathway; Adipocytokine signaling pathway; Type II diabetes mellitus; Type I diabetes mellitus; Alzheimer's disease; Amyotrophic lateral sclerosis (ALS); Pertussis; Legionellosis; Leishmaniasis; Chagas disease (American trypanosomiasis); African trypanosomiasis; Malaria; Toxoplasmosis; Amoebiasis; Tuberculosis; Hepatitis C; Hepatitis B; Influenza A; HTLV-I infection; Herpes simplex infection; Asthma; Systemic lupus erythematosus; Rheumatoid arthritis; Allograft rejection; Graft-versus-host disease; Hypertrophic cardiomyopathy (HCM); Dilated cardiomyopathy
