Protein name,Uniprot ID,Partial SRC,P-value,FDR p-value,KEGG annotation
Complement C3,P01024,0.210,4.69E-04,4.41E-02,Phagosome; Complement and coagulation cascades; Pertussis; Legionellosis; Leishmaniasis; Chagas disease (American trypanosomiasis); Staphylococcus aureus infection; Tuberculosis; Herpes simplex infection; Viral carcinogenesis; Systemic lupus erythematosus
Pancreatic prohormone,P01298,-0.176,3.62E-03,1.70E-01,Neuroactive ligand-receptor interaction - Homo sap
Apolipoprotein E,P02649,-0.128,3.56E-02,7.19E-01,Alzheimer's disease
Complement C4-A/B,"P0C0L4, P0C0L5",0.117,5.46E-02,7.19E-01,Complement and coagulation cascades; Pertussis; Staphylococcus aureus infection; Systemic lupus erythematosus
CD5 antigen-like,O43866,-0.114,6.15E-02,7.19E-01,0
Complement C2,P06681,-0.114,6.21E-02,7.19E-01,Complement and coagulation cascades; Pertussis; Staphylococcus aureus infection; Systemic lupus erythematosus
Inter-alpha-trypsin inhibitor heavy chain H4,Q14624,-0.110,7.23E-02,7.19E-01,0
Clusterin,P10909,-0.109,7.49E-02,7.19E-01,0
CK-MB,"P12277, P06732",0.108,7.77E-02,7.19E-01,Arginine and proline metabolism; Metabolic pathways
Glial cell line-derived neurotrophic factor,P39905,-0.102,9.59E-02,7.19E-01,Hirschsprung disease (HD); Congenital central hypoventilation syndrome (CCHS)
Tumor necrosis factor ligand superfamily member 6,P48023,-0.099,1.07E-01,7.19E-01,MAPK signaling pathway; Cytokine-cytokine receptor interaction; PI3K-Akt signaling pathway; Apoptosis; Natural killer cell mediated cytotoxicity; Neurotrophin signaling pathway; Type I diabetes mellitus; Chagas disease (American trypanosomiasis); African trypanosomiasis; Hepatitis B; Measles; Influenza A; Herpes simplex infection; Pathways in cancer; Autoimmune thyroid disease; Allograft rejection; Graft-versus-host disease
Leptin,P41159,-0.098,1.08E-01,7.19E-01,Cytokine-cytokine receptor interaction; Neuroactive ligand-receptor interaction; Jak-STAT signaling pathway; Adipocytokine signaling pathway
Complement factor H,P08603,-0.098,1.10E-01,7.19E-01,Complement and coagulation cascades; Staphylococcus aureus infection
Serotransferrin,P02787,0.095,1.20E-01,7.19E-01,HIF-1 signaling pathway; Mineral absorption
72 kDa type IV collagenase,P08253,0.095,1.20E-01,7.19E-01,Leukocyte transendothelial migration; GnRH signaling pathway; Pathways in cancer; Bladder cancer
Complement C1s subcomponent,P09871,-0.095,1.22E-01,7.19E-01,Complement and coagulation cascades; Pertussis; Staphylococcus aureus infection; Systemic lupus erythematosus
Fibrinogen alpha/beta/gamma chain,"P02671, P02675, P02679",0.081,1.86E-01,7.94E-01,[ALL - Complement and coagulation cascades][JUST GAMMA - Staphylococcus aureus infection]
Matrix metalloproteinase-9,P14780,-0.081,1.87E-01,7.94E-01,Leukocyte transendothelial migration; Hepatitis B; Pathways in cancer; Transcriptional misregulation in cancer; Bladder cancer
Corticosteroid-binding globulin,P08185,0.081,1.89E-01,7.94E-01,0
Complement C5,P01031,-0.081,1.89E-01,7.94E-01,Complement and coagulation cascades; Prion diseases; Pertussis; Staphylococcus aureus infection; Herpes simplex infection; Systemic lupus erythematosus
Interleukin-11,P20809,-0.080,1.94E-01,7.94E-01,Cytokine-cytokine receptor interaction; Jak-STAT signaling pathway; Hematopoietic cell lineage; Rheumatoid arthritis
C-C motif chemokine 7,P80098,-0.079,1.99E-01,7.94E-01,Cytokine-cytokine receptor interaction; Chemokine signaling pathway
Hemoglobin subunit alpha/beta,"P69905, P68871",-0.079,2.00E-01,7.94E-01,African trypanosomiasis; Malaria
Interstitial collagenase,P03956,-0.072,2.38E-01,7.94E-01,PPAR signaling pathway; Pathways in cancer; Bladder cancer; Rheumatoid arthritis
E-selectin,P16581,-0.072,2.42E-01,7.94E-01,Cell adhesion molecules (CAMs); African trypanosomiasis; Malaria
Beta-2-microglobulin,P61769,-0.072,2.43E-01,7.94E-01,Antigen processing and presentation
Metalloproteinase inhibitor 1,P01033,-0.071,2.45E-01,7.94E-01,HIF-1 signaling pathway
Complement factor B,P00751,0.068,2.68E-01,7.94E-01,Complement and coagulation cascades; Staphylococcus aureus infection
Fibrinogen gamma chain,P02679,0.066,2.80E-01,7.94E-01,Complement and coagulation cascades; Staphylococcus aureus infection
Resistin,Q9HD89,-0.065,2.91E-01,7.94E-01,0
Granulocyte colony-stimulating factor,P09919,-0.064,2.98E-01,7.94E-01,Cytokine-cytokine receptor interaction; PI3K-Akt signaling pathway; Jak-STAT signaling pathway; Hematopoietic cell lineage; Malaria
Interleukin-10,P22301,-0.062,3.11E-01,7.94E-01,Cytokine-cytokine receptor interaction; Jak-STAT signaling pathway; T cell receptor signaling pathway; Intestinal immune network for IgA production; Pertussis; Leishmaniasis; Chagas disease (American trypanosomiasis); African trypanosomiasis; Malaria; Toxoplasmosis; Amoebiasis; Staphylococcus aureus infection; Tuberculosis; Epstein-Barr virus infection; Asthma; Autoimmune thyroid disease; Systemic lupus erythematosus; Allograft rejection
C-X-C motif chemokine 10,P02778,-0.062,3.16E-01,7.94E-01,Cytokine-cytokine receptor interaction; Chemokine signaling pathway; Toll-like receptor signaling pathway; RIG-I-like receptor signaling pathway; Cytosolic DNA-sensing pathway; Influenza A
Tumor necrosis factor,P01375,-0.061,3.24E-01,7.94E-01,MAPK signaling pathway; Cytokine-cytokine receptor interaction; NF-kappa B signaling pathway; mTOR signaling pathway; Apoptosis; TGF-beta signaling pathway; Osteoclast differentiation; Antigen processing and presentation; Toll-like receptor signaling pathway; NOD-like receptor signaling pathway; RIG-I-like receptor signaling pathway; Hematopoietic cell lineage; Natural killer cell mediated cytotoxicity; T cell receptor signaling pathway; Fc epsilon RI signaling pathway; Adipocytokine signaling pathway; Type II diabetes mellitus; Type I diabetes mellitus; Alzheimer's disease; Amyotrophic lateral sclerosis (ALS); Pertussis; Legionellosis; Leishmaniasis; Chagas disease (American trypanosomiasis); African trypanosomiasis; Malaria; Toxoplasmosis; Amoebiasis; Tuberculosis; Hepatitis C; Hepatitis B; Influenza A; HTLV-I infection; Herpes simplex infection; Asthma; Systemic lupus erythematosus; Rheumatoid arthritis; Allograft rejection; Graft-versus-host disease; Hypertrophic cardiomyopathy (HCM); Dilated cardiomyopathy
Apolipoprotein A-I,P02647,0.060,3.27E-01,7.94E-01,PPAR signaling pathway; Fat digestion and absorption; Vitamin digestion and absorption; African trypanosomiasis
Interleukin-12 subunit alpha/beta,"P29459, P29460",-0.060,3.31E-01,7.94E-01,Cytokine-cytokine receptor interaction; Toll-like receptor signaling pathway; RIG-I-like receptor signaling pathway; Jak-STAT signaling pathway; Type I diabetes mellitus; Pertussis; Legionellosis; Leishmaniasis; Chagas disease (American trypanosomiasis); African trypanosomiasis; Malaria; Toxoplasmosis; Amoebiasis; Tuberculosis; Measles; Influenza A; Herpes simplex infection; Allograft rejection
Hemopexin,P02790,-0.059,3.39E-01,7.94E-01,0
Tenascin,P24821,-0.057,3.54E-01,7.94E-01,PI3K-Akt signaling pathway; Focal adhesion; ECM-receptor interaction
Superoxide dismutase [Cu-Zn],P00441,-0.057,3.55E-01,7.94E-01,Peroxisome; Amyotrophic lateral sclerosis (ALS); Huntington's disease; Prion diseases
Angiopoietin-2,O15123,-0.056,3.61E-01,7.94E-01,HIF-1 signaling pathway; PI3K-Akt signaling pathway
Insulin-like growth factor-binding protein 6,P24592,-0.056,3.65E-01,7.94E-01,0
Gelsolin,P06396,0.054,3.78E-01,7.94E-01,Fc gamma R-mediated phagocytosis; Regulation of actin cytoskeleton; Viral carcinogenesis
Plasma protease C1 inhibitor,P05155,-0.054,3.83E-01,7.94E-01,Complement and coagulation cascades;
Annexin A1,P04083,-0.052,3.97E-01,7.94E-01,0
Natriuretic peptides B,P16860,-0.052,3.97E-01,7.94E-01,0
Apolipoprotein B-100,P04114,-0.052,4.00E-01,7.94E-01,Fat digestion and absorption; Vitamin digestion and absorption
Haptoglobin,P00738,0.052,4.02E-01,7.94E-01,0
Plasminogen,P00747,0.051,4.07E-01,7.94E-01,Neuroactive ligand-receptor interaction; Complement and coagulation cascades; Staphylococcus aureus infection; Influenza A
Antithrombin-III,P01008,-0.050,4.14E-01,7.94E-01,Inherited thrombophilia
Prolactin,P01236,-0.047,4.42E-01,8.32E-01,Cytokine-cytokine receptor interaction; Neuroactive ligand-receptor interaction; PI3K-Akt signaling pathway; Jak-STAT signaling pathway
C-C motif chemokine 15,Q16663,-0.045,4.63E-01,8.50E-01,Cytokine-cytokine receptor interaction; Chemokine signaling pathway
Complement factor I,P05156,0.044,4.70E-01,8.50E-01,Complement and coagulation cascades; Staphylococcus aureus infection
von Willebrand factor,P04275,-0.043,4.80E-01,8.51E-01,PI3K-Akt signaling pathway; Focal adhesion; ECM-receptor interaction; Complement and coagulation cascades
Interleukin-1 alpha,P01583,-0.041,5.07E-01,8.74E-01,MAPK signaling pathway; Cytokine-cytokine receptor interaction; Apoptosis; Osteoclast differentiation; Hematopoietic cell lineage; Type I diabetes mellitus; Prion diseases; Salmonella infection; Pertussis; Leishmaniasis; Tuberculosis; Measles; Influenza A; Rheumatoid arthritis; Graft-versus-host disease
Vascular cell adhesion protein 1,P19320,-0.039,5.27E-01,8.74E-01,NF-kappa B signaling pathway;
Interleukin-8,P10145,0.038,5.32E-01,8.74E-01,Cytokine-cytokine receptor interaction; Chemokine signaling pathway; NF-kappa B signaling pathway; Toll-like receptor signaling pathway; NOD-like receptor signaling pathway; RIG-I-like receptor signaling pathway; Epithelial cell signaling in Helicobacter pylori infection; Shigellosis; Salmonella infection; Pertussis; Legionellosis; Chagas disease (American trypanosomiasis); Malaria; Amoebiasis; Hepatitis C; Hepatitis B; Influenza A; Pathways in cancer; Transcriptional misregulation in cancer; Bladder cancer; Rheumatoid arthritis
Lymphotoxin-alpha,P01374,-0.038,5.36E-01,8.74E-01,Cytokine-cytokine receptor interaction; NF-kappa B signaling pathway; Type I diabetes mellitus; HTLV-I infection; Herpes simplex infection
Intercellular adhesion molecule 1,P05362,-0.038,5.39E-01,8.74E-01,NF-kappa B signaling pathway; Cell adhesion molecules (CAMs); Natural killer cell mediated cytotoxicity; Leukocyte transendothelial migration; African trypanosomiasis; Malaria; Staphylococcus aureus infection; Influenza A; HTLV-I infection; Epstein-Barr virus infection; Rheumatoid arthritis; Viral myocarditis
Tumor necrosis factor receptor superfamily member 10D,Q9UBN6,0.036,5.58E-01,8.85E-01,Cytokine-cytokine receptor interaction; Apoptosis; Natural killer cell mediated cytotoxicity; Measles; Influenza A
Alpha-1-antichymotrypsin,P01011,0.035,5.69E-01,8.85E-01,0
Serum paraoxonase/arylesterase 1,P27169,0.035,5.74E-01,8.85E-01,Metabolic pathways
Myeloperoxidase,P05164,-0.031,6.13E-01,9.01E-01,Phagosome; Transcriptional misregulation in cancer
Tumor necrosis factor receptor superfamily member 1B,P20333,-0.031,6.13E-01,9.01E-01,Cytokine-cytokine receptor interaction; Adipocytokine signaling pathway; Amyotrophic lateral sclerosis (ALS)
Serum amyloid P-component,P02743,0.031,6.17E-01,9.01E-01,0
C-C motif chemokine 3,P10147,-0.030,6.23E-01,9.01E-01,Cytokine-cytokine receptor interaction; Chemokine signaling pathway; Toll-like receptor signaling pathway; Salmonella infection; Chagas disease (American trypanosomiasis); Rheumatoid arthritis
Neutrophil gelatinase-associated lipocalin,P80188,-0.029,6.40E-01,9.12E-01,0
Ig mu chain C region,P01871,0.028,6.53E-01,9.16E-01,0
Histidine-rich glycoprotein,P04196,-0.027,6.66E-01,9.20E-01,0
Alpha-1-antitrypsin,P01009,-0.024,6.95E-01,9.46E-01,Complement and coagulation cascades
C-reactive protein,P02741,0.023,7.09E-01,9.46E-01,0
Epidermal growth factor receptor,P00533,0.020,7.42E-01,9.46E-01,MAPK signaling pathway; ErbB signaling pathway; Calcium signaling pathway; Cytokine-cytokine receptor interaction; HIF-1 signaling pathway; Endocytosis; PI3K-Akt signaling pathway; Dorso-ventral axis formation; Focal adhesion; Adherens junction; Gap junction; Regulation of actin cytoskeleton; GnRH signaling pathway; Epithelial cell signaling in Helicobacter pylori infection; Hepatitis C; Pathways in cancer; Pancreatic cancer; Endometrial cancer; Glioma; Prostate cancer; Melanoma; Bladder cancer; Non-small cell lung cancer
Mitogen-activated protein kinase 1,P28482,0.020,7.45E-01,9.46E-01,MAPK signaling pathway; ErbB signaling pathway; Chemokine signaling pathway; HIF-1 signaling pathway; Oocyte meiosis; mTOR signaling pathway; PI3K-Akt signaling pathway; Vascular smooth muscle contraction; Dorso-ventral axis formation; TGF-beta signaling pathway; Axon guidance; VEGF signaling pathway; Osteoclast differentiation; Focal adhesion; Adherens junction; Gap junction; Toll-like receptor signaling pathway; NOD-like receptor signaling pathway; Natural killer cell mediated cytotoxicity; T cell receptor signaling pathway; B cell receptor signaling pathway; Fc epsilon RI signaling pathway; Fc gamma R-mediated phagocytosis; Circadian entrainment; Long-term potentiation; Neurotrophin signaling pathway; Retrograde endocannabinoid signaling; Glutamatergic synapse; Cholinergic synapse; Serotonergic synapse; Long-term depression; Regulation of actin cytoskeleton; Insulin signaling pathway; GnRH signaling pathway; Progesterone-mediated oocyte maturation; Melanogenesis; Type II diabetes mellitus; Aldosterone-regulated sodium reabsorption; Alzheimer's disease; Prion diseases; Alcoholism; Shigellosis; Salmonella infection; Pertussis; Leishmaniasis; Chagas disease (American trypanosomiasis); Toxoplasmosis; Tuberculosis; Hepatitis C; Hepatitis B; Influenza A; Pathways in cancer; Viral carcinogenesis; Colorectal cancer; Renal cell carcinoma; Pancreatic cancer; Endometrial cancer; Glioma; Prostate cancer; Thyroid cancer; Melanoma; Bladder cancer; Chronic myeloid leukemia; Acute myeloid leukemia; Non-small cell lung cancer
Macrophage colony-stimulating factor 1,P09603,-0.019,7.53E-01,9.46E-01,Cytokine-cytokine receptor interaction; PI3K-Akt signaling pathway; Osteoclast differentiation; Hematopoietic cell lineage; Rheumatoid arthritis
Alpha-2-macroglobulin,P01023,-0.019,7.54E-01,9.46E-01,Complement and coagulation cascades
cAMP-dependent protein kinase catalytic subunit alpha,P17612,0.019,7.55E-01,9.46E-01,MAPK signaling pathway; Calcium signaling pathway; Chemokine signaling pathway; Oocyte meiosis; Apoptosis; Vascular smooth muscle contraction; Wnt signaling pathway; Hedgehog signaling pathway; Gap junction; Circadian entrainment; Long-term potentiation; Retrograde endocannabinoid signaling; Glutamatergic synapse; Cholinergic synapse; Serotonergic synapse; GABAergic synapse; Dopaminergic synapse; Olfactory transduction; Taste transduction; Insulin signaling pathway; GnRH signaling pathway; Progesterone-mediated oocyte maturation; Melanogenesis; Endocrine and other factor-regulated calcium reabsorption; Vasopressin-regulated water reabsorption; Salivary secretion; Gastric acid secretion; Bile secretion; Prion diseases; Cocaine addiction; Amphetamine addiction; Morphine addiction; Alcoholism; Vibrio cholerae infection; Amoebiasis; HTLV-I infection; Epstein-Barr virus infection; Viral carcinogenesis; Dilated cardiomyopathy
Serum albumin,P02768,0.018,7.65E-01,9.46E-01,0
Fibronectin,P02751,0.015,8.06E-01,9.58E-01,PI3K-Akt signaling pathway; Focal adhesion; ECM-receptor interaction; Regulation of actin cytoskeleton; Bacterial invasion of epithelial cells; Amoebiasis; Pathways in cancer; Small cell lung cancer
Insulin-like growth factor-binding protein 2,P18065,0.015,8.10E-01,9.58E-01,0
Lysozyme C,P61626,-0.014,8.16E-01,9.58E-01,Salivary secretion
Ig gamma-1 chain C region,P01857,0.014,8.18E-01,9.58E-01,0
Glyceraldehyde-3-phosphate dehydrogenase,P04406,-0.014,8.25E-01,9.58E-01,Glycolysis / Gluconeogenesis; Metabolic pathways; HIF-1 signaling pathway; Alzheimer's disease
C-C motif chemokine 5,P13501,-0.011,8.64E-01,9.81E-01,Cytokine-cytokine receptor interaction; Chemokine signaling pathway; Toll-like receptor signaling pathway; NOD-like receptor signaling pathway; Cytosolic DNA-sensing pathway; Prion diseases; Epithelial cell signaling in Helicobacter pylori infection; Chagas disease (American trypanosomiasis); Influenza A; Herpes simplex infection; Rheumatoid arthritis
Complement component C8 alpha/beta/gamma chain,"P07357, P07358, P07360",0.010,8.74E-01,9.81E-01,Complement and coagulation cascades; Prion diseases; Amoebiasis; Systemic lupus erythematosus
Complement component C6,P13671,-0.010,8.77E-01,9.81E-01,Complement and coagulation cascades; Prion diseases; Systemic lupus erythematosus
Platelet-derived growth factor subunit B,P01127,0.009,8.88E-01,9.82E-01,MAPK signaling pathway; Cytokine-cytokine receptor interaction; PI3K-Akt signaling pathway; Focal adhesion; Gap junction; Regulation of actin cytoskeleton; HTLV-I infection; Pathways in cancer; Transcriptional misregulation in cancer; Renal cell carcinoma; Glioma; Prostate cancer; Melanoma
Interleukin-3,P08700,-0.007,9.11E-01,9.82E-01,Cytokine-cytokine receptor interaction; PI3K-Akt signaling pathway; Apoptosis; Jak-STAT signaling pathway; Hematopoietic cell lineage; Fc epsilon RI signaling pathway; Transcriptional misregulation in cancer; Asthma
Cystatin-C,P01034,-0.007,9.13E-01,9.82E-01,Macular degeneration; Cerebral amyloid angiopathy (CAA)
Interleukin-13,P35225,0.006,9.20E-01,9.82E-01,Cytokine-cytokine receptor interaction; Jak-STAT signaling pathway; Fc epsilon RI signaling pathway; Measles; Asthma
Histidine triad nucleotide-binding protein 1,P49773,-0.003,9.59E-01,9.87E-01,0
Plasma serine protease inhibitor,P05154,-0.003,9.61E-01,9.87E-01,Complement and coagulation cascades
Vitamin K-dependent protein S,P07225,-0.002,9.69E-01,9.87E-01,Complement and coagulation cascades
C-C motif chemokine 18,P55774,-0.002,9.75E-01,9.87E-01,Cytokine-cytokine receptor interaction; Chemokine signaling pathway
Interleukin-17A,Q16552,-0.002,9.76E-01,9.87E-01,Cytokine-cytokine receptor interaction; Rheumatoid arthritis
Immunoglobulin E,P01854,0.001,9.93E-01,9.93E-01,0
