﻿Protein name,Uniprot ID,Odds Ratio,P-value,FDR p-value,KEGG annotation
Pancreatic prohormone,P01298,2.410028148,1.68E-06,0.00015792,Neuroactive ligand-receptor interaction - Homo sap
Insulin-like growth factor-binding protein 2,P18065,1.908090969,0.001758045,0.082628115,0
C-C motif chemokine 15,Q16663,2.097629201,0.007124156,0.15037306,Cytokine-cytokine receptor interaction; Chemokine signaling pathway
Alpha-1-antichymotrypsin,P01011,7.565040414,0.007657836,0.15037306,0
Alpha-1-antitrypsin,P01009,2.674913815,0.007998567,0.15037306,Complement and coagulation cascades
Matrix metalloproteinase-9,P14780,1.480383853,0.014383777,0.210448025,Leukocyte transendothelial migration; Hepatitis B; Pathways in cancer; Transcriptional misregulation in cancer; Bladder cancer
Complement component C6,P13671,3.065371819,0.018403656,0.210448025,Complement and coagulation cascades; Prion diseases; Systemic lupus erythematosus
Complement C5,P01031,5.05658384,0.018875043,0.210448025,Complement and coagulation cascades; Prion diseases; Pertussis; Staphylococcus aureus infection; Herpes simplex infection; Systemic lupus erythematosus
Superoxide dismutase [Cu-Zn],P00441,8.33808516,0.020149279,0.210448025,Peroxisome; Amyotrophic lateral sclerosis (ALS); Huntington's disease; Prion diseases
Apolipoprotein A-I,P02647,0.327539568,0.024139774,0.219491222,PPAR signaling pathway; Fat digestion and absorption; Vitamin digestion and absorption; African trypanosomiasis
Gelsolin,P06396,0.418631737,0.026266998,0.219491222,Fc gamma R-mediated phagocytosis; Regulation of actin cytoskeleton; Viral carcinogenesis
Tumor necrosis factor receptor superfamily member 1B,P20333,1.974449723,0.029789122,0.219491222,Cytokine-cytokine receptor interaction; Adipocytokine signaling pathway; Amyotrophic lateral sclerosis (ALS)
cAMP-dependent protein kinase catalytic subunit alpha,P17612,0.746464005,0.032670268,0.219491222,MAPK signaling pathway; Calcium signaling pathway; Chemokine signaling pathway; Oocyte meiosis; Apoptosis; Vascular smooth muscle contraction; Wnt signaling pathway; Hedgehog signaling pathway; Gap junction; Circadian entrainment; Long-term potentiation; Retrograde endocannabinoid signaling; Glutamatergic synapse; Cholinergic synapse; Serotonergic synapse; GABAergic synapse; Dopaminergic synapse; Olfactory transduction; Taste transduction; Insulin signaling pathway; GnRH signaling pathway; Progesterone-mediated oocyte maturation; Melanogenesis; Endocrine and other factor-regulated calcium reabsorption; Vasopressin-regulated water reabsorption; Salivary secretion; Gastric acid secretion; Bile secretion; Prion diseases; Cocaine addiction; Amphetamine addiction; Morphine addiction; Alcoholism; Vibrio cholerae infection; Amoebiasis; HTLV-I infection; Epstein-Barr virus infection; Viral carcinogenesis; Dilated cardiomyopathy
Neutrophil gelatinase-associated lipocalin,P80188,1.762661748,0.032690182,0.219491222,0
Fibronectin,P02751,0.749178428,0.036272476,0.227307516,PI3K-Akt signaling pathway; Focal adhesion; ECM-receptor interaction; Regulation of actin cytoskeleton; Bacterial invasion of epithelial cells; Amoebiasis; Pathways in cancer; Small cell lung cancer
Antithrombin-III,P01008,5.849738016,0.042407766,0.22907378,Inherited thrombophilia
Metalloproteinase inhibitor 1,P01033,2.669253954,0.043597236,0.22907378,HIF-1 signaling pathway
Cystatin-C,P01034,3.006734416,0.043865192,0.22907378,Macular degeneration; Cerebral amyloid angiopathy (CAA)
CK-MB,"P12277, P06732",0.620475963,0.048775808,0.241311892,Arginine and proline metabolism; Metabolic pathways
Myeloperoxidase,P05164,1.523049926,0.054527533,0.249670919,Phagosome; Transcriptional misregulation in cancer
Interleukin-11,P20809,0.279247538,0.058328681,0.249670919,Cytokine-cytokine receptor interaction; Jak-STAT signaling pathway; Hematopoietic cell lineage; Rheumatoid arthritis
Mitogen-activated protein kinase 1,P28482,0.731692991,0.059675749,0.249670919,MAPK signaling pathway; ErbB signaling pathway; Chemokine signaling pathway; HIF-1 signaling pathway; Oocyte meiosis; mTOR signaling pathway; PI3K-Akt signaling pathway; Vascular smooth muscle contraction; Dorso-ventral axis formation; TGF-beta signaling pathway; Axon guidance; VEGF signaling pathway; Osteoclast differentiation; Focal adhesion; Adherens junction; Gap junction; Toll-like receptor signaling pathway; NOD-like receptor signaling pathway; Natural killer cell mediated cytotoxicity; T cell receptor signaling pathway; B cell receptor signaling pathway; Fc epsilon RI signaling pathway; Fc gamma R-mediated phagocytosis; Circadian entrainment; Long-term potentiation; Neurotrophin signaling pathway; Retrograde endocannabinoid signaling; Glutamatergic synapse; Cholinergic synapse; Serotonergic synapse; Long-term depression; Regulation of actin cytoskeleton; Insulin signaling pathway; GnRH signaling pathway; Progesterone-mediated oocyte maturation; Melanogenesis; Type II diabetes mellitus; Aldosterone-regulated sodium reabsorption; Alzheimer's disease; Prion diseases; Alcoholism; Shigellosis; Salmonella infection; Pertussis; Leishmaniasis; Chagas disease (American trypanosomiasis); Toxoplasmosis; Tuberculosis; Hepatitis C; Hepatitis B; Influenza A; Pathways in cancer; Viral carcinogenesis; Colorectal cancer; Renal cell carcinoma; Pancreatic cancer; Endometrial cancer; Glioma; Prostate cancer; Thyroid cancer; Melanoma; Bladder cancer; Chronic myeloid leukemia; Acute myeloid leukemia; Non-small cell lung cancer
C-C motif chemokine 18,P55774,1.457694449,0.061089693,0.249670919,Cytokine-cytokine receptor interaction; Chemokine signaling pathway
Complement component C8 alpha/beta/gamma chain,"P07357, P07358, P07360",0.44337773,0.06722879,0.25602833,Complement and coagulation cascades; Prion diseases; Amoebiasis; Systemic lupus erythematosus
Interleukin-13,P35225,0.291205529,0.068092641,0.25602833,Cytokine-cytokine receptor interaction; Jak-STAT signaling pathway; Fc epsilon RI signaling pathway; Measles; Asthma
C-C motif chemokine 7,P80098,2.126304897,0.073999544,0.260877786,Cytokine-cytokine receptor interaction; Chemokine signaling pathway
Clusterin,P10909,3.863160355,0.074932981,0.260877786,0
Prolactin,P01236,1.586320444,0.079862598,0.262737176,Cytokine-cytokine receptor interaction; Neuroactive ligand-receptor interaction; PI3K-Akt signaling pathway; Jak-STAT signaling pathway
Epidermal growth factor receptor,P00533,0.334200059,0.081057214,0.262737176,MAPK signaling pathway; ErbB signaling pathway; Calcium signaling pathway; Cytokine-cytokine receptor interaction; HIF-1 signaling pathway; Endocytosis; PI3K-Akt signaling pathway; Dorso-ventral axis formation; Focal adhesion; Adherens junction; Gap junction; Regulation of actin cytoskeleton; GnRH signaling pathway; Epithelial cell signaling in Helicobacter pylori infection; Hepatitis C; Pathways in cancer; Pancreatic cancer; Endometrial cancer; Glioma; Prostate cancer; Melanoma; Bladder cancer; Non-small cell lung cancer
CD5 antigen-like,O43866,1.415806749,0.08396622,0.263094156,0
Natriuretic peptides B,P16860,0.230041011,0.116057765,0.343170456,0
Interleukin-1 alpha,P01583,1.511721864,0.116823985,0.343170456,MAPK signaling pathway; Cytokine-cytokine receptor interaction; Apoptosis; Osteoclast differentiation; Hematopoietic cell lineage; Type I diabetes mellitus; Prion diseases; Salmonella infection; Pertussis; Leishmaniasis; Tuberculosis; Measles; Influenza A; Rheumatoid arthritis; Graft-versus-host disease
C-C motif chemokine 5,P13501,0.652656327,0.141370661,0.402692186,Cytokine-cytokine receptor interaction; Chemokine signaling pathway; Toll-like receptor signaling pathway; NOD-like receptor signaling pathway; Cytosolic DNA-sensing pathway; Prion diseases; Epithelial cell signaling in Helicobacter pylori infection; Chagas disease (American trypanosomiasis); Influenza A; Herpes simplex infection; Rheumatoid arthritis
Angiopoietin-2,O15123,1.443880298,0.151434676,0.414874267,HIF-1 signaling pathway; PI3K-Akt signaling pathway
Resistin,Q9HD89,1.496585624,0.154474461,0.414874267,0
Glial cell line-derived neurotrophic factor,P39905,0.566024917,0.165688313,0.432630595,Hirschsprung disease (HD); Congenital central hypoventilation syndrome (CCHS)
Complement C3,P01024,0.71076081,0.176695258,0.448901466,Phagosome; Complement and coagulation cascades; Pertussis; Legionellosis; Leishmaniasis; Chagas disease (American trypanosomiasis); Staphylococcus aureus infection; Tuberculosis; Herpes simplex infection; Viral carcinogenesis; Systemic lupus erythematosus
Tumor necrosis factor ligand superfamily member 6,P48023,0.767650869,0.205280667,0.507799545,MAPK signaling pathway; Cytokine-cytokine receptor interaction; PI3K-Akt signaling pathway; Apoptosis; Natural killer cell mediated cytotoxicity; Neurotrophin signaling pathway; Type I diabetes mellitus; Chagas disease (American trypanosomiasis); African trypanosomiasis; Hepatitis B; Measles; Influenza A; Herpes simplex infection; Pathways in cancer; Autoimmune thyroid disease; Allograft rejection; Graft-versus-host disease
Serotransferrin,P02787,2.253055885,0.214201157,0.516279712,HIF-1 signaling pathway; Mineral absorption
Beta-2-microglobulin,P61769,1.394288337,0.220847604,0.517024965,Antigen processing and presentation
Macrophage colony-stimulating factor 1,P09603,0.560793338,0.225510889,0.517024965,Cytokine-cytokine receptor interaction; PI3K-Akt signaling pathway; Osteoclast differentiation; Hematopoietic cell lineage; Rheumatoid arthritis
Fibrinogen alpha/beta/gamma chain,"P02671, P02675, P02679",1.396766122,0.24225067,0.534149065,[ALL - Complement and coagulation cascades][JUST GAMMA - Staphylococcus aureus infection]
Apolipoprotein B-100,P04114,0.818932716,0.244344785,0.534149065,Fat digestion and absorption; Vitamin digestion and absorption
Platelet-derived growth factor subunit B,P01127,0.848205343,0.251094059,0.536428217,MAPK signaling pathway; Cytokine-cytokine receptor interaction; PI3K-Akt signaling pathway; Focal adhesion; Gap junction; Regulation of actin cytoskeleton; HTLV-I infection; Pathways in cancer; Transcriptional misregulation in cancer; Renal cell carcinoma; Glioma; Prostate cancer; Melanoma
C-X-C motif chemokine 10,P02778,0.641267411,0.265899297,0.555434087,Cytokine-cytokine receptor interaction; Chemokine signaling pathway; Toll-like receptor signaling pathway; RIG-I-like receptor signaling pathway; Cytosolic DNA-sensing pathway; Influenza A
Granulocyte colony-stimulating factor,P09919,1.191159316,0.276534926,0.55916743,Cytokine-cytokine receptor interaction; PI3K-Akt signaling pathway; Jak-STAT signaling pathway; Hematopoietic cell lineage; Malaria
Alpha-2-macroglobulin,P01023,0.658402207,0.279583715,0.55916743,Complement and coagulation cascades
Serum paraoxonase/arylesterase 1,P27169,0.449670078,0.286248116,0.560569227,Metabolic pathways
Complement C4-A/B,"P0C0L4, P0C0L5",0.85202439,0.3008264,0.568877883,Complement and coagulation cascades; Pertussis; Staphylococcus aureus infection; Systemic lupus erythematosus
Histidine-rich glycoprotein,P04196,0.725777984,0.305713596,0.568877883,0
Corticosteroid-binding globulin,P08185,0.7307758,0.308646511,0.568877883,0
Serum albumin,P02768,0.533213747,0.323132173,0.584123544,0
Annexin A1,P04083,1.318320065,0.34702391,0.615476369,0
Interleukin-10,P22301,1.467468978,0.357851752,0.621925224,Cytokine-cytokine receptor interaction; Jak-STAT signaling pathway; T cell receptor signaling pathway; Intestinal immune network for IgA production; Pertussis; Leishmaniasis; Chagas disease (American trypanosomiasis); African trypanosomiasis; Malaria; Toxoplasmosis; Amoebiasis; Staphylococcus aureus infection; Tuberculosis; Epstein-Barr virus infection; Asthma; Autoimmune thyroid disease; Systemic lupus erythematosus; Allograft rejection
C-C motif chemokine 3,P10147,1.351254416,0.366171502,0.621925224,Cytokine-cytokine receptor interaction; Chemokine signaling pathway; Toll-like receptor signaling pathway; Salmonella infection; Chagas disease (American trypanosomiasis); Rheumatoid arthritis
Insulin-like growth factor-binding protein 6,P24592,1.37303854,0.370508644,0.621925224,0
Plasma serine protease inhibitor,P05154,0.847686895,0.381245544,0.628720722,Complement and coagulation cascades
Leptin,P41159,0.845286353,0.388873787,0.630243724,Cytokine-cytokine receptor interaction; Neuroactive ligand-receptor interaction; Jak-STAT signaling pathway; Adipocytokine signaling pathway
Complement factor B,P00751,0.643276385,0.409723042,0.652779084,Complement and coagulation cascades; Staphylococcus aureus infection
Interleukin-8,P10145,0.675010215,0.427267773,0.660373953,Cytokine-cytokine receptor interaction; Chemokine signaling pathway; NF-kappa B signaling pathway; Toll-like receptor signaling pathway; NOD-like receptor signaling pathway; RIG-I-like receptor signaling pathway; Epithelial cell signaling in Helicobacter pylori infection; Shigellosis; Salmonella infection; Pertussis; Legionellosis; Chagas disease (American trypanosomiasis); Malaria; Amoebiasis; Hepatitis C; Hepatitis B; Influenza A; Pathways in cancer; Transcriptional misregulation in cancer; Bladder cancer; Rheumatoid arthritis
C-reactive protein,P02741,1.059832055,0.428540544,0.660373953,0
Complement C2,P06681,1.306205594,0.453513362,0.670751003,Complement and coagulation cascades; Pertussis; Staphylococcus aureus infection; Systemic lupus erythematosus
Fibrinogen gamma chain,P02679,1.262676147,0.456123202,0.670751003,Complement and coagulation cascades; Staphylococcus aureus infection
E-selectin,P16581,0.840016758,0.459382702,0.670751003,Cell adhesion molecules (CAMs); African trypanosomiasis; Malaria
Haptoglobin,P00738,1.151233302,0.470799682,0.670751003,0
Plasma protease C1 inhibitor,P05155,1.252201361,0.470952832,0.670751003,Complement and coagulation cascades;
Complement factor H,P08603,0.574168084,0.48913141,0.67668015,Complement and coagulation cascades; Staphylococcus aureus infection
Intercellular adhesion molecule 1,P05362,0.869130921,0.491308028,0.67668015,NF-kappa B signaling pathway; Cell adhesion molecules (CAMs); Natural killer cell mediated cytotoxicity; Leukocyte transendothelial migration; African trypanosomiasis; Malaria; Staphylococcus aureus infection; Influenza A; HTLV-I infection; Epstein-Barr virus infection; Rheumatoid arthritis; Viral myocarditis
Tumor necrosis factor receptor superfamily member 10D,Q9UBN6,1.375734636,0.496712025,0.67668015,Cytokine-cytokine receptor interaction; Apoptosis; Natural killer cell mediated cytotoxicity; Measles; Influenza A
Hemoglobin subunit alpha/beta,"P69905, P68871",1.128528861,0.528616636,0.709856625,African trypanosomiasis; Malaria
Tenascin,P24821,1.052582795,0.556309245,0.729974406,PI3K-Akt signaling pathway; Focal adhesion; ECM-receptor interaction
Hemopexin,P02790,1.07554664,0.559129332,0.729974406,0
Lysozyme C,P61626,1.16671513,0.580586061,0.747603969,Salivary secretion
Interleukin-3,P08700,1.272153943,0.595695083,0.756693754,Cytokine-cytokine receptor interaction; PI3K-Akt signaling pathway; Apoptosis; Jak-STAT signaling pathway; Hematopoietic cell lineage; Fc epsilon RI signaling pathway; Transcriptional misregulation in cancer; Asthma
Histidine triad nucleotide-binding protein 1,P49773,0.775958782,0.629832655,0.76660067,0
Complement C1s subcomponent,P09871,0.682939774,0.630549205,0.76660067,Complement and coagulation cascades; Pertussis; Staphylococcus aureus infection; Systemic lupus erythematosus
Ig mu chain C region,P01871,0.931716692,0.638433624,0.76660067,0
Serum amyloid P-component,P02743,1.200533319,0.642666284,0.76660067,0
Vitamin K-dependent protein S,P07225,1.322312355,0.644270776,0.76660067,Complement and coagulation cascades
Plasminogen,P00747,1.390424295,0.679563309,0.798486888,Neuroactive ligand-receptor interaction; Complement and coagulation cascades; Staphylococcus aureus infection; Influenza A
Ig mu chain C region,P01842,1.075593186,0.712669262,0.825035558,0
Apolipoprotein E,P02649,0.921700978,0.71971187,0.825035558,Alzheimer's disease
von Willebrand factor,P04275,1.062929645,0.814319828,0.91874519,PI3K-Akt signaling pathway; Focal adhesion; ECM-receptor interaction; Complement and coagulation cascades
Vascular cell adhesion protein 1,P19320,1.062259945,0.82100634,0.91874519,NF-kappa B signaling pathway;
Immunoglobulin E,P01854,1.013003957,0.845949037,0.92981901,0
Interstitial collagenase,P03956,1.025311873,0.854448152,0.92981901,PPAR signaling pathway; Pathways in cancer; Bladder cancer; Rheumatoid arthritis
72 kDa type IV collagenase,P08253,0.929327214,0.870503558,0.92981901,Leukocyte transendothelial migration; GnRH signaling pathway; Pathways in cancer; Bladder cancer
Lymphotoxin-alpha,P01374,1.062373663,0.890983584,0.92981901,Cytokine-cytokine receptor interaction; NF-kappa B signaling pathway; Type I diabetes mellitus; HTLV-I infection; Herpes simplex infection
Tumor necrosis factor,P01375,0.939734154,0.895104445,0.92981901,MAPK signaling pathway; Cytokine-cytokine receptor interaction; NF-kappa B signaling pathway; mTOR signaling pathway; Apoptosis; TGF-beta signaling pathway; Osteoclast differentiation; Antigen processing and presentation; Toll-like receptor signaling pathway; NOD-like receptor signaling pathway; RIG-I-like receptor signaling pathway; Hematopoietic cell lineage; Natural killer cell mediated cytotoxicity; T cell receptor signaling pathway; Fc epsilon RI signaling pathway; Adipocytokine signaling pathway; Type II diabetes mellitus; Type I diabetes mellitus; Alzheimer's disease; Amyotrophic lateral sclerosis (ALS); Pertussis; Legionellosis; Leishmaniasis; Chagas disease (American trypanosomiasis); African trypanosomiasis; Malaria; Toxoplasmosis; Amoebiasis; Tuberculosis; Hepatitis C; Hepatitis B; Influenza A; HTLV-I infection; Herpes simplex infection; Asthma; Systemic lupus erythematosus; Rheumatoid arthritis; Allograft rejection; Graft-versus-host disease; Hypertrophic cardiomyopathy (HCM); Dilated cardiomyopathy
Glyceraldehyde-3-phosphate dehydrogenase,P04406,1.012444804,0.903667118,0.92981901,Glycolysis / Gluconeogenesis; Metabolic pathways; HIF-1 signaling pathway; Alzheimer's disease
Interleukin-17A,Q16552,0.959860739,0.90498903,0.92981901,Cytokine-cytokine receptor interaction; Rheumatoid arthritis
Interleukin-12 subunit alpha/beta,"P29459, P29460",0.913373284,0.910035627,0.92981901,Cytokine-cytokine receptor interaction; Toll-like receptor signaling pathway; RIG-I-like receptor signaling pathway; Jak-STAT signaling pathway; Type I diabetes mellitus; Pertussis; Legionellosis; Leishmaniasis; Chagas disease (American trypanosomiasis); African trypanosomiasis; Malaria; Toxoplasmosis; Amoebiasis; Tuberculosis; Measles; Influenza A; Herpes simplex infection; Allograft rejection
Inter-alpha-trypsin inhibitor heavy chain H4,Q14624,1.040429278,0.92901364,0.939003034,0
Complement factor I,P05156,1.04731539,0.948070528,0.948070528,Complement and coagulation cascades; Staphylococcus aureus infection
