Protein name,Uniprot ID,Odds Ratio,P-value,FDR p-value,KEGG annotation
Fibronectin,P02751,0.626812229,0.058396194,0.982779513,PI3K-Akt signaling pathway; Focal adhesion; ECM-receptor interaction; Regulation of actin cytoskeleton; Bacterial invasion of epithelial cells; Amoebiasis; Pathways in cancer; Small cell lung cancer
Natriuretic peptides B,P16860,71.26862558,0.080195531,0.982779513,0
Prolactin,P01236,3.740552113,0.084410247,0.982779513,Cytokine-cytokine receptor interaction; Neuroactive ligand-receptor interaction; PI3K-Akt signaling pathway; Jak-STAT signaling pathway
Interleukin-8,P10145,463.7201923,0.091192903,0.982779513,Cytokine-cytokine receptor interaction; Chemokine signaling pathway; NF-kappa B signaling pathway; Toll-like receptor signaling pathway; NOD-like receptor signaling pathway; RIG-I-like receptor signaling pathway; Epithelial cell signaling in Helicobacter pylori infection; Shigellosis; Salmonella infection; Pertussis; Legionellosis; Chagas disease (American trypanosomiasis); Malaria; Amoebiasis; Hepatitis C; Hepatitis B; Influenza A; Pathways in cancer; Transcriptional misregulation in cancer; Bladder cancer; Rheumatoid arthritis
CD5 antigen-like,O43866,0.486065986,0.097390221,0.982779513,0
Alpha-1-antichymotrypsin,P01011,7.830721948,0.131664293,0.982779513,0
C-C motif chemokine 18,P55774,0.510689274,0.139410301,0.982779513,Cytokine-cytokine receptor interaction; Chemokine signaling pathway
Serum paraoxonase/arylesterase 1,P27169,0.034969956,0.140681469,0.982779513,Metabolic pathways
Interleukin-12 subunit alpha/beta,"P29459, P29460",108.2497249,0.151247914,0.982779513,Cytokine-cytokine receptor interaction; Toll-like receptor signaling pathway; RIG-I-like receptor signaling pathway; Jak-STAT signaling pathway; Type I diabetes mellitus; Pertussis; Legionellosis; Leishmaniasis; Chagas disease (American trypanosomiasis); African trypanosomiasis; Malaria; Toxoplasmosis; Amoebiasis; Tuberculosis; Measles; Influenza A; Herpes simplex infection; Allograft rejection
Resistin,Q9HD89,0.399329126,0.157711656,0.982779513,0
Tenascin,P24821,1.277970144,0.162623855,0.982779513,PI3K-Akt signaling pathway; Focal adhesion; ECM-receptor interaction
Lymphotoxin-alpha,P01374,0.106598937,0.19599175,0.982779513,Cytokine-cytokine receptor interaction; NF-kappa B signaling pathway; Type I diabetes mellitus; HTLV-I infection; Herpes simplex infection
Macrophage colony-stimulating factor 1,P09603,0.392881015,0.202902573,0.982779513,Cytokine-cytokine receptor interaction; PI3K-Akt signaling pathway; Osteoclast differentiation; Hematopoietic cell lineage; Rheumatoid arthritis
Hemoglobin subunit alpha/beta,"P69905, P68871",0.554872361,0.202971676,0.982779513,African trypanosomiasis; Malaria
Pancreatic prohormone,P01298,1.502497694,0.222837288,0.982779513,Neuroactive ligand-receptor interaction - Homo sap
Insulin-like growth factor-binding protein 6,P24592,0.399043293,0.229308183,0.982779513,0
Apolipoprotein A-I,P02647,0.282452937,0.237916236,0.982779513,PPAR signaling pathway; Fat digestion and absorption; Vitamin digestion and absorption; African trypanosomiasis
von Willebrand factor,P04275,0.549193339,0.2564568,0.982779513,PI3K-Akt signaling pathway; Focal adhesion; ECM-receptor interaction; Complement and coagulation cascades
C-C motif chemokine 3,P10147,3.400906336,0.261917409,0.982779513,Cytokine-cytokine receptor interaction; Chemokine signaling pathway; Toll-like receptor signaling pathway; Salmonella infection; Chagas disease (American trypanosomiasis); Rheumatoid arthritis
Antithrombin-III,P01008,9.011646027,0.265272687,0.982779513,Inherited thrombophilia
Histidine-rich glycoprotein,P04196,1.858754993,0.281536083,0.982779513,0
Complement C4-A/B,"P0C0L4, P0C0L5",0.714259092,0.283611955,0.982779513,Complement and coagulation cascades; Pertussis; Staphylococcus aureus infection; Systemic lupus erythematosus
Neutrophil gelatinase-associated lipocalin,P80188,0.507612215,0.288490392,0.982779513,0
Plasminogen,P00747,6.134709384,0.28929734,0.982779513,Neuroactive ligand-receptor interaction; Complement and coagulation cascades; Staphylococcus aureus infection; Influenza A
Complement factor H,P08603,0.21219053,0.294749647,0.982779513,Complement and coagulation cascades; Staphylococcus aureus infection
Interleukin-17A,Q16552,7.36332143,0.307982356,0.982779513,Cytokine-cytokine receptor interaction; Rheumatoid arthritis
Tumor necrosis factor,P01375,0.30633246,0.318063987,0.982779513,MAPK signaling pathway; Cytokine-cytokine receptor interaction; NF-kappa B signaling pathway; mTOR signaling pathway; Apoptosis; TGF-beta signaling pathway; Osteoclast differentiation; Antigen processing and presentation; Toll-like receptor signaling pathway; NOD-like receptor signaling pathway; RIG-I-like receptor signaling pathway; Hematopoietic cell lineage; Natural killer cell mediated cytotoxicity; T cell receptor signaling pathway; Fc epsilon RI signaling pathway; Adipocytokine signaling pathway; Type II diabetes mellitus; Type I diabetes mellitus; Alzheimer's disease; Amyotrophic lateral sclerosis (ALS); Pertussis; Legionellosis; Leishmaniasis; Chagas disease (American trypanosomiasis); African trypanosomiasis; Malaria; Toxoplasmosis; Amoebiasis; Tuberculosis; Hepatitis C; Hepatitis B; Influenza A; HTLV-I infection; Herpes simplex infection; Asthma; Systemic lupus erythematosus; Rheumatoid arthritis; Allograft rejection; Graft-versus-host disease; Hypertrophic cardiomyopathy (HCM); Dilated cardiomyopathy
CK-MB,"P12277, P06732",1.770172206,0.318423952,0.982779513,Arginine and proline metabolism; Metabolic pathways
C-X-C motif chemokine 10,P02778,3.459926948,0.320351326,0.982779513,Cytokine-cytokine receptor interaction; Chemokine signaling pathway; Toll-like receptor signaling pathway; RIG-I-like receptor signaling pathway; Cytosolic DNA-sensing pathway; Influenza A
Complement factor I,P05156,0.302861831,0.327946348,0.982779513,Complement and coagulation cascades; Staphylococcus aureus infection
Inter-alpha-trypsin inhibitor heavy chain H4,Q14624,2.156069215,0.329630513,0.982779513,0
Vascular cell adhesion protein 1,P19320,1.636934663,0.338083696,0.982779513,NF-kappa B signaling pathway;
Leptin,P41159,0.6523031,0.34878292,0.982779513,Cytokine-cytokine receptor interaction; Neuroactive ligand-receptor interaction; Jak-STAT signaling pathway; Adipocytokine signaling pathway
Histidine triad nucleotide-binding protein 1,P49773,0.118964506,0.360748897,0.982779513,0
Tumor necrosis factor receptor superfamily member 10D,Q9UBN6,2.704400855,0.368023437,0.982779513,Cytokine-cytokine receptor interaction; Apoptosis; Natural killer cell mediated cytotoxicity; Measles; Influenza A
Clusterin,P10909,5.082118097,0.368082927,0.982779513,0
Ig mu chain C region,P01871,0.756851203,0.375102398,0.982779513,0
Plasma serine protease inhibitor,P05154,1.503132716,0.377900183,0.982779513,Complement and coagulation cascades
cAMP-dependent protein kinase catalytic subunit alpha,P17612,1.23860634,0.383642149,0.982779513,MAPK signaling pathway; Calcium signaling pathway; Chemokine signaling pathway; Oocyte meiosis; Apoptosis; Vascular smooth muscle contraction; Wnt signaling pathway; Hedgehog signaling pathway; Gap junction; Circadian entrainment; Long-term potentiation; Retrograde endocannabinoid signaling; Glutamatergic synapse; Cholinergic synapse; Serotonergic synapse; GABAergic synapse; Dopaminergic synapse; Olfactory transduction; Taste transduction; Insulin signaling pathway; GnRH signaling pathway; Progesterone-mediated oocyte maturation; Melanogenesis; Endocrine and other factor-regulated calcium reabsorption; Vasopressin-regulated water reabsorption; Salivary secretion; Gastric acid secretion; Bile secretion; Prion diseases; Cocaine addiction; Amphetamine addiction; Morphine addiction; Alcoholism; Vibrio cholerae infection; Amoebiasis; HTLV-I infection; Epstein-Barr virus infection; Viral carcinogenesis; Dilated cardiomyopathy
Apolipoprotein E,P02649,0.720618339,0.415154364,0.982779513,Alzheimer's disease
Complement C2,P06681,2.338780337,0.42061517,0.982779513,Complement and coagulation cascades; Pertussis; Staphylococcus aureus infection; Systemic lupus erythematosus
Angiopoietin-2,O15123,1.451847633,0.423743826,0.982779513,HIF-1 signaling pathway; PI3K-Akt signaling pathway
Complement C5,P01031,0.260711277,0.429956499,0.982779513,Complement and coagulation cascades; Prion diseases; Pertussis; Staphylococcus aureus infection; Herpes simplex infection; Systemic lupus erythematosus
Complement component C8 alpha/beta/gamma chain,"P07357, P07358, P07360",1.596079723,0.431417136,0.982779513,Complement and coagulation cascades; Prion diseases; Amoebiasis; Systemic lupus erythematosus
Tumor necrosis factor ligand superfamily member 6,P48023,1.601674792,0.469310342,0.982779513,MAPK signaling pathway; Cytokine-cytokine receptor interaction; PI3K-Akt signaling pathway; Apoptosis; Natural killer cell mediated cytotoxicity; Neurotrophin signaling pathway; Type I diabetes mellitus; Chagas disease (American trypanosomiasis); African trypanosomiasis; Hepatitis B; Measles; Influenza A; Herpes simplex infection; Pathways in cancer; Autoimmune thyroid disease; Allograft rejection; Graft-versus-host disease
Serum amyloid P-component,P02743,0.550644866,0.4803932,0.982779513,0
Alpha-1-antitrypsin,P01009,0.53382083,0.485731992,0.982779513,Complement and coagulation cascades
Complement factor B,P00751,0.487621639,0.49060426,0.982779513,Complement and coagulation cascades; Staphylococcus aureus infection
C-C motif chemokine 7,P80098,2.88700037,0.494908423,0.982779513,Cytokine-cytokine receptor interaction; Chemokine signaling pathway
Plasma protease C1 inhibitor,P05155,0.711180276,0.50140121,0.982779513,Complement and coagulation cascades;
72 kDa type IV collagenase,P08253,2.176757302,0.503691787,0.982779513,Leukocyte transendothelial migration; GnRH signaling pathway; Pathways in cancer; Bladder cancer
Matrix metalloproteinase-9,P14780,0.835875198,0.528121376,0.982779513,Leukocyte transendothelial migration; Hepatitis B; Pathways in cancer; Transcriptional misregulation in cancer; Bladder cancer
Apolipoprotein B-100,P04114,0.819957701,0.52885428,0.982779513,Fat digestion and absorption; Vitamin digestion and absorption
Glial cell line-derived neurotrophic factor,P39905,0.396392797,0.529014651,0.982779513,Hirschsprung disease (HD); Congenital central hypoventilation syndrome (CCHS)
Gelsolin,P06396,1.603855335,0.553120879,0.982779513,Fc gamma R-mediated phagocytosis; Regulation of actin cytoskeleton; Viral carcinogenesis
Annexin A1,P04083,0.759690112,0.557686049,0.982779513,0
Complement component C6,P13671,1.847133894,0.608032799,0.982779513,Complement and coagulation cascades; Prion diseases; Systemic lupus erythematosus
C-reactive protein,P02741,0.927796268,0.615941352,0.982779513,0
E-selectin,P16581,0.780732168,0.625117742,0.982779513,Cell adhesion molecules (CAMs); African trypanosomiasis; Malaria
Cystatin-C,P01034,0.609566335,0.631878239,0.982779513,Macular degeneration; Cerebral amyloid angiopathy (CAA)
Complement C3,P01024,0.768164344,0.632354404,0.982779513,Phagosome; Complement and coagulation cascades; Pertussis; Legionellosis; Leishmaniasis; Chagas disease (American trypanosomiasis); Staphylococcus aureus infection; Tuberculosis; Herpes simplex infection; Viral carcinogenesis; Systemic lupus erythematosus
Lysozyme C,P61626,0.73827914,0.654235935,0.982779513,Salivary secretion
Vitamin K-dependent protein S,P07225,0.630521385,0.664227293,0.982779513,Complement and coagulation cascades
Mitogen-activated protein kinase 1,P28482,1.129641458,0.674720316,0.982779513,MAPK signaling pathway; ErbB signaling pathway; Chemokine signaling pathway; HIF-1 signaling pathway; Oocyte meiosis; mTOR signaling pathway; PI3K-Akt signaling pathway; Vascular smooth muscle contraction; Dorso-ventral axis formation; TGF-beta signaling pathway; Axon guidance; VEGF signaling pathway; Osteoclast differentiation; Focal adhesion; Adherens junction; Gap junction; Toll-like receptor signaling pathway; NOD-like receptor signaling pathway; Natural killer cell mediated cytotoxicity; T cell receptor signaling pathway; B cell receptor signaling pathway; Fc epsilon RI signaling pathway; Fc gamma R-mediated phagocytosis; Circadian entrainment; Long-term potentiation; Neurotrophin signaling pathway; Retrograde endocannabinoid signaling; Glutamatergic synapse; Cholinergic synapse; Serotonergic synapse; Long-term depression; Regulation of actin cytoskeleton; Insulin signaling pathway; GnRH signaling pathway; Progesterone-mediated oocyte maturation; Melanogenesis; Type II diabetes mellitus; Aldosterone-regulated sodium reabsorption; Alzheimer's disease; Prion diseases; Alcoholism; Shigellosis; Salmonella infection; Pertussis; Leishmaniasis; Chagas disease (American trypanosomiasis); Toxoplasmosis; Tuberculosis; Hepatitis C; Hepatitis B; Influenza A; Pathways in cancer; Viral carcinogenesis; Colorectal cancer; Renal cell carcinoma; Pancreatic cancer; Endometrial cancer; Glioma; Prostate cancer; Thyroid cancer; Melanoma; Bladder cancer; Chronic myeloid leukemia; Acute myeloid leukemia; Non-small cell lung cancer
Intercellular adhesion molecule 1,P05362,0.853436078,0.686574863,0.982779513,NF-kappa B signaling pathway; Cell adhesion molecules (CAMs); Natural killer cell mediated cytotoxicity; Leukocyte transendothelial migration; African trypanosomiasis; Malaria; Staphylococcus aureus infection; Influenza A; HTLV-I infection; Epstein-Barr virus infection; Rheumatoid arthritis; Viral myocarditis
C-C motif chemokine 5,P13501,1.235136208,0.704184742,0.982779513,Cytokine-cytokine receptor interaction; Chemokine signaling pathway; Toll-like receptor signaling pathway; NOD-like receptor signaling pathway; Cytosolic DNA-sensing pathway; Prion diseases; Epithelial cell signaling in Helicobacter pylori infection; Chagas disease (American trypanosomiasis); Influenza A; Herpes simplex infection; Rheumatoid arthritis
Glyceraldehyde-3-phosphate dehydrogenase,P04406,0.925737103,0.716190239,0.982779513,Glycolysis / Gluconeogenesis; Metabolic pathways; HIF-1 signaling pathway; Alzheimer's disease
Myeloperoxidase,P05164,0.874623682,0.717692125,0.982779513,Phagosome; Transcriptional misregulation in cancer
Serotransferrin,P02787,1.463610239,0.73435902,0.982779513,HIF-1 signaling pathway; Mineral absorption
Haptoglobin,P00738,0.817379475,0.737772696,0.982779513,0
Interleukin-1 alpha,P01583,0.76066235,0.748751572,0.982779513,MAPK signaling pathway; Cytokine-cytokine receptor interaction; Apoptosis; Osteoclast differentiation; Hematopoietic cell lineage; Type I diabetes mellitus; Prion diseases; Salmonella infection; Pertussis; Leishmaniasis; Tuberculosis; Measles; Influenza A; Rheumatoid arthritis; Graft-versus-host disease
Serum albumin,P02768,0.739293622,0.758155636,0.982779513,0
Complement C1s subcomponent,P09871,0.633426468,0.759171015,0.982779513,Complement and coagulation cascades; Pertussis; Staphylococcus aureus infection; Systemic lupus erythematosus
Epidermal growth factor receptor,P00533,1.506682741,0.763411501,0.982779513,MAPK signaling pathway; ErbB signaling pathway; Calcium signaling pathway; Cytokine-cytokine receptor interaction; HIF-1 signaling pathway; Endocytosis; PI3K-Akt signaling pathway; Dorso-ventral axis formation; Focal adhesion; Adherens junction; Gap junction; Regulation of actin cytoskeleton; GnRH signaling pathway; Epithelial cell signaling in Helicobacter pylori infection; Hepatitis C; Pathways in cancer; Pancreatic cancer; Endometrial cancer; Glioma; Prostate cancer; Melanoma; Bladder cancer; Non-small cell lung cancer
Corticosteroid-binding globulin,P08185,1.230194082,0.768252501,0.982779513,0
Interstitial collagenase,P03956,1.075290788,0.788703656,0.982779513,PPAR signaling pathway; Pathways in cancer; Bladder cancer; Rheumatoid arthritis
Fibrinogen alpha/beta/gamma chain,"P02671, P02675, P02679",1.486569611,0.792452366,0.982779513,[ALL - Complement and coagulation cascades][JUST GAMMA - Staphylococcus aureus infection]
Ig mu chain C region,P01871,1.066883208,0.811672187,0.983893634,0
Hemopexin,P02790,1.053939353,0.833954342,0.983893634,0
Immunoglobulin E,P01854,1.026406474,0.834679602,0.983893634,0
Interleukin-13,P35225,1.362154944,0.836138367,0.983893634,Cytokine-cytokine receptor interaction; Jak-STAT signaling pathway; Fc epsilon RI signaling pathway; Measles; Asthma
Beta-2-microglobulin,P61769,0.872483655,0.844223977,0.985377876,Antigen processing and presentation
Fibrinogen gamma chain,P02679,1.317966142,0.853440899,0.985816951,Complement and coagulation cascades; Staphylococcus aureus infection
Platelet-derived growth factor subunit B,P01127,1.047205982,0.866066058,0.985816951,MAPK signaling pathway; Cytokine-cytokine receptor interaction; PI3K-Akt signaling pathway; Focal adhesion; Gap junction; Regulation of actin cytoskeleton; HTLV-I infection; Pathways in cancer; Transcriptional misregulation in cancer; Renal cell carcinoma; Glioma; Prostate cancer; Melanoma
Interleukin-10,P22301,1.216342627,0.875403294,0.985816951,Cytokine-cytokine receptor interaction; Jak-STAT signaling pathway; T cell receptor signaling pathway; Intestinal immune network for IgA production; Pertussis; Leishmaniasis; Chagas disease (American trypanosomiasis); African trypanosomiasis; Malaria; Toxoplasmosis; Amoebiasis; Staphylococcus aureus infection; Tuberculosis; Epstein-Barr virus infection; Asthma; Autoimmune thyroid disease; Systemic lupus erythematosus; Allograft rejection
Tumor necrosis factor receptor superfamily member 1B,P20333,0.895940081,0.878782619,0.985816951,Cytokine-cytokine receptor interaction; Adipocytokine signaling pathway; Amyotrophic lateral sclerosis (ALS)
Granulocyte colony-stimulating factor,P09919,0.96544054,0.894882599,0.988402521,Cytokine-cytokine receptor interaction; PI3K-Akt signaling pathway; Jak-STAT signaling pathway; Hematopoietic cell lineage; Malaria
Metalloproteinase inhibitor 1,P01033,1.130270621,0.907361188,0.988402521,HIF-1 signaling pathway
C-C motif chemokine 15,Q16663,1.045177194,0.938311525,0.998028596,Cytokine-cytokine receptor interaction; Chemokine signaling pathway
Interleukin-11,P20809,0.905698516,0.939119913,0.998028596,Cytokine-cytokine receptor interaction; Jak-STAT signaling pathway; Hematopoietic cell lineage; Rheumatoid arthritis
Interleukin-3,P08700,1.054109216,0.956504412,0.999233043,Cytokine-cytokine receptor interaction; PI3K-Akt signaling pathway; Apoptosis; Jak-STAT signaling pathway; Hematopoietic cell lineage; Fc epsilon RI signaling pathway; Transcriptional misregulation in cancer; Asthma
Insulin-like growth factor-binding protein 2,P18065,1.014462402,0.97407304,0.999233043,0
Superoxide dismutase [Cu-Zn],P00441,1.044694364,0.974166767,0.999233043,Peroxisome; Amyotrophic lateral sclerosis (ALS); Huntington's disease; Prion diseases
Alpha-2-macroglobulin,P01023,0.996927803,0.996823854,0.999233043,Complement and coagulation cascades
