Protein name,Uniprot ID,Partial SRC,P-value,FDR p-value,KEGG annotation
Pancreatic prohormone,P01298,-0.199,9.96E-04,9.36E-02,Neuroactive ligand-receptor interaction - Homo sap
Complement C4-A/B,"P0C0L4, P0C0L5",0.178,3.38E-03,1.59E-01,Complement and coagulation cascades; Pertussis; Staphylococcus aureus infection; Systemic lupus erythematosus
Granulocyte colony-stimulating factor,P09919,-0.166,6.33E-03,1.98E-01,Cytokine-cytokine receptor interaction; PI3K-Akt signaling pathway; Jak-STAT signaling pathway; Hematopoietic cell lineage; Malaria
Complement component C6,P13671,-0.157,9.96E-03,2.34E-01,Complement and coagulation cascades; Prion diseases; Systemic lupus erythematosus
Hemoglobin subunit alpha/beta,"P69905, P68871",-0.143,1.90E-02,3.23E-01,African trypanosomiasis; Malaria
C-C motif chemokine 18,P55774,-0.141,2.06E-02,3.23E-01,Cytokine-cytokine receptor interaction; Chemokine signaling pathway
Matrix metalloproteinase-9,P14780,-0.122,4.53E-02,5.07E-01,Leukocyte transendothelial migration; Hepatitis B; Pathways in cancer; Transcriptional misregulation in cancer; Bladder cancer
Gelsolin,P06396,0.121,4.73E-02,5.07E-01,Fc gamma R-mediated phagocytosis; Regulation of actin cytoskeleton; Viral carcinogenesis
Complement C3,P01024,0.120,5.01E-02,5.07E-01,Phagosome; Complement and coagulation cascades; Pertussis; Legionellosis; Leishmaniasis; Chagas disease (American trypanosomiasis); Staphylococcus aureus infection; Tuberculosis; Herpes simplex infection; Viral carcinogenesis; Systemic lupus erythematosus
Fibronectin,P02751,0.116,5.80E-02,5.07E-01,PI3K-Akt signaling pathway; Focal adhesion; ECM-receptor interaction; Regulation of actin cytoskeleton; Bacterial invasion of epithelial cells; Amoebiasis; Pathways in cancer; Small cell lung cancer
Interleukin-10,P22301,-0.108,7.86E-02,5.07E-01,Cytokine-cytokine receptor interaction; Jak-STAT signaling pathway; T cell receptor signaling pathway; Intestinal immune network for IgA production; Pertussis; Leishmaniasis; Chagas disease (American trypanosomiasis); African trypanosomiasis; Malaria; Toxoplasmosis; Amoebiasis; Staphylococcus aureus infection; Tuberculosis; Epstein-Barr virus infection; Asthma; Autoimmune thyroid disease; Systemic lupus erythematosus; Allograft rejection
Apolipoprotein B-100,P04114,-0.107,7.93E-02,5.07E-01,Fat digestion and absorption; Vitamin digestion and absorption
72 kDa type IV collagenase,P08253,0.107,8.00E-02,5.07E-01,Leukocyte transendothelial migration; GnRH signaling pathway; Pathways in cancer; Bladder cancer
Superoxide dismutase [Cu-Zn],P00441,-0.105,8.49E-02,5.07E-01,Peroxisome; Amyotrophic lateral sclerosis (ALS); Huntington's disease; Prion diseases
Vitamin K-dependent protein S,P07225,-0.105,8.51E-02,5.07E-01,Complement and coagulation cascades
Interleukin-8,P10145,-0.104,9.06E-02,5.07E-01,Cytokine-cytokine receptor interaction; Chemokine signaling pathway; NF-kappa B signaling pathway; Toll-like receptor signaling pathway; NOD-like receptor signaling pathway; RIG-I-like receptor signaling pathway; Epithelial cell signaling in Helicobacter pylori infection; Shigellosis; Salmonella infection; Pertussis; Legionellosis; Chagas disease (American trypanosomiasis); Malaria; Amoebiasis; Hepatitis C; Hepatitis B; Influenza A; Pathways in cancer; Transcriptional misregulation in cancer; Bladder cancer; Rheumatoid arthritis
Complement C2,P06681,-0.102,9.51E-02,5.07E-01,Complement and coagulation cascades; Pertussis; Staphylococcus aureus infection; Systemic lupus erythematosus
Apolipoprotein E,P02649,-0.102,9.71E-02,5.07E-01,Alzheimer's disease
Alpha-1-antitrypsin,P01009,-0.100,1.04E-01,5.15E-01,Complement and coagulation cascades
Immunoglobulin E,P01854,-0.097,1.13E-01,5.33E-01,0
cAMP-dependent protein kinase catalytic subunit alpha,P17612,0.089,1.46E-01,6.51E-01,MAPK signaling pathway; Calcium signaling pathway; Chemokine signaling pathway; Oocyte meiosis; Apoptosis; Vascular smooth muscle contraction; Wnt signaling pathway; Hedgehog signaling pathway; Gap junction; Circadian entrainment; Long-term potentiation; Retrograde endocannabinoid signaling; Glutamatergic synapse; Cholinergic synapse; Serotonergic synapse; GABAergic synapse; Dopaminergic synapse; Olfactory transduction; Taste transduction; Insulin signaling pathway; GnRH signaling pathway; Progesterone-mediated oocyte maturation; Melanogenesis; Endocrine and other factor-regulated calcium reabsorption; Vasopressin-regulated water reabsorption; Salivary secretion; Gastric acid secretion; Bile secretion; Prion diseases; Cocaine addiction; Amphetamine addiction; Morphine addiction; Alcoholism; Vibrio cholerae infection; Amoebiasis; HTLV-I infection; Epstein-Barr virus infection; Viral carcinogenesis; Dilated cardiomyopathy
Mitogen-activated protein kinase 1,P28482,0.087,1.57E-01,6.66E-01,MAPK signaling pathway; ErbB signaling pathway; Chemokine signaling pathway; HIF-1 signaling pathway; Oocyte meiosis; mTOR signaling pathway; PI3K-Akt signaling pathway; Vascular smooth muscle contraction; Dorso-ventral axis formation; TGF-beta signaling pathway; Axon guidance; VEGF signaling pathway; Osteoclast differentiation; Focal adhesion; Adherens junction; Gap junction; Toll-like receptor signaling pathway; NOD-like receptor signaling pathway; Natural killer cell mediated cytotoxicity; T cell receptor signaling pathway; B cell receptor signaling pathway; Fc epsilon RI signaling pathway; Fc gamma R-mediated phagocytosis; Circadian entrainment; Long-term potentiation; Neurotrophin signaling pathway; Retrograde endocannabinoid signaling; Glutamatergic synapse; Cholinergic synapse; Serotonergic synapse; Long-term depression; Regulation of actin cytoskeleton; Insulin signaling pathway; GnRH signaling pathway; Progesterone-mediated oocyte maturation; Melanogenesis; Type II diabetes mellitus; Aldosterone-regulated sodium reabsorption; Alzheimer's disease; Prion diseases; Alcoholism; Shigellosis; Salmonella infection; Pertussis; Leishmaniasis; Chagas disease (American trypanosomiasis); Toxoplasmosis; Tuberculosis; Hepatitis C; Hepatitis B; Influenza A; Pathways in cancer; Viral carcinogenesis; Colorectal cancer; Renal cell carcinoma; Pancreatic cancer; Endometrial cancer; Glioma; Prostate cancer; Thyroid cancer; Melanoma; Bladder cancer; Chronic myeloid leukemia; Acute myeloid leukemia; Non-small cell lung cancer
Lymphotoxin-alpha,P01374,-0.086,1.63E-01,6.66E-01,Cytokine-cytokine receptor interaction; NF-kappa B signaling pathway; Type I diabetes mellitus; HTLV-I infection; Herpes simplex infection
Insulin-like growth factor-binding protein 2,P18065,-0.084,1.71E-01,6.69E-01,0
Corticosteroid-binding globulin,P08185,0.079,2.00E-01,6.95E-01,0
Neutrophil gelatinase-associated lipocalin,P80188,-0.079,2.00E-01,6.95E-01,0
Plasminogen,P00747,0.078,2.02E-01,6.95E-01,Neuroactive ligand-receptor interaction; Complement and coagulation cascades; Staphylococcus aureus infection; Influenza A
Epidermal growth factor receptor,P00533,0.077,2.11E-01,6.95E-01,MAPK signaling pathway; ErbB signaling pathway; Calcium signaling pathway; Cytokine-cytokine receptor interaction; HIF-1 signaling pathway; Endocytosis; PI3K-Akt signaling pathway; Dorso-ventral axis formation; Focal adhesion; Adherens junction; Gap junction; Regulation of actin cytoskeleton; GnRH signaling pathway; Epithelial cell signaling in Helicobacter pylori infection; Hepatitis C; Pathways in cancer; Pancreatic cancer; Endometrial cancer; Glioma; Prostate cancer; Melanoma; Bladder cancer; Non-small cell lung cancer
Hemopexin,P02790,-0.075,2.20E-01,6.95E-01,0
Plasma protease C1 inhibitor,P05155,-0.075,2.24E-01,6.95E-01,Complement and coagulation cascades;
C-C motif chemokine 7,P80098,-0.074,2.29E-01,6.95E-01,Cytokine-cytokine receptor interaction; Chemokine signaling pathway
Vascular cell adhesion protein 1,P19320,0.070,2.52E-01,7.39E-01,NF-kappa B signaling pathway;
Complement C5,P01031,-0.065,2.92E-01,8.31E-01,Complement and coagulation cascades; Prion diseases; Pertussis; Staphylococcus aureus infection; Herpes simplex infection; Systemic lupus erythematosus
Tumor necrosis factor receptor superfamily member 1B,P20333,-0.063,3.06E-01,8.33E-01,Cytokine-cytokine receptor interaction; Adipocytokine signaling pathway; Amyotrophic lateral sclerosis (ALS)
Leptin,P41159,0.062,3.10E-01,8.33E-01,Cytokine-cytokine receptor interaction; Neuroactive ligand-receptor interaction; Jak-STAT signaling pathway; Adipocytokine signaling pathway
C-reactive protein,P02741,-0.060,3.29E-01,8.37E-01,0
von Willebrand factor,P04275,0.060,3.29E-01,8.37E-01,PI3K-Akt signaling pathway; Focal adhesion; ECM-receptor interaction; Complement and coagulation cascades
C-X-C motif chemokine 10,P02778,0.057,3.54E-01,8.48E-01,Cytokine-cytokine receptor interaction; Chemokine signaling pathway; Toll-like receptor signaling pathway; RIG-I-like receptor signaling pathway; Cytosolic DNA-sensing pathway; Influenza A
Inter-alpha-trypsin inhibitor heavy chain H4,Q14624,-0.056,3.61E-01,8.48E-01,0
Glial cell line-derived neurotrophic factor,P39905,0.056,3.62E-01,8.48E-01,Hirschsprung disease (HD); Congenital central hypoventilation syndrome (CCHS)
Complement factor H,P08603,-0.052,3.93E-01,8.48E-01,Complement and coagulation cascades; Staphylococcus aureus infection
CD5 antigen-like,O43866,-0.052,3.99E-01,8.48E-01,0
Fibrinogen gamma chain,P02679,0.051,4.08E-01,8.48E-01,Complement and coagulation cascades; Staphylococcus aureus infection
Serotransferrin,P02787,0.051,4.10E-01,8.48E-01,HIF-1 signaling pathway; Mineral absorption
Serum amyloid P-component,P02743,-0.051,4.11E-01,8.48E-01,0
Cystatin-C,P01034,-0.049,4.27E-01,8.48E-01,Macular degeneration; Cerebral amyloid angiopathy (CAA)
C-C motif chemokine 3,P10147,-0.048,4.33E-01,8.48E-01,Cytokine-cytokine receptor interaction; Chemokine signaling pathway; Toll-like receptor signaling pathway; Salmonella infection; Chagas disease (American trypanosomiasis); Rheumatoid arthritis
Clusterin,P10909,-0.048,4.39E-01,8.48E-01,0
Apolipoprotein A-I,P02647,0.047,4.42E-01,8.48E-01,PPAR signaling pathway; Fat digestion and absorption; Vitamin digestion and absorption; African trypanosomiasis
Interleukin-12 subunit alpha/beta,"P29459, P29460",-0.042,4.91E-01,8.66E-01,Cytokine-cytokine receptor interaction; Toll-like receptor signaling pathway; RIG-I-like receptor signaling pathway; Jak-STAT signaling pathway; Type I diabetes mellitus; Pertussis; Legionellosis; Leishmaniasis; Chagas disease (American trypanosomiasis); African trypanosomiasis; Malaria; Toxoplasmosis; Amoebiasis; Tuberculosis; Measles; Influenza A; Herpes simplex infection; Allograft rejection
Angiopoietin-2,O15123,-0.042,4.95E-01,8.66E-01,HIF-1 signaling pathway; PI3K-Akt signaling pathway
Metalloproteinase inhibitor 1,P01033,-0.042,4.99E-01,8.66E-01,HIF-1 signaling pathway
Alpha-2-macroglobulin,P01023,0.042,4.99E-01,8.66E-01,Complement and coagulation cascades
Annexin A1,P04083,-0.040,5.13E-01,8.66E-01,0
Complement C1s subcomponent,P09871,-0.040,5.17E-01,8.66E-01,Complement and coagulation cascades; Pertussis; Staphylococcus aureus infection; Systemic lupus erythematosus
C-C motif chemokine 5,P13501,0.040,5.20E-01,8.66E-01,Cytokine-cytokine receptor interaction; Chemokine signaling pathway; Toll-like receptor signaling pathway; NOD-like receptor signaling pathway; Cytosolic DNA-sensing pathway; Prion diseases; Epithelial cell signaling in Helicobacter pylori infection; Chagas disease (American trypanosomiasis); Influenza A; Herpes simplex infection; Rheumatoid arthritis
Natriuretic peptides B,P16860,-0.039,5.25E-01,8.66E-01,0
Ig gamma-1 chain C region,P01857,-0.037,5.43E-01,8.80E-01,0
Serum paraoxonase/arylesterase 1,P27169,0.034,5.77E-01,8.80E-01,Metabolic pathways
Macrophage colony-stimulating factor 1,P09603,0.033,5.93E-01,8.80E-01,Cytokine-cytokine receptor interaction; PI3K-Akt signaling pathway; Osteoclast differentiation; Hematopoietic cell lineage; Rheumatoid arthritis
Platelet-derived growth factor subunit B,P01127,0.033,5.94E-01,8.80E-01,MAPK signaling pathway; Cytokine-cytokine receptor interaction; PI3K-Akt signaling pathway; Focal adhesion; Gap junction; Regulation of actin cytoskeleton; HTLV-I infection; Pathways in cancer; Transcriptional misregulation in cancer; Renal cell carcinoma; Glioma; Prostate cancer; Melanoma
Tumor necrosis factor ligand superfamily member 6,P48023,-0.031,6.14E-01,8.80E-01,MAPK signaling pathway; Cytokine-cytokine receptor interaction; PI3K-Akt signaling pathway; Apoptosis; Natural killer cell mediated cytotoxicity; Neurotrophin signaling pathway; Type I diabetes mellitus; Chagas disease (American trypanosomiasis); African trypanosomiasis; Hepatitis B; Measles; Influenza A; Herpes simplex infection; Pathways in cancer; Autoimmune thyroid disease; Allograft rejection; Graft-versus-host disease
Fibrinogen alpha/beta/gamma chain,"P02671, P02675, P02679",0.031,6.14E-01,8.80E-01,[ALL - Complement and coagulation cascades][JUST GAMMA - Staphylococcus aureus infection]
Interleukin-13,P35225,0.030,6.21E-01,8.80E-01,Cytokine-cytokine receptor interaction; Jak-STAT signaling pathway; Fc epsilon RI signaling pathway; Measles; Asthma
Myeloperoxidase,P05164,-0.030,6.26E-01,8.80E-01,Phagosome; Transcriptional misregulation in cancer
Interleukin-3,P08700,0.029,6.33E-01,8.80E-01,Cytokine-cytokine receptor interaction; PI3K-Akt signaling pathway; Apoptosis; Jak-STAT signaling pathway; Hematopoietic cell lineage; Fc epsilon RI signaling pathway; Transcriptional misregulation in cancer; Asthma
Serum albumin,P02768,0.029,6.35E-01,8.80E-01,0
Antithrombin-III,P01008,-0.029,6.37E-01,8.80E-01,Inherited thrombophilia
Tumor necrosis factor receptor superfamily member 10D,Q9UBN6,-0.027,6.66E-01,8.98E-01,Cytokine-cytokine receptor interaction; Apoptosis; Natural killer cell mediated cytotoxicity; Measles; Influenza A
Resistin,Q9HD89,-0.026,6.69E-01,8.98E-01,0
Interleukin-1 alpha,P01583,-0.025,6.86E-01,9.08E-01,MAPK signaling pathway; Cytokine-cytokine receptor interaction; Apoptosis; Osteoclast differentiation; Hematopoietic cell lineage; Type I diabetes mellitus; Prion diseases; Salmonella infection; Pertussis; Leishmaniasis; Tuberculosis; Measles; Influenza A; Rheumatoid arthritis; Graft-versus-host disease
Prolactin,P01236,0.023,7.10E-01,9.11E-01,Cytokine-cytokine receptor interaction; Neuroactive ligand-receptor interaction; PI3K-Akt signaling pathway; Jak-STAT signaling pathway
Tumor necrosis factor,P01375,0.023,7.10E-01,9.11E-01,MAPK signaling pathway; Cytokine-cytokine receptor interaction; NF-kappa B signaling pathway; mTOR signaling pathway; Apoptosis; TGF-beta signaling pathway; Osteoclast differentiation; Antigen processing and presentation; Toll-like receptor signaling pathway; NOD-like receptor signaling pathway; RIG-I-like receptor signaling pathway; Hematopoietic cell lineage; Natural killer cell mediated cytotoxicity; T cell receptor signaling pathway; Fc epsilon RI signaling pathway; Adipocytokine signaling pathway; Type II diabetes mellitus; Type I diabetes mellitus; Alzheimer's disease; Amyotrophic lateral sclerosis (ALS); Pertussis; Legionellosis; Leishmaniasis; Chagas disease (American trypanosomiasis); African trypanosomiasis; Malaria; Toxoplasmosis; Amoebiasis; Tuberculosis; Hepatitis C; Hepatitis B; Influenza A; HTLV-I infection; Herpes simplex infection; Asthma; Systemic lupus erythematosus; Rheumatoid arthritis; Allograft rejection; Graft-versus-host disease; Hypertrophic cardiomyopathy (HCM); Dilated cardiomyopathy
Complement factor I,P05156,0.022,7.24E-01,9.11E-01,Complement and coagulation cascades; Staphylococcus aureus infection
Ig mu chain C region,P01871,-0.021,7.30E-01,9.11E-01,0
Interleukin-11,P20809,-0.020,7.42E-01,9.11E-01,Cytokine-cytokine receptor interaction; Jak-STAT signaling pathway; Hematopoietic cell lineage; Rheumatoid arthritis
E-selectin,P16581,0.020,7.46E-01,9.11E-01,Cell adhesion molecules (CAMs); African trypanosomiasis; Malaria
Insulin-like growth factor-binding protein 6,P24592,0.018,7.69E-01,9.19E-01,0
Histidine triad nucleotide-binding protein 1,P49773,0.018,7.75E-01,9.19E-01,0
Haptoglobin,P00738,-0.017,7.82E-01,9.19E-01,0
Tenascin,P24821,-0.016,7.97E-01,9.25E-01,PI3K-Akt signaling pathway; Focal adhesion; ECM-receptor interaction
C-C motif chemokine 15,Q16663,-0.014,8.20E-01,9.40E-01,Cytokine-cytokine receptor interaction; Chemokine signaling pathway
Interleukin-17A,Q16552,-0.012,8.39E-01,9.50E-01,Cytokine-cytokine receptor interaction; Rheumatoid arthritis
Histidine-rich glycoprotein,P04196,-0.011,8.55E-01,9.52E-01,0
Alpha-1-antichymotrypsin,P01011,-0.010,8.68E-01,9.52E-01,0
Complement component C8 alpha/beta/gamma chain,"P07357, P07358, P07360",-0.010,8.71E-01,9.52E-01,Complement and coagulation cascades; Prion diseases; Amoebiasis; Systemic lupus erythematosus
Lysozyme C,P61626,-0.007,9.05E-01,9.78E-01,Salivary secretion
Complement factor B,P00751,-0.005,9.36E-01,9.87E-01,Complement and coagulation cascades; Staphylococcus aureus infection
Interstitial collagenase,P03956,0.005,9.39E-01,9.87E-01,PPAR signaling pathway; Pathways in cancer; Bladder cancer; Rheumatoid arthritis
Intercellular adhesion molecule 1,P05362,0.004,9.45E-01,9.87E-01,NF-kappa B signaling pathway; Cell adhesion molecules (CAMs); Natural killer cell mediated cytotoxicity; Leukocyte transendothelial migration; African trypanosomiasis; Malaria; Staphylococcus aureus infection; Influenza A; HTLV-I infection; Epstein-Barr virus infection; Rheumatoid arthritis; Viral myocarditis
Plasma serine protease inhibitor,P05154,0.003,9.57E-01,9.87E-01,Complement and coagulation cascades
Glyceraldehyde-3-phosphate dehydrogenase,P04406,0.002,9.78E-01,9.87E-01,Glycolysis / Gluconeogenesis; Metabolic pathways; HIF-1 signaling pathway; Alzheimer's disease
CK-MB,"P12277, P06732",0.002,9.79E-01,9.87E-01,Arginine and proline metabolism; Metabolic pathways
Beta-2-microglobulin,P61769,0.001,9.87E-01,9.87E-01,Antigen processing and presentation
