Protein,Uniprot,Gene,B (SE),p
Chordin-like protein 1,Q9BU40,CHRDL1,0.012 (0.001),1.9E-33
Coiled-coil domain-containing protein 80,Q76M96,CCDC80,0.007 (0.001),5.1E-29
Pleiotrophin,P21246,PTN,0.007 (0.001),1.2E-24
Follistatin-related protein 3*,O95633,FSTL3,0.007 (0.0006),3.1E-32
Metalloproteinase inhibitor 1,P01033,TIMP1,0.004 (0.0004),4.4E-23
Macrophage metalloelastase,P39900,MMP12,0.004 (0.0004),2.8E-18
Cystatin-C*,P01034,CST3,0.004 (0.0004),5.6E-26
Insulin-like growth factor-binding protein 6,P24592,IGFBP6,0.004 (0.001),9.9E-13
Receptor tyrosine kinase-like orphan receptor,Q01973,ROR1,0.004 (0.001),1.9E-11
Thrombospondin-4,P35443,THBS4,0.003 (0.001),0.00025
Hepatitis A virus cellular receptor 2*,Q8TDQ0,HAVCR2,NA,NA
A disintegrin and metalloproteinase with thrombospondin motifs 5,Q9UNA0,ADAMTS5,0.0004 (0.0003),0.21
Tumor necrosis factor receptor superfamily member 27,Q9HAV5,EDA2R,-0.0000005,0.25
