Protein,Uniprot,Gene,B (SE),p
Chordin-like protein 1,Q9BU40,CHRDL1,0.014 (0.002),2.30E-12
Coiled-coil domain-containing protein 80,Q76M96,CCDC80,0.015 (0.002),1.70E-09
Pleiotrophin,P21246,PTN,0.018 (0.002),3.60E-15
Follistatin-related protein 3*,O95633,FSTL3,0.011 (0.002),0.000036
Metalloproteinase inhibitor 1,P01033,TIMP1,0.009 (0.002),0.000000015
Macrophage metalloelastase,P39900,MMP12,0.027 (0.005),0.00000016
Cystatin-C*,P01034,CST3,0.009 (0.002),0.000032
Insulin-like growth factor-binding protein 6,P24592,IGFBP6,0.01 (0.002),0.0000012
Receptor tyrosine kinase-like orphan receptor,Q01973,ROR1,0.01 (0.002),0.0000014
Thrombospondin-4,P35443,THBS4,0.008 (0.002),0.000042
Hepatitis A virus cellular receptor 2*,Q8TDQ0,HAVCR2,0.011 (0.003),0.000031
A disintegrin and metalloproteinase with thrombospondin motifs 5,Q9UNA0,ADAMTS5,0.014 (0.003),0.0000017
Tumor necrosis factor receptor superfamily member 27,Q9HAV5,EDA2R,0.013 (0.002),0.00000026
