Protein,Fold change,P value 
"cGMP-specific 3', 5'-cyclic phosphodiesterase",2.51,0.000000
Midkine/NEGF2,5.93,0.000009
Glycogen synthase kinase-3 a/b,1.54,0.000020
Secreted frizzle related protein 1,3.07,0.000030
Mitogen-activated protein kinase 3,1.49,0.000004
Pleiotrophin/NEGF1,10.88,0.004000
Caspase-,1.89,0.000007
Protein Kinase Ca,3.15,0.000090
Complement 4b,0.37,0.003000
Alanine transmaminase,0.7,0.000400
Endocan,1.47,0.000050
Proto-oncogene tyrosine-protein kinase Src,2.52,0.000700
Protein kinase Cb,2.47,0.008000
SHC-transfomring protein 1,1.4,0.000100
Mammaglobin 2,0.83,0.002000
Hepatocyte growth factor,1.76,0.000300
Methionine aminopeptidase 1,1.58,0.000600
Lymphocyte antigen 86,0.89,0.005000
Sphingosine kinase 1,2.05,0.001000
Calcineurin,1.52,0.001000
Pyruvate kinase PKM,1.98,0.005000
Annexin VI,0.53,0.040000
Calpastatin,0.76,0.003000
Platelet factor 4,0.41,0.020000
Tyrosine-protein kinase LYN,1.85,0.000800
Complement 3,0.5,0.002000
14-3-3 protein YWHAQ,1.51,0.001000
Sorting nexin 4,1.56,0.000900
"Tyrosine-protein kinase LYN, isoform B",2.21,0.000400
Carbonic anhydrase XIII,1.62,0.000400
Prolactine,1.45,0.001000
Apolipoprotein B,0.59,0.010000
Tyrosine-protein kinase BTK,1.76,0.020000
Leukotriene A-4 hydrolase,0.39,0.003000
Apolipoprotein A-I,0.83,0.006000
Ribosome maturation protein SBDS,1.37,0.004000
Fibroblast growth factor 18,1.38,0.000500
Disintegrin and metalloproteinase domain-containing protein 9,1.58,0.000100
Complement 3d,0.62,0.007000
Adenosine monophosphate-activated protein kinase,2.57,0.020000
Mitogen-activated protein kinase 14,1.23,0.006000
40S ribosomal protein SA,0.73,0.020000
Epidermal growth factor receptor ,0.86,0.006000
B-adrenergic receptor kinase 1,1.53,0.000700
Neurexophilin-1,0.74,0.010000
Bcl-2-related protein A1,0.91,0.030000
Tyrosine-protein kinase CSK,1.79,0.070000
Cathepsin H,1.27,0.002000
C1-esterase Inhibitor,0.75,0.005000
Protein-tyrosine kinase 6,0.74,0.010000
