Target,Pval,Padj,LogFC
Agrin,0.05,0.05,0
ALCAM,0.05,0.05,0
ASAH2,0.05,0.05,0
"C5b, 6 Complex",0.05,0.05,0
CECR1,0.05,0.05,0
CNDP1,0.05,0.05,0
CO8G,0.05,0.05,0
Collagen Type III,0.05,0.05,0
Ferritin,0.05,0.05,0
FETUB,0.05,0.05,0
Fibrinogen,0.05,0.05,0
HTRA1,0.05,0.05,0
KLOTHO,0.05,0.05,0
MGAT2,0.05,0.05,0
MMP19,0.05,0.05,0
NCOA2,0.05,0.05,0
Nogo Receptor,0.05,0.05,0
OLFL3,0.05,0.05,0
Protein disulfide-isomerase,0.05,0.05,0
PTPRJ,0.05,0.05,0
QORL1,0.05,0.05,0
sCD14,0.05,0.05,0
SCF,0.05,0.05,0
SCUB1,0.05,0.05,0
SERC,0.05,0.05,0
Thyroxine-Binding Globulin,0.05,0.05,0
TR,0.05,0.05,0
Trypsin 2,0.05,0.05,0
VWA1,0.05,0.05,0
